file_path,filename,emotion,emotion_code,actor,gender,intensity,statement,statement_text,repetition,vocal_channel,modality,sample_rate
/Users/devanshbansal/Desktop/ser/dataset/Audio_Speech_Actors_01-24/Actor_01/03-01-01-01-01-01-01.wav,03-01-01-01-01-01-01.wav,calm,01,1,male,normal,1,Kids are talking by the door,1,speech,audio_only,16000
/Users/devanshbansal/Desktop/ser/dataset/Audio_Speech_Actors_01-24/Actor_01/03-01-01-01-01-02-01.wav,03-01-01-01-01-02-01.wav,calm,01,1,male,normal,1,Kids are talking by the door,2,speech,audio_only,16000
/Users/devanshbansal/Desktop/ser/dataset/Audio_Speech_Actors_01-24/Actor_01/03-01-01-01-02-01-01.wav,03-01-01-01-02-01-01.wav,calm,01,1,male,normal,2,Dogs are sitting by the door,1,speech,audio_only,16000
/Users/devanshbansal/Desktop/ser/dataset/Audio_Speech_Actors_01-24/Actor_01/03-01-01-01-02-02-01.wav,03-01-01-01-02-02-01.wav,calm,01,1,male,normal,2,Dogs are sitting by the door,2,speech,audio_only,16000
/Users/devanshbansal/Desktop/ser/dataset/Audio_Speech_Actors_01-24/Actor_01/03-01-02-01-01-01-01.wav,03-01-02-01-01-01-01.wav,calm,02,1,male,normal,1,Kids are talking by the door,1,speech,audio_only,16000
/Users/devanshbansal/Desktop/ser/dataset/Audio_Speech_Actors_01-24/Actor_01/03-01-02-01-01-02-01.wav,03-01-02-01-01-02-01.wav,calm,02,1,male,normal,1,Kids are talking by the door,2,speech,audio_only,16000
/Users/devanshbansal/Desktop/ser/dataset/Audio_Speech_Actors_01-24/Actor_01/03-01-02-01-02-01-01.wav,03-01-02-01-02-01-01.wav,calm,02,1,male,normal,2,Dogs are sitting by the door,1,speech,audio_only,16000
/Users/devanshbansal/Desktop/ser/dataset/Audio_Speech_Actors_01-24/Actor_01/03-01-02-01-02-02-01.wav,03-01-02-01-02-02-01.wav,calm,02,1,male,normal,2,Dogs are sitting by the door,2,speech,audio_only,16000
/Users/devanshbansal/Desktop/ser/dataset/Audio_Speech_Actors_01-24/Actor_01/03-01-02-02-01-01-01.wav,03-01-02-02-01-01-01.wav,calm,02,1,male,strong,1,Kids are talking by the door,1,speech,audio_only,16000
/Users/devanshbansal/Desktop/ser/dataset/Audio_Speech_Actors_01-24/Actor_01/03-01-02-02-01-02-01.wav,03-01-02-02-01-02-01.wav,calm,02,1,male,strong,1,Kids are talking by the door,2,speech,audio_only,16000
/Users/devanshbansal/Desktop/ser/dataset/Audio_Speech_Actors_01-24/Actor_01/03-01-02-02-02-01-01.wav,03-01-02-02-02-01-01.wav,calm,02,1,male,strong,2,Dogs are sitting by the door,1,speech,audio_only,16000
/Users/devanshbansal/Desktop/ser/dataset/Audio_Speech_Actors_01-24/Actor_01/03-01-02-02-02-02-01.wav,03-01-02-02-02-02-01.wav,calm,02,1,male,strong,2,Dogs are sitting by the door,2,speech,audio_only,16000
/Users/devanshbansal/Desktop/ser/dataset/Audio_Speech_Actors_01-24/Actor_01/03-01-03-01-01-01-01.wav,03-01-03-01-01-01-01.wav,happy,03,1,male,normal,1,Kids are talking by the door,1,speech,audio_only,16000
/Users/devanshbansal/Desktop/ser/dataset/Audio_Speech_Actors_01-24/Actor_01/03-01-03-01-01-02-01.wav,03-01-03-01-01-02-01.wav,happy,03,1,male,normal,1,Kids are talking by the door,2,speech,audio_only,16000
/Users/devanshbansal/Desktop/ser/dataset/Audio_Speech_Actors_01-24/Actor_01/03-01-03-01-02-01-01.wav,03-01-03-01-02-01-01.wav,happy,03,1,male,normal,2,Dogs are sitting by the door,1,speech,audio_only,16000
/Users/devanshbansal/Desktop/ser/dataset/Audio_Speech_Actors_01-24/Actor_01/03-01-03-01-02-02-01.wav,03-01-03-01-02-02-01.wav,happy,03,1,male,normal,2,Dogs are sitting by the door,2,speech,audio_only,16000
/Users/devanshbansal/Desktop/ser/dataset/Audio_Speech_Actors_01-24/Actor_01/03-01-03-02-01-01-01.wav,03-01-03-02-01-01-01.wav,happy,03,1,male,strong,1,Kids are talking by the door,1,speech,audio_only,16000
/Users/devanshbansal/Desktop/ser/dataset/Audio_Speech_Actors_01-24/Actor_01/03-01-03-02-01-02-01.wav,03-01-03-02-01-02-01.wav,happy,03,1,male,strong,1,Kids are talking by the door,2,speech,audio_only,16000
/Users/devanshbansal/Desktop/ser/dataset/Audio_Speech_Actors_01-24/Actor_01/03-01-03-02-02-01-01.wav,03-01-03-02-02-01-01.wav,happy,03,1,male,strong,2,Dogs are sitting by the door,1,speech,audio_only,16000
/Users/devanshbansal/Desktop/ser/dataset/Audio_Speech_Actors_01-24/Actor_01/03-01-03-02-02-02-01.wav,03-01-03-02-02-02-01.wav,happy,03,1,male,strong,2,Dogs are sitting by the door,2,speech,audio_only,16000
/Users/devanshbansal/Desktop/ser/dataset/Audio_Speech_Actors_01-24/Actor_01/03-01-04-01-01-01-01.wav,03-01-04-01-01-01-01.wav,sad,04,1,male,normal,1,Kids are talking by the door,1,speech,audio_only,16000
/Users/devanshbansal/Desktop/ser/dataset/Audio_Speech_Actors_01-24/Actor_01/03-01-04-01-01-02-01.wav,03-01-04-01-01-02-01.wav,sad,04,1,male,normal,1,Kids are talking by the door,2,speech,audio_only,16000
/Users/devanshbansal/Desktop/ser/dataset/Audio_Speech_Actors_01-24/Actor_01/03-01-04-01-02-01-01.wav,03-01-04-01-02-01-01.wav,sad,04,1,male,normal,2,Dogs are sitting by the door,1,speech,audio_only,16000
/Users/devanshbansal/Desktop/ser/dataset/Audio_Speech_Actors_01-24/Actor_01/03-01-04-01-02-02-01.wav,03-01-04-01-02-02-01.wav,sad,04,1,male,normal,2,Dogs are sitting by the door,2,speech,audio_only,16000
/Users/devanshbansal/Desktop/ser/dataset/Audio_Speech_Actors_01-24/Actor_01/03-01-04-02-01-01-01.wav,03-01-04-02-01-01-01.wav,sad,04,1,male,strong,1,Kids are talking by the door,1,speech,audio_only,16000
/Users/devanshbansal/Desktop/ser/dataset/Audio_Speech_Actors_01-24/Actor_01/03-01-04-02-01-02-01.wav,03-01-04-02-01-02-01.wav,sad,04,1,male,strong,1,Kids are talking by the door,2,speech,audio_only,16000
/Users/devanshbansal/Desktop/ser/dataset/Audio_Speech_Actors_01-24/Actor_01/03-01-04-02-02-01-01.wav,03-01-04-02-02-01-01.wav,sad,04,1,male,strong,2,Dogs are sitting by the door,1,speech,audio_only,16000
/Users/devanshbansal/Desktop/ser/dataset/Audio_Speech_Actors_01-24/Actor_01/03-01-04-02-02-02-01.wav,03-01-04-02-02-02-01.wav,sad,04,1,male,strong,2,Dogs are sitting by the door,2,speech,audio_only,16000
/Users/devanshbansal/Desktop/ser/dataset/Audio_Speech_Actors_01-24/Actor_01/03-01-05-01-01-01-01.wav,03-01-05-01-01-01-01.wav,angry,05,1,male,normal,1,Kids are talking by the door,1,speech,audio_only,16000
/Users/devanshbansal/Desktop/ser/dataset/Audio_Speech_Actors_01-24/Actor_01/03-01-05-01-01-02-01.wav,03-01-05-01-01-02-01.wav,angry,05,1,male,normal,1,Kids are talking by the door,2,speech,audio_only,16000
/Users/devanshbansal/Desktop/ser/dataset/Audio_Speech_Actors_01-24/Actor_01/03-01-05-01-02-01-01.wav,03-01-05-01-02-01-01.wav,angry,05,1,male,normal,2,Dogs are sitting by the door,1,speech,audio_only,16000
/Users/devanshbansal/Desktop/ser/dataset/Audio_Speech_Actors_01-24/Actor_01/03-01-05-01-02-02-01.wav,03-01-05-01-02-02-01.wav,angry,05,1,male,normal,2,Dogs are sitting by the door,2,speech,audio_only,16000
/Users/devanshbansal/Desktop/ser/dataset/Audio_Speech_Actors_01-24/Actor_01/03-01-05-02-01-01-01.wav,03-01-05-02-01-01-01.wav,angry,05,1,male,strong,1,Kids are talking by the door,1,speech,audio_only,16000
/Users/devanshbansal/Desktop/ser/dataset/Audio_Speech_Actors_01-24/Actor_01/03-01-05-02-01-02-01.wav,03-01-05-02-01-02-01.wav,angry,05,1,male,strong,1,Kids are talking by the door,2,speech,audio_only,16000
/Users/devanshbansal/Desktop/ser/dataset/Audio_Speech_Actors_01-24/Actor_01/03-01-05-02-02-01-01.wav,03-01-05-02-02-01-01.wav,angry,05,1,male,strong,2,Dogs are sitting by the door,1,speech,audio_only,16000
/Users/devanshbansal/Desktop/ser/dataset/Audio_Speech_Actors_01-24/Actor_01/03-01-05-02-02-02-01.wav,03-01-05-02-02-02-01.wav,angry,05,1,male,strong,2,Dogs are sitting by the door,2,speech,audio_only,16000
/Users/devanshbansal/Desktop/ser/dataset/Audio_Speech_Actors_01-24/Actor_01/03-01-06-01-01-01-01.wav,03-01-06-01-01-01-01.wav,fearful,06,1,male,normal,1,Kids are talking by the door,1,speech,audio_only,16000
/Users/devanshbansal/Desktop/ser/dataset/Audio_Speech_Actors_01-24/Actor_01/03-01-06-01-01-02-01.wav,03-01-06-01-01-02-01.wav,fearful,06,1,male,normal,1,Kids are talking by the door,2,speech,audio_only,16000
/Users/devanshbansal/Desktop/ser/dataset/Audio_Speech_Actors_01-24/Actor_01/03-01-06-01-02-01-01.wav,03-01-06-01-02-01-01.wav,fearful,06,1,male,normal,2,Dogs are sitting by the door,1,speech,audio_only,16000
/Users/devanshbansal/Desktop/ser/dataset/Audio_Speech_Actors_01-24/Actor_01/03-01-06-01-02-02-01.wav,03-01-06-01-02-02-01.wav,fearful,06,1,male,normal,2,Dogs are sitting by the door,2,speech,audio_only,16000
/Users/devanshbansal/Desktop/ser/dataset/Audio_Speech_Actors_01-24/Actor_01/03-01-06-02-01-01-01.wav,03-01-06-02-01-01-01.wav,fearful,06,1,male,strong,1,Kids are talking by the door,1,speech,audio_only,16000
/Users/devanshbansal/Desktop/ser/dataset/Audio_Speech_Actors_01-24/Actor_01/03-01-06-02-01-02-01.wav,03-01-06-02-01-02-01.wav,fearful,06,1,male,strong,1,Kids are talking by the door,2,speech,audio_only,16000
/Users/devanshbansal/Desktop/ser/dataset/Audio_Speech_Actors_01-24/Actor_01/03-01-06-02-02-01-01.wav,03-01-06-02-02-01-01.wav,fearful,06,1,male,strong,2,Dogs are sitting by the door,1,speech,audio_only,16000
/Users/devanshbansal/Desktop/ser/dataset/Audio_Speech_Actors_01-24/Actor_01/03-01-06-02-02-02-01.wav,03-01-06-02-02-02-01.wav,fearful,06,1,male,strong,2,Dogs are sitting by the door,2,speech,audio_only,16000
/Users/devanshbansal/Desktop/ser/dataset/Audio_Speech_Actors_01-24/Actor_01/03-01-07-01-01-01-01.wav,03-01-07-01-01-01-01.wav,disgust,07,1,male,normal,1,Kids are talking by the door,1,speech,audio_only,16000
/Users/devanshbansal/Desktop/ser/dataset/Audio_Speech_Actors_01-24/Actor_01/03-01-07-01-01-02-01.wav,03-01-07-01-01-02-01.wav,disgust,07,1,male,normal,1,Kids are talking by the door,2,speech,audio_only,16000
/Users/devanshbansal/Desktop/ser/dataset/Audio_Speech_Actors_01-24/Actor_01/03-01-07-01-02-01-01.wav,03-01-07-01-02-01-01.wav,disgust,07,1,male,normal,2,Dogs are sitting by the door,1,speech,audio_only,16000
/Users/devanshbansal/Desktop/ser/dataset/Audio_Speech_Actors_01-24/Actor_01/03-01-07-01-02-02-01.wav,03-01-07-01-02-02-01.wav,disgust,07,1,male,normal,2,Dogs are sitting by the door,2,speech,audio_only,16000
/Users/devanshbansal/Desktop/ser/dataset/Audio_Speech_Actors_01-24/Actor_01/03-01-07-02-01-01-01.wav,03-01-07-02-01-01-01.wav,disgust,07,1,male,strong,1,Kids are talking by the door,1,speech,audio_only,16000
/Users/devanshbansal/Desktop/ser/dataset/Audio_Speech_Actors_01-24/Actor_01/03-01-07-02-01-02-01.wav,03-01-07-02-01-02-01.wav,disgust,07,1,male,strong,1,Kids are talking by the door,2,speech,audio_only,16000
/Users/devanshbansal/Desktop/ser/dataset/Audio_Speech_Actors_01-24/Actor_01/03-01-07-02-02-01-01.wav,03-01-07-02-02-01-01.wav,disgust,07,1,male,strong,2,Dogs are sitting by the door,1,speech,audio_only,16000
/Users/devanshbansal/Desktop/ser/dataset/Audio_Speech_Actors_01-24/Actor_01/03-01-07-02-02-02-01.wav,03-01-07-02-02-02-01.wav,disgust,07,1,male,strong,2,Dogs are sitting by the door,2,speech,audio_only,16000
/Users/devanshbansal/Desktop/ser/dataset/Audio_Speech_Actors_01-24/Actor_01/03-01-08-01-01-01-01.wav,03-01-08-01-01-01-01.wav,surprised,08,1,male,normal,1,Kids are talking by the door,1,speech,audio_only,16000
/Users/devanshbansal/Desktop/ser/dataset/Audio_Speech_Actors_01-24/Actor_01/03-01-08-01-01-02-01.wav,03-01-08-01-01-02-01.wav,surprised,08,1,male,normal,1,Kids are talking by the door,2,speech,audio_only,16000
/Users/devanshbansal/Desktop/ser/dataset/Audio_Speech_Actors_01-24/Actor_01/03-01-08-01-02-01-01.wav,03-01-08-01-02-01-01.wav,surprised,08,1,male,normal,2,Dogs are sitting by the door,1,speech,audio_only,16000
/Users/devanshbansal/Desktop/ser/dataset/Audio_Speech_Actors_01-24/Actor_01/03-01-08-01-02-02-01.wav,03-01-08-01-02-02-01.wav,surprised,08,1,male,normal,2,Dogs are sitting by the door,2,speech,audio_only,16000
/Users/devanshbansal/Desktop/ser/dataset/Audio_Speech_Actors_01-24/Actor_01/03-01-08-02-01-01-01.wav,03-01-08-02-01-01-01.wav,surprised,08,1,male,strong,1,Kids are talking by the door,1,speech,audio_only,16000
/Users/devanshbansal/Desktop/ser/dataset/Audio_Speech_Actors_01-24/Actor_01/03-01-08-02-01-02-01.wav,03-01-08-02-01-02-01.wav,surprised,08,1,male,strong,1,Kids are talking by the door,2,speech,audio_only,16000
/Users/devanshbansal/Desktop/ser/dataset/Audio_Speech_Actors_01-24/Actor_01/03-01-08-02-02-01-01.wav,03-01-08-02-02-01-01.wav,surprised,08,1,male,strong,2,Dogs are sitting by the door,1,speech,audio_only,16000
/Users/devanshbansal/Desktop/ser/dataset/Audio_Speech_Actors_01-24/Actor_01/03-01-08-02-02-02-01.wav,03-01-08-02-02-02-01.wav,surprised,08,1,male,strong,2,Dogs are sitting by the door,2,speech,audio_only,16000
/Users/devanshbansal/Desktop/ser/dataset/Audio_Speech_Actors_01-24/Actor_02/03-01-01-01-01-01-02.wav,03-01-01-01-01-01-02.wav,calm,01,2,female,normal,1,Kids are talking by the door,1,speech,audio_only,16000
/Users/devanshbansal/Desktop/ser/dataset/Audio_Speech_Actors_01-24/Actor_02/03-01-01-01-01-02-02.wav,03-01-01-01-01-02-02.wav,calm,01,2,female,normal,1,Kids are talking by the door,2,speech,audio_only,16000
/Users/devanshbansal/Desktop/ser/dataset/Audio_Speech_Actors_01-24/Actor_02/03-01-01-01-02-01-02.wav,03-01-01-01-02-01-02.wav,calm,01,2,female,normal,2,Dogs are sitting by the door,1,speech,audio_only,16000
/Users/devanshbansal/Desktop/ser/dataset/Audio_Speech_Actors_01-24/Actor_02/03-01-01-01-02-02-02.wav,03-01-01-01-02-02-02.wav,calm,01,2,female,normal,2,Dogs are sitting by the door,2,speech,audio_only,16000
/Users/devanshbansal/Desktop/ser/dataset/Audio_Speech_Actors_01-24/Actor_02/03-01-02-01-01-01-02.wav,03-01-02-01-01-01-02.wav,calm,02,2,female,normal,1,Kids are talking by the door,1,speech,audio_only,16000
/Users/devanshbansal/Desktop/ser/dataset/Audio_Speech_Actors_01-24/Actor_02/03-01-02-01-01-02-02.wav,03-01-02-01-01-02-02.wav,calm,02,2,female,normal,1,Kids are talking by the door,2,speech,audio_only,16000
/Users/devanshbansal/Desktop/ser/dataset/Audio_Speech_Actors_01-24/Actor_02/03-01-02-01-02-01-02.wav,03-01-02-01-02-01-02.wav,calm,02,2,female,normal,2,Dogs are sitting by the door,1,speech,audio_only,16000
/Users/devanshbansal/Desktop/ser/dataset/Audio_Speech_Actors_01-24/Actor_02/03-01-02-01-02-02-02.wav,03-01-02-01-02-02-02.wav,calm,02,2,female,normal,2,Dogs are sitting by the door,2,speech,audio_only,16000
/Users/devanshbansal/Desktop/ser/dataset/Audio_Speech_Actors_01-24/Actor_02/03-01-02-02-01-01-02.wav,03-01-02-02-01-01-02.wav,calm,02,2,female,strong,1,Kids are talking by the door,1,speech,audio_only,16000
/Users/devanshbansal/Desktop/ser/dataset/Audio_Speech_Actors_01-24/Actor_02/03-01-02-02-01-02-02.wav,03-01-02-02-01-02-02.wav,calm,02,2,female,strong,1,Kids are talking by the door,2,speech,audio_only,16000
/Users/devanshbansal/Desktop/ser/dataset/Audio_Speech_Actors_01-24/Actor_02/03-01-02-02-02-01-02.wav,03-01-02-02-02-01-02.wav,calm,02,2,female,strong,2,Dogs are sitting by the door,1,speech,audio_only,16000
/Users/devanshbansal/Desktop/ser/dataset/Audio_Speech_Actors_01-24/Actor_02/03-01-02-02-02-02-02.wav,03-01-02-02-02-02-02.wav,calm,02,2,female,strong,2,Dogs are sitting by the door,2,speech,audio_only,16000
/Users/devanshbansal/Desktop/ser/dataset/Audio_Speech_Actors_01-24/Actor_02/03-01-03-01-01-01-02.wav,03-01-03-01-01-01-02.wav,happy,03,2,female,normal,1,Kids are talking by the door,1,speech,audio_only,16000
/Users/devanshbansal/Desktop/ser/dataset/Audio_Speech_Actors_01-24/Actor_02/03-01-03-01-01-02-02.wav,03-01-03-01-01-02-02.wav,happy,03,2,female,normal,1,Kids are talking by the door,2,speech,audio_only,16000
/Users/devanshbansal/Desktop/ser/dataset/Audio_Speech_Actors_01-24/Actor_02/03-01-03-01-02-01-02.wav,03-01-03-01-02-01-02.wav,happy,03,2,female,normal,2,Dogs are sitting by the door,1,speech,audio_only,16000
/Users/devanshbansal/Desktop/ser/dataset/Audio_Speech_Actors_01-24/Actor_02/03-01-03-01-02-02-02.wav,03-01-03-01-02-02-02.wav,happy,03,2,female,normal,2,Dogs are sitting by the door,2,speech,audio_only,16000
/Users/devanshbansal/Desktop/ser/dataset/Audio_Speech_Actors_01-24/Actor_02/03-01-03-02-01-01-02.wav,03-01-03-02-01-01-02.wav,happy,03,2,female,strong,1,Kids are talking by the door,1,speech,audio_only,16000
/Users/devanshbansal/Desktop/ser/dataset/Audio_Speech_Actors_01-24/Actor_02/03-01-03-02-01-02-02.wav,03-01-03-02-01-02-02.wav,happy,03,2,female,strong,1,Kids are talking by the door,2,speech,audio_only,16000
/Users/devanshbansal/Desktop/ser/dataset/Audio_Speech_Actors_01-24/Actor_02/03-01-03-02-02-01-02.wav,03-01-03-02-02-01-02.wav,happy,03,2,female,strong,2,Dogs are sitting by the door,1,speech,audio_only,16000
/Users/devanshbansal/Desktop/ser/dataset/Audio_Speech_Actors_01-24/Actor_02/03-01-03-02-02-02-02.wav,03-01-03-02-02-02-02.wav,happy,03,2,female,strong,2,Dogs are sitting by the door,2,speech,audio_only,16000
/Users/devanshbansal/Desktop/ser/dataset/Audio_Speech_Actors_01-24/Actor_02/03-01-04-01-01-01-02.wav,03-01-04-01-01-01-02.wav,sad,04,2,female,normal,1,Kids are talking by the door,1,speech,audio_only,16000
/Users/devanshbansal/Desktop/ser/dataset/Audio_Speech_Actors_01-24/Actor_02/03-01-04-01-01-02-02.wav,03-01-04-01-01-02-02.wav,sad,04,2,female,normal,1,Kids are talking by the door,2,speech,audio_only,16000
/Users/devanshbansal/Desktop/ser/dataset/Audio_Speech_Actors_01-24/Actor_02/03-01-04-01-02-01-02.wav,03-01-04-01-02-01-02.wav,sad,04,2,female,normal,2,Dogs are sitting by the door,1,speech,audio_only,16000
/Users/devanshbansal/Desktop/ser/dataset/Audio_Speech_Actors_01-24/Actor_02/03-01-04-01-02-02-02.wav,03-01-04-01-02-02-02.wav,sad,04,2,female,normal,2,Dogs are sitting by the door,2,speech,audio_only,16000
/Users/devanshbansal/Desktop/ser/dataset/Audio_Speech_Actors_01-24/Actor_02/03-01-04-02-01-01-02.wav,03-01-04-02-01-01-02.wav,sad,04,2,female,strong,1,Kids are talking by the door,1,speech,audio_only,16000
/Users/devanshbansal/Desktop/ser/dataset/Audio_Speech_Actors_01-24/Actor_02/03-01-04-02-01-02-02.wav,03-01-04-02-01-02-02.wav,sad,04,2,female,strong,1,Kids are talking by the door,2,speech,audio_only,16000
/Users/devanshbansal/Desktop/ser/dataset/Audio_Speech_Actors_01-24/Actor_02/03-01-04-02-02-01-02.wav,03-01-04-02-02-01-02.wav,sad,04,2,female,strong,2,Dogs are sitting by the door,1,speech,audio_only,16000
/Users/devanshbansal/Desktop/ser/dataset/Audio_Speech_Actors_01-24/Actor_02/03-01-04-02-02-02-02.wav,03-01-04-02-02-02-02.wav,sad,04,2,female,strong,2,Dogs are sitting by the door,2,speech,audio_only,16000
/Users/devanshbansal/Desktop/ser/dataset/Audio_Speech_Actors_01-24/Actor_02/03-01-05-01-01-01-02.wav,03-01-05-01-01-01-02.wav,angry,05,2,female,normal,1,Kids are talking by the door,1,speech,audio_only,16000
/Users/devanshbansal/Desktop/ser/dataset/Audio_Speech_Actors_01-24/Actor_02/03-01-05-01-01-02-02.wav,03-01-05-01-01-02-02.wav,angry,05,2,female,normal,1,Kids are talking by the door,2,speech,audio_only,16000
/Users/devanshbansal/Desktop/ser/dataset/Audio_Speech_Actors_01-24/Actor_02/03-01-05-01-02-01-02.wav,03-01-05-01-02-01-02.wav,angry,05,2,female,normal,2,Dogs are sitting by the door,1,speech,audio_only,16000
/Users/devanshbansal/Desktop/ser/dataset/Audio_Speech_Actors_01-24/Actor_02/03-01-05-01-02-02-02.wav,03-01-05-01-02-02-02.wav,angry,05,2,female,normal,2,Dogs are sitting by the door,2,speech,audio_only,16000
/Users/devanshbansal/Desktop/ser/dataset/Audio_Speech_Actors_01-24/Actor_02/03-01-05-02-01-01-02.wav,03-01-05-02-01-01-02.wav,angry,05,2,female,strong,1,Kids are talking by the door,1,speech,audio_only,16000
/Users/devanshbansal/Desktop/ser/dataset/Audio_Speech_Actors_01-24/Actor_02/03-01-05-02-01-02-02.wav,03-01-05-02-01-02-02.wav,angry,05,2,female,strong,1,Kids are talking by the door,2,speech,audio_only,16000
/Users/devanshbansal/Desktop/ser/dataset/Audio_Speech_Actors_01-24/Actor_02/03-01-05-02-02-01-02.wav,03-01-05-02-02-01-02.wav,angry,05,2,female,strong,2,Dogs are sitting by the door,1,speech,audio_only,16000
/Users/devanshbansal/Desktop/ser/dataset/Audio_Speech_Actors_01-24/Actor_02/03-01-05-02-02-02-02.wav,03-01-05-02-02-02-02.wav,angry,05,2,female,strong,2,Dogs are sitting by the door,2,speech,audio_only,16000
/Users/devanshbansal/Desktop/ser/dataset/Audio_Speech_Actors_01-24/Actor_02/03-01-06-01-01-01-02.wav,03-01-06-01-01-01-02.wav,fearful,06,2,female,normal,1,Kids are talking by the door,1,speech,audio_only,16000
/Users/devanshbansal/Desktop/ser/dataset/Audio_Speech_Actors_01-24/Actor_02/03-01-06-01-01-02-02.wav,03-01-06-01-01-02-02.wav,fearful,06,2,female,normal,1,Kids are talking by the door,2,speech,audio_only,16000
/Users/devanshbansal/Desktop/ser/dataset/Audio_Speech_Actors_01-24/Actor_02/03-01-06-01-02-01-02.wav,03-01-06-01-02-01-02.wav,fearful,06,2,female,normal,2,Dogs are sitting by the door,1,speech,audio_only,16000
/Users/devanshbansal/Desktop/ser/dataset/Audio_Speech_Actors_01-24/Actor_02/03-01-06-01-02-02-02.wav,03-01-06-01-02-02-02.wav,fearful,06,2,female,normal,2,Dogs are sitting by the door,2,speech,audio_only,16000
/Users/devanshbansal/Desktop/ser/dataset/Audio_Speech_Actors_01-24/Actor_02/03-01-06-02-01-01-02.wav,03-01-06-02-01-01-02.wav,fearful,06,2,female,strong,1,Kids are talking by the door,1,speech,audio_only,16000
/Users/devanshbansal/Desktop/ser/dataset/Audio_Speech_Actors_01-24/Actor_02/03-01-06-02-01-02-02.wav,03-01-06-02-01-02-02.wav,fearful,06,2,female,strong,1,Kids are talking by the door,2,speech,audio_only,16000
/Users/devanshbansal/Desktop/ser/dataset/Audio_Speech_Actors_01-24/Actor_02/03-01-06-02-02-01-02.wav,03-01-06-02-02-01-02.wav,fearful,06,2,female,strong,2,Dogs are sitting by the door,1,speech,audio_only,16000
/Users/devanshbansal/Desktop/ser/dataset/Audio_Speech_Actors_01-24/Actor_02/03-01-06-02-02-02-02.wav,03-01-06-02-02-02-02.wav,fearful,06,2,female,strong,2,Dogs are sitting by the door,2,speech,audio_only,16000
/Users/devanshbansal/Desktop/ser/dataset/Audio_Speech_Actors_01-24/Actor_02/03-01-07-01-01-01-02.wav,03-01-07-01-01-01-02.wav,disgust,07,2,female,normal,1,Kids are talking by the door,1,speech,audio_only,16000
/Users/devanshbansal/Desktop/ser/dataset/Audio_Speech_Actors_01-24/Actor_02/03-01-07-01-01-02-02.wav,03-01-07-01-01-02-02.wav,disgust,07,2,female,normal,1,Kids are talking by the door,2,speech,audio_only,16000
/Users/devanshbansal/Desktop/ser/dataset/Audio_Speech_Actors_01-24/Actor_02/03-01-07-01-02-01-02.wav,03-01-07-01-02-01-02.wav,disgust,07,2,female,normal,2,Dogs are sitting by the door,1,speech,audio_only,16000
/Users/devanshbansal/Desktop/ser/dataset/Audio_Speech_Actors_01-24/Actor_02/03-01-07-01-02-02-02.wav,03-01-07-01-02-02-02.wav,disgust,07,2,female,normal,2,Dogs are sitting by the door,2,speech,audio_only,16000
/Users/devanshbansal/Desktop/ser/dataset/Audio_Speech_Actors_01-24/Actor_02/03-01-07-02-01-01-02.wav,03-01-07-02-01-01-02.wav,disgust,07,2,female,strong,1,Kids are talking by the door,1,speech,audio_only,16000
/Users/devanshbansal/Desktop/ser/dataset/Audio_Speech_Actors_01-24/Actor_02/03-01-07-02-01-02-02.wav,03-01-07-02-01-02-02.wav,disgust,07,2,female,strong,1,Kids are talking by the door,2,speech,audio_only,16000
/Users/devanshbansal/Desktop/ser/dataset/Audio_Speech_Actors_01-24/Actor_02/03-01-07-02-02-01-02.wav,03-01-07-02-02-01-02.wav,disgust,07,2,female,strong,2,Dogs are sitting by the door,1,speech,audio_only,16000
/Users/devanshbansal/Desktop/ser/dataset/Audio_Speech_Actors_01-24/Actor_02/03-01-07-02-02-02-02.wav,03-01-07-02-02-02-02.wav,disgust,07,2,female,strong,2,Dogs are sitting by the door,2,speech,audio_only,16000
/Users/devanshbansal/Desktop/ser/dataset/Audio_Speech_Actors_01-24/Actor_02/03-01-08-01-01-01-02.wav,03-01-08-01-01-01-02.wav,surprised,08,2,female,normal,1,Kids are talking by the door,1,speech,audio_only,16000
/Users/devanshbansal/Desktop/ser/dataset/Audio_Speech_Actors_01-24/Actor_02/03-01-08-01-01-02-02.wav,03-01-08-01-01-02-02.wav,surprised,08,2,female,normal,1,Kids are talking by the door,2,speech,audio_only,16000
/Users/devanshbansal/Desktop/ser/dataset/Audio_Speech_Actors_01-24/Actor_02/03-01-08-01-02-01-02.wav,03-01-08-01-02-01-02.wav,surprised,08,2,female,normal,2,Dogs are sitting by the door,1,speech,audio_only,16000
/Users/devanshbansal/Desktop/ser/dataset/Audio_Speech_Actors_01-24/Actor_02/03-01-08-01-02-02-02.wav,03-01-08-01-02-02-02.wav,surprised,08,2,female,normal,2,Dogs are sitting by the door,2,speech,audio_only,16000
/Users/devanshbansal/Desktop/ser/dataset/Audio_Speech_Actors_01-24/Actor_02/03-01-08-02-01-01-02.wav,03-01-08-02-01-01-02.wav,surprised,08,2,female,strong,1,Kids are talking by the door,1,speech,audio_only,16000
/Users/devanshbansal/Desktop/ser/dataset/Audio_Speech_Actors_01-24/Actor_02/03-01-08-02-01-02-02.wav,03-01-08-02-01-02-02.wav,surprised,08,2,female,strong,1,Kids are talking by the door,2,speech,audio_only,16000
/Users/devanshbansal/Desktop/ser/dataset/Audio_Speech_Actors_01-24/Actor_02/03-01-08-02-02-01-02.wav,03-01-08-02-02-01-02.wav,surprised,08,2,female,strong,2,Dogs are sitting by the door,1,speech,audio_only,16000
/Users/devanshbansal/Desktop/ser/dataset/Audio_Speech_Actors_01-24/Actor_02/03-01-08-02-02-02-02.wav,03-01-08-02-02-02-02.wav,surprised,08,2,female,strong,2,Dogs are sitting by the door,2,speech,audio_only,16000
/Users/devanshbansal/Desktop/ser/dataset/Audio_Speech_Actors_01-24/Actor_03/03-01-01-01-01-01-03.wav,03-01-01-01-01-01-03.wav,calm,01,3,male,normal,1,Kids are talking by the door,1,speech,audio_only,16000
/Users/devanshbansal/Desktop/ser/dataset/Audio_Speech_Actors_01-24/Actor_03/03-01-01-01-01-02-03.wav,03-01-01-01-01-02-03.wav,calm,01,3,male,normal,1,Kids are talking by the door,2,speech,audio_only,16000
/Users/devanshbansal/Desktop/ser/dataset/Audio_Speech_Actors_01-24/Actor_03/03-01-01-01-02-01-03.wav,03-01-01-01-02-01-03.wav,calm,01,3,male,normal,2,Dogs are sitting by the door,1,speech,audio_only,16000
/Users/devanshbansal/Desktop/ser/dataset/Audio_Speech_Actors_01-24/Actor_03/03-01-01-01-02-02-03.wav,03-01-01-01-02-02-03.wav,calm,01,3,male,normal,2,Dogs are sitting by the door,2,speech,audio_only,16000
/Users/devanshbansal/Desktop/ser/dataset/Audio_Speech_Actors_01-24/Actor_03/03-01-02-01-01-01-03.wav,03-01-02-01-01-01-03.wav,calm,02,3,male,normal,1,Kids are talking by the door,1,speech,audio_only,16000
/Users/devanshbansal/Desktop/ser/dataset/Audio_Speech_Actors_01-24/Actor_03/03-01-02-01-01-02-03.wav,03-01-02-01-01-02-03.wav,calm,02,3,male,normal,1,Kids are talking by the door,2,speech,audio_only,16000
/Users/devanshbansal/Desktop/ser/dataset/Audio_Speech_Actors_01-24/Actor_03/03-01-02-01-02-01-03.wav,03-01-02-01-02-01-03.wav,calm,02,3,male,normal,2,Dogs are sitting by the door,1,speech,audio_only,16000
/Users/devanshbansal/Desktop/ser/dataset/Audio_Speech_Actors_01-24/Actor_03/03-01-02-01-02-02-03.wav,03-01-02-01-02-02-03.wav,calm,02,3,male,normal,2,Dogs are sitting by the door,2,speech,audio_only,16000
/Users/devanshbansal/Desktop/ser/dataset/Audio_Speech_Actors_01-24/Actor_03/03-01-02-02-01-01-03.wav,03-01-02-02-01-01-03.wav,calm,02,3,male,strong,1,Kids are talking by the door,1,speech,audio_only,16000
/Users/devanshbansal/Desktop/ser/dataset/Audio_Speech_Actors_01-24/Actor_03/03-01-02-02-01-02-03.wav,03-01-02-02-01-02-03.wav,calm,02,3,male,strong,1,Kids are talking by the door,2,speech,audio_only,16000
/Users/devanshbansal/Desktop/ser/dataset/Audio_Speech_Actors_01-24/Actor_03/03-01-02-02-02-01-03.wav,03-01-02-02-02-01-03.wav,calm,02,3,male,strong,2,Dogs are sitting by the door,1,speech,audio_only,16000
/Users/devanshbansal/Desktop/ser/dataset/Audio_Speech_Actors_01-24/Actor_03/03-01-02-02-02-02-03.wav,03-01-02-02-02-02-03.wav,calm,02,3,male,strong,2,Dogs are sitting by the door,2,speech,audio_only,16000
/Users/devanshbansal/Desktop/ser/dataset/Audio_Speech_Actors_01-24/Actor_03/03-01-03-01-01-01-03.wav,03-01-03-01-01-01-03.wav,happy,03,3,male,normal,1,Kids are talking by the door,1,speech,audio_only,16000
/Users/devanshbansal/Desktop/ser/dataset/Audio_Speech_Actors_01-24/Actor_03/03-01-03-01-01-02-03.wav,03-01-03-01-01-02-03.wav,happy,03,3,male,normal,1,Kids are talking by the door,2,speech,audio_only,16000
/Users/devanshbansal/Desktop/ser/dataset/Audio_Speech_Actors_01-24/Actor_03/03-01-03-01-02-01-03.wav,03-01-03-01-02-01-03.wav,happy,03,3,male,normal,2,Dogs are sitting by the door,1,speech,audio_only,16000
/Users/devanshbansal/Desktop/ser/dataset/Audio_Speech_Actors_01-24/Actor_03/03-01-03-01-02-02-03.wav,03-01-03-01-02-02-03.wav,happy,03,3,male,normal,2,Dogs are sitting by the door,2,speech,audio_only,16000
/Users/devanshbansal/Desktop/ser/dataset/Audio_Speech_Actors_01-24/Actor_03/03-01-03-02-01-01-03.wav,03-01-03-02-01-01-03.wav,happy,03,3,male,strong,1,Kids are talking by the door,1,speech,audio_only,16000
/Users/devanshbansal/Desktop/ser/dataset/Audio_Speech_Actors_01-24/Actor_03/03-01-03-02-01-02-03.wav,03-01-03-02-01-02-03.wav,happy,03,3,male,strong,1,Kids are talking by the door,2,speech,audio_only,16000
/Users/devanshbansal/Desktop/ser/dataset/Audio_Speech_Actors_01-24/Actor_03/03-01-03-02-02-01-03.wav,03-01-03-02-02-01-03.wav,happy,03,3,male,strong,2,Dogs are sitting by the door,1,speech,audio_only,16000
/Users/devanshbansal/Desktop/ser/dataset/Audio_Speech_Actors_01-24/Actor_03/03-01-03-02-02-02-03.wav,03-01-03-02-02-02-03.wav,happy,03,3,male,strong,2,Dogs are sitting by the door,2,speech,audio_only,16000
/Users/devanshbansal/Desktop/ser/dataset/Audio_Speech_Actors_01-24/Actor_03/03-01-04-01-01-01-03.wav,03-01-04-01-01-01-03.wav,sad,04,3,male,normal,1,Kids are talking by the door,1,speech,audio_only,16000
/Users/devanshbansal/Desktop/ser/dataset/Audio_Speech_Actors_01-24/Actor_03/03-01-04-01-01-02-03.wav,03-01-04-01-01-02-03.wav,sad,04,3,male,normal,1,Kids are talking by the door,2,speech,audio_only,16000
/Users/devanshbansal/Desktop/ser/dataset/Audio_Speech_Actors_01-24/Actor_03/03-01-04-01-02-01-03.wav,03-01-04-01-02-01-03.wav,sad,04,3,male,normal,2,Dogs are sitting by the door,1,speech,audio_only,16000
/Users/devanshbansal/Desktop/ser/dataset/Audio_Speech_Actors_01-24/Actor_03/03-01-04-01-02-02-03.wav,03-01-04-01-02-02-03.wav,sad,04,3,male,normal,2,Dogs are sitting by the door,2,speech,audio_only,16000
/Users/devanshbansal/Desktop/ser/dataset/Audio_Speech_Actors_01-24/Actor_03/03-01-04-02-01-01-03.wav,03-01-04-02-01-01-03.wav,sad,04,3,male,strong,1,Kids are talking by the door,1,speech,audio_only,16000
/Users/devanshbansal/Desktop/ser/dataset/Audio_Speech_Actors_01-24/Actor_03/03-01-04-02-01-02-03.wav,03-01-04-02-01-02-03.wav,sad,04,3,male,strong,1,Kids are talking by the door,2,speech,audio_only,16000
/Users/devanshbansal/Desktop/ser/dataset/Audio_Speech_Actors_01-24/Actor_03/03-01-04-02-02-01-03.wav,03-01-04-02-02-01-03.wav,sad,04,3,male,strong,2,Dogs are sitting by the door,1,speech,audio_only,16000
/Users/devanshbansal/Desktop/ser/dataset/Audio_Speech_Actors_01-24/Actor_03/03-01-04-02-02-02-03.wav,03-01-04-02-02-02-03.wav,sad,04,3,male,strong,2,Dogs are sitting by the door,2,speech,audio_only,16000
/Users/devanshbansal/Desktop/ser/dataset/Audio_Speech_Actors_01-24/Actor_03/03-01-05-01-01-01-03.wav,03-01-05-01-01-01-03.wav,angry,05,3,male,normal,1,Kids are talking by the door,1,speech,audio_only,16000
/Users/devanshbansal/Desktop/ser/dataset/Audio_Speech_Actors_01-24/Actor_03/03-01-05-01-01-02-03.wav,03-01-05-01-01-02-03.wav,angry,05,3,male,normal,1,Kids are talking by the door,2,speech,audio_only,16000
/Users/devanshbansal/Desktop/ser/dataset/Audio_Speech_Actors_01-24/Actor_03/03-01-05-01-02-01-03.wav,03-01-05-01-02-01-03.wav,angry,05,3,male,normal,2,Dogs are sitting by the door,1,speech,audio_only,16000
/Users/devanshbansal/Desktop/ser/dataset/Audio_Speech_Actors_01-24/Actor_03/03-01-05-01-02-02-03.wav,03-01-05-01-02-02-03.wav,angry,05,3,male,normal,2,Dogs are sitting by the door,2,speech,audio_only,16000
/Users/devanshbansal/Desktop/ser/dataset/Audio_Speech_Actors_01-24/Actor_03/03-01-05-02-01-01-03.wav,03-01-05-02-01-01-03.wav,angry,05,3,male,strong,1,Kids are talking by the door,1,speech,audio_only,16000
/Users/devanshbansal/Desktop/ser/dataset/Audio_Speech_Actors_01-24/Actor_03/03-01-05-02-01-02-03.wav,03-01-05-02-01-02-03.wav,angry,05,3,male,strong,1,Kids are talking by the door,2,speech,audio_only,16000
/Users/devanshbansal/Desktop/ser/dataset/Audio_Speech_Actors_01-24/Actor_03/03-01-05-02-02-01-03.wav,03-01-05-02-02-01-03.wav,angry,05,3,male,strong,2,Dogs are sitting by the door,1,speech,audio_only,16000
/Users/devanshbansal/Desktop/ser/dataset/Audio_Speech_Actors_01-24/Actor_03/03-01-05-02-02-02-03.wav,03-01-05-02-02-02-03.wav,angry,05,3,male,strong,2,Dogs are sitting by the door,2,speech,audio_only,16000
/Users/devanshbansal/Desktop/ser/dataset/Audio_Speech_Actors_01-24/Actor_03/03-01-06-01-01-01-03.wav,03-01-06-01-01-01-03.wav,fearful,06,3,male,normal,1,Kids are talking by the door,1,speech,audio_only,16000
/Users/devanshbansal/Desktop/ser/dataset/Audio_Speech_Actors_01-24/Actor_03/03-01-06-01-01-02-03.wav,03-01-06-01-01-02-03.wav,fearful,06,3,male,normal,1,Kids are talking by the door,2,speech,audio_only,16000
/Users/devanshbansal/Desktop/ser/dataset/Audio_Speech_Actors_01-24/Actor_03/03-01-06-01-02-01-03.wav,03-01-06-01-02-01-03.wav,fearful,06,3,male,normal,2,Dogs are sitting by the door,1,speech,audio_only,16000
/Users/devanshbansal/Desktop/ser/dataset/Audio_Speech_Actors_01-24/Actor_03/03-01-06-01-02-02-03.wav,03-01-06-01-02-02-03.wav,fearful,06,3,male,normal,2,Dogs are sitting by the door,2,speech,audio_only,16000
/Users/devanshbansal/Desktop/ser/dataset/Audio_Speech_Actors_01-24/Actor_03/03-01-06-02-01-01-03.wav,03-01-06-02-01-01-03.wav,fearful,06,3,male,strong,1,Kids are talking by the door,1,speech,audio_only,16000
/Users/devanshbansal/Desktop/ser/dataset/Audio_Speech_Actors_01-24/Actor_03/03-01-06-02-01-02-03.wav,03-01-06-02-01-02-03.wav,fearful,06,3,male,strong,1,Kids are talking by the door,2,speech,audio_only,16000
/Users/devanshbansal/Desktop/ser/dataset/Audio_Speech_Actors_01-24/Actor_03/03-01-06-02-02-01-03.wav,03-01-06-02-02-01-03.wav,fearful,06,3,male,strong,2,Dogs are sitting by the door,1,speech,audio_only,16000
/Users/devanshbansal/Desktop/ser/dataset/Audio_Speech_Actors_01-24/Actor_03/03-01-06-02-02-02-03.wav,03-01-06-02-02-02-03.wav,fearful,06,3,male,strong,2,Dogs are sitting by the door,2,speech,audio_only,16000
/Users/devanshbansal/Desktop/ser/dataset/Audio_Speech_Actors_01-24/Actor_03/03-01-07-01-01-01-03.wav,03-01-07-01-01-01-03.wav,disgust,07,3,male,normal,1,Kids are talking by the door,1,speech,audio_only,16000
/Users/devanshbansal/Desktop/ser/dataset/Audio_Speech_Actors_01-24/Actor_03/03-01-07-01-01-02-03.wav,03-01-07-01-01-02-03.wav,disgust,07,3,male,normal,1,Kids are talking by the door,2,speech,audio_only,16000
/Users/devanshbansal/Desktop/ser/dataset/Audio_Speech_Actors_01-24/Actor_03/03-01-07-01-02-01-03.wav,03-01-07-01-02-01-03.wav,disgust,07,3,male,normal,2,Dogs are sitting by the door,1,speech,audio_only,16000
/Users/devanshbansal/Desktop/ser/dataset/Audio_Speech_Actors_01-24/Actor_03/03-01-07-01-02-02-03.wav,03-01-07-01-02-02-03.wav,disgust,07,3,male,normal,2,Dogs are sitting by the door,2,speech,audio_only,16000
/Users/devanshbansal/Desktop/ser/dataset/Audio_Speech_Actors_01-24/Actor_03/03-01-07-02-01-01-03.wav,03-01-07-02-01-01-03.wav,disgust,07,3,male,strong,1,Kids are talking by the door,1,speech,audio_only,16000
/Users/devanshbansal/Desktop/ser/dataset/Audio_Speech_Actors_01-24/Actor_03/03-01-07-02-01-02-03.wav,03-01-07-02-01-02-03.wav,disgust,07,3,male,strong,1,Kids are talking by the door,2,speech,audio_only,16000
/Users/devanshbansal/Desktop/ser/dataset/Audio_Speech_Actors_01-24/Actor_03/03-01-07-02-02-01-03.wav,03-01-07-02-02-01-03.wav,disgust,07,3,male,strong,2,Dogs are sitting by the door,1,speech,audio_only,16000
/Users/devanshbansal/Desktop/ser/dataset/Audio_Speech_Actors_01-24/Actor_03/03-01-07-02-02-02-03.wav,03-01-07-02-02-02-03.wav,disgust,07,3,male,strong,2,Dogs are sitting by the door,2,speech,audio_only,16000
/Users/devanshbansal/Desktop/ser/dataset/Audio_Speech_Actors_01-24/Actor_03/03-01-08-01-01-01-03.wav,03-01-08-01-01-01-03.wav,surprised,08,3,male,normal,1,Kids are talking by the door,1,speech,audio_only,16000
/Users/devanshbansal/Desktop/ser/dataset/Audio_Speech_Actors_01-24/Actor_03/03-01-08-01-01-02-03.wav,03-01-08-01-01-02-03.wav,surprised,08,3,male,normal,1,Kids are talking by the door,2,speech,audio_only,16000
/Users/devanshbansal/Desktop/ser/dataset/Audio_Speech_Actors_01-24/Actor_03/03-01-08-01-02-01-03.wav,03-01-08-01-02-01-03.wav,surprised,08,3,male,normal,2,Dogs are sitting by the door,1,speech,audio_only,16000
/Users/devanshbansal/Desktop/ser/dataset/Audio_Speech_Actors_01-24/Actor_03/03-01-08-01-02-02-03.wav,03-01-08-01-02-02-03.wav,surprised,08,3,male,normal,2,Dogs are sitting by the door,2,speech,audio_only,16000
/Users/devanshbansal/Desktop/ser/dataset/Audio_Speech_Actors_01-24/Actor_03/03-01-08-02-01-01-03.wav,03-01-08-02-01-01-03.wav,surprised,08,3,male,strong,1,Kids are talking by the door,1,speech,audio_only,16000
/Users/devanshbansal/Desktop/ser/dataset/Audio_Speech_Actors_01-24/Actor_03/03-01-08-02-01-02-03.wav,03-01-08-02-01-02-03.wav,surprised,08,3,male,strong,1,Kids are talking by the door,2,speech,audio_only,16000
/Users/devanshbansal/Desktop/ser/dataset/Audio_Speech_Actors_01-24/Actor_03/03-01-08-02-02-01-03.wav,03-01-08-02-02-01-03.wav,surprised,08,3,male,strong,2,Dogs are sitting by the door,1,speech,audio_only,16000
/Users/devanshbansal/Desktop/ser/dataset/Audio_Speech_Actors_01-24/Actor_03/03-01-08-02-02-02-03.wav,03-01-08-02-02-02-03.wav,surprised,08,3,male,strong,2,Dogs are sitting by the door,2,speech,audio_only,16000
/Users/devanshbansal/Desktop/ser/dataset/Audio_Speech_Actors_01-24/Actor_04/03-01-01-01-01-01-04.wav,03-01-01-01-01-01-04.wav,calm,01,4,female,normal,1,Kids are talking by the door,1,speech,audio_only,16000
/Users/devanshbansal/Desktop/ser/dataset/Audio_Speech_Actors_01-24/Actor_04/03-01-01-01-01-02-04.wav,03-01-01-01-01-02-04.wav,calm,01,4,female,normal,1,Kids are talking by the door,2,speech,audio_only,16000
/Users/devanshbansal/Desktop/ser/dataset/Audio_Speech_Actors_01-24/Actor_04/03-01-01-01-02-01-04.wav,03-01-01-01-02-01-04.wav,calm,01,4,female,normal,2,Dogs are sitting by the door,1,speech,audio_only,16000
/Users/devanshbansal/Desktop/ser/dataset/Audio_Speech_Actors_01-24/Actor_04/03-01-01-01-02-02-04.wav,03-01-01-01-02-02-04.wav,calm,01,4,female,normal,2,Dogs are sitting by the door,2,speech,audio_only,16000
/Users/devanshbansal/Desktop/ser/dataset/Audio_Speech_Actors_01-24/Actor_04/03-01-02-01-01-01-04.wav,03-01-02-01-01-01-04.wav,calm,02,4,female,normal,1,Kids are talking by the door,1,speech,audio_only,16000
/Users/devanshbansal/Desktop/ser/dataset/Audio_Speech_Actors_01-24/Actor_04/03-01-02-01-01-02-04.wav,03-01-02-01-01-02-04.wav,calm,02,4,female,normal,1,Kids are talking by the door,2,speech,audio_only,16000
/Users/devanshbansal/Desktop/ser/dataset/Audio_Speech_Actors_01-24/Actor_04/03-01-02-01-02-01-04.wav,03-01-02-01-02-01-04.wav,calm,02,4,female,normal,2,Dogs are sitting by the door,1,speech,audio_only,16000
/Users/devanshbansal/Desktop/ser/dataset/Audio_Speech_Actors_01-24/Actor_04/03-01-02-01-02-02-04.wav,03-01-02-01-02-02-04.wav,calm,02,4,female,normal,2,Dogs are sitting by the door,2,speech,audio_only,16000
/Users/devanshbansal/Desktop/ser/dataset/Audio_Speech_Actors_01-24/Actor_04/03-01-02-02-01-01-04.wav,03-01-02-02-01-01-04.wav,calm,02,4,female,strong,1,Kids are talking by the door,1,speech,audio_only,16000
/Users/devanshbansal/Desktop/ser/dataset/Audio_Speech_Actors_01-24/Actor_04/03-01-02-02-01-02-04.wav,03-01-02-02-01-02-04.wav,calm,02,4,female,strong,1,Kids are talking by the door,2,speech,audio_only,16000
/Users/devanshbansal/Desktop/ser/dataset/Audio_Speech_Actors_01-24/Actor_04/03-01-02-02-02-01-04.wav,03-01-02-02-02-01-04.wav,calm,02,4,female,strong,2,Dogs are sitting by the door,1,speech,audio_only,16000
/Users/devanshbansal/Desktop/ser/dataset/Audio_Speech_Actors_01-24/Actor_04/03-01-02-02-02-02-04.wav,03-01-02-02-02-02-04.wav,calm,02,4,female,strong,2,Dogs are sitting by the door,2,speech,audio_only,16000
/Users/devanshbansal/Desktop/ser/dataset/Audio_Speech_Actors_01-24/Actor_04/03-01-03-01-01-01-04.wav,03-01-03-01-01-01-04.wav,happy,03,4,female,normal,1,Kids are talking by the door,1,speech,audio_only,16000
/Users/devanshbansal/Desktop/ser/dataset/Audio_Speech_Actors_01-24/Actor_04/03-01-03-01-01-02-04.wav,03-01-03-01-01-02-04.wav,happy,03,4,female,normal,1,Kids are talking by the door,2,speech,audio_only,16000
/Users/devanshbansal/Desktop/ser/dataset/Audio_Speech_Actors_01-24/Actor_04/03-01-03-01-02-01-04.wav,03-01-03-01-02-01-04.wav,happy,03,4,female,normal,2,Dogs are sitting by the door,1,speech,audio_only,16000
/Users/devanshbansal/Desktop/ser/dataset/Audio_Speech_Actors_01-24/Actor_04/03-01-03-01-02-02-04.wav,03-01-03-01-02-02-04.wav,happy,03,4,female,normal,2,Dogs are sitting by the door,2,speech,audio_only,16000
/Users/devanshbansal/Desktop/ser/dataset/Audio_Speech_Actors_01-24/Actor_04/03-01-03-02-01-01-04.wav,03-01-03-02-01-01-04.wav,happy,03,4,female,strong,1,Kids are talking by the door,1,speech,audio_only,16000
/Users/devanshbansal/Desktop/ser/dataset/Audio_Speech_Actors_01-24/Actor_04/03-01-03-02-01-02-04.wav,03-01-03-02-01-02-04.wav,happy,03,4,female,strong,1,Kids are talking by the door,2,speech,audio_only,16000
/Users/devanshbansal/Desktop/ser/dataset/Audio_Speech_Actors_01-24/Actor_04/03-01-03-02-02-01-04.wav,03-01-03-02-02-01-04.wav,happy,03,4,female,strong,2,Dogs are sitting by the door,1,speech,audio_only,16000
/Users/devanshbansal/Desktop/ser/dataset/Audio_Speech_Actors_01-24/Actor_04/03-01-03-02-02-02-04.wav,03-01-03-02-02-02-04.wav,happy,03,4,female,strong,2,Dogs are sitting by the door,2,speech,audio_only,16000
/Users/devanshbansal/Desktop/ser/dataset/Audio_Speech_Actors_01-24/Actor_04/03-01-04-01-01-01-04.wav,03-01-04-01-01-01-04.wav,sad,04,4,female,normal,1,Kids are talking by the door,1,speech,audio_only,16000
/Users/devanshbansal/Desktop/ser/dataset/Audio_Speech_Actors_01-24/Actor_04/03-01-04-01-01-02-04.wav,03-01-04-01-01-02-04.wav,sad,04,4,female,normal,1,Kids are talking by the door,2,speech,audio_only,16000
/Users/devanshbansal/Desktop/ser/dataset/Audio_Speech_Actors_01-24/Actor_04/03-01-04-01-02-01-04.wav,03-01-04-01-02-01-04.wav,sad,04,4,female,normal,2,Dogs are sitting by the door,1,speech,audio_only,16000
/Users/devanshbansal/Desktop/ser/dataset/Audio_Speech_Actors_01-24/Actor_04/03-01-04-01-02-02-04.wav,03-01-04-01-02-02-04.wav,sad,04,4,female,normal,2,Dogs are sitting by the door,2,speech,audio_only,16000
/Users/devanshbansal/Desktop/ser/dataset/Audio_Speech_Actors_01-24/Actor_04/03-01-04-02-01-01-04.wav,03-01-04-02-01-01-04.wav,sad,04,4,female,strong,1,Kids are talking by the door,1,speech,audio_only,16000
/Users/devanshbansal/Desktop/ser/dataset/Audio_Speech_Actors_01-24/Actor_04/03-01-04-02-01-02-04.wav,03-01-04-02-01-02-04.wav,sad,04,4,female,strong,1,Kids are talking by the door,2,speech,audio_only,16000
/Users/devanshbansal/Desktop/ser/dataset/Audio_Speech_Actors_01-24/Actor_04/03-01-04-02-02-01-04.wav,03-01-04-02-02-01-04.wav,sad,04,4,female,strong,2,Dogs are sitting by the door,1,speech,audio_only,16000
/Users/devanshbansal/Desktop/ser/dataset/Audio_Speech_Actors_01-24/Actor_04/03-01-04-02-02-02-04.wav,03-01-04-02-02-02-04.wav,sad,04,4,female,strong,2,Dogs are sitting by the door,2,speech,audio_only,16000
/Users/devanshbansal/Desktop/ser/dataset/Audio_Speech_Actors_01-24/Actor_04/03-01-05-01-01-01-04.wav,03-01-05-01-01-01-04.wav,angry,05,4,female,normal,1,Kids are talking by the door,1,speech,audio_only,16000
/Users/devanshbansal/Desktop/ser/dataset/Audio_Speech_Actors_01-24/Actor_04/03-01-05-01-01-02-04.wav,03-01-05-01-01-02-04.wav,angry,05,4,female,normal,1,Kids are talking by the door,2,speech,audio_only,16000
/Users/devanshbansal/Desktop/ser/dataset/Audio_Speech_Actors_01-24/Actor_04/03-01-05-01-02-01-04.wav,03-01-05-01-02-01-04.wav,angry,05,4,female,normal,2,Dogs are sitting by the door,1,speech,audio_only,16000
/Users/devanshbansal/Desktop/ser/dataset/Audio_Speech_Actors_01-24/Actor_04/03-01-05-01-02-02-04.wav,03-01-05-01-02-02-04.wav,angry,05,4,female,normal,2,Dogs are sitting by the door,2,speech,audio_only,16000
/Users/devanshbansal/Desktop/ser/dataset/Audio_Speech_Actors_01-24/Actor_04/03-01-05-02-01-01-04.wav,03-01-05-02-01-01-04.wav,angry,05,4,female,strong,1,Kids are talking by the door,1,speech,audio_only,16000
/Users/devanshbansal/Desktop/ser/dataset/Audio_Speech_Actors_01-24/Actor_04/03-01-05-02-01-02-04.wav,03-01-05-02-01-02-04.wav,angry,05,4,female,strong,1,Kids are talking by the door,2,speech,audio_only,16000
/Users/devanshbansal/Desktop/ser/dataset/Audio_Speech_Actors_01-24/Actor_04/03-01-05-02-02-01-04.wav,03-01-05-02-02-01-04.wav,angry,05,4,female,strong,2,Dogs are sitting by the door,1,speech,audio_only,16000
/Users/devanshbansal/Desktop/ser/dataset/Audio_Speech_Actors_01-24/Actor_04/03-01-05-02-02-02-04.wav,03-01-05-02-02-02-04.wav,angry,05,4,female,strong,2,Dogs are sitting by the door,2,speech,audio_only,16000
/Users/devanshbansal/Desktop/ser/dataset/Audio_Speech_Actors_01-24/Actor_04/03-01-06-01-01-01-04.wav,03-01-06-01-01-01-04.wav,fearful,06,4,female,normal,1,Kids are talking by the door,1,speech,audio_only,16000
/Users/devanshbansal/Desktop/ser/dataset/Audio_Speech_Actors_01-24/Actor_04/03-01-06-01-01-02-04.wav,03-01-06-01-01-02-04.wav,fearful,06,4,female,normal,1,Kids are talking by the door,2,speech,audio_only,16000
/Users/devanshbansal/Desktop/ser/dataset/Audio_Speech_Actors_01-24/Actor_04/03-01-06-01-02-01-04.wav,03-01-06-01-02-01-04.wav,fearful,06,4,female,normal,2,Dogs are sitting by the door,1,speech,audio_only,16000
/Users/devanshbansal/Desktop/ser/dataset/Audio_Speech_Actors_01-24/Actor_04/03-01-06-01-02-02-04.wav,03-01-06-01-02-02-04.wav,fearful,06,4,female,normal,2,Dogs are sitting by the door,2,speech,audio_only,16000
/Users/devanshbansal/Desktop/ser/dataset/Audio_Speech_Actors_01-24/Actor_04/03-01-06-02-01-01-04.wav,03-01-06-02-01-01-04.wav,fearful,06,4,female,strong,1,Kids are talking by the door,1,speech,audio_only,16000
/Users/devanshbansal/Desktop/ser/dataset/Audio_Speech_Actors_01-24/Actor_04/03-01-06-02-01-02-04.wav,03-01-06-02-01-02-04.wav,fearful,06,4,female,strong,1,Kids are talking by the door,2,speech,audio_only,16000
/Users/devanshbansal/Desktop/ser/dataset/Audio_Speech_Actors_01-24/Actor_04/03-01-06-02-02-01-04.wav,03-01-06-02-02-01-04.wav,fearful,06,4,female,strong,2,Dogs are sitting by the door,1,speech,audio_only,16000
/Users/devanshbansal/Desktop/ser/dataset/Audio_Speech_Actors_01-24/Actor_04/03-01-06-02-02-02-04.wav,03-01-06-02-02-02-04.wav,fearful,06,4,female,strong,2,Dogs are sitting by the door,2,speech,audio_only,16000
/Users/devanshbansal/Desktop/ser/dataset/Audio_Speech_Actors_01-24/Actor_04/03-01-07-01-01-01-04.wav,03-01-07-01-01-01-04.wav,disgust,07,4,female,normal,1,Kids are talking by the door,1,speech,audio_only,16000
/Users/devanshbansal/Desktop/ser/dataset/Audio_Speech_Actors_01-24/Actor_04/03-01-07-01-01-02-04.wav,03-01-07-01-01-02-04.wav,disgust,07,4,female,normal,1,Kids are talking by the door,2,speech,audio_only,16000
/Users/devanshbansal/Desktop/ser/dataset/Audio_Speech_Actors_01-24/Actor_04/03-01-07-01-02-01-04.wav,03-01-07-01-02-01-04.wav,disgust,07,4,female,normal,2,Dogs are sitting by the door,1,speech,audio_only,16000
/Users/devanshbansal/Desktop/ser/dataset/Audio_Speech_Actors_01-24/Actor_04/03-01-07-01-02-02-04.wav,03-01-07-01-02-02-04.wav,disgust,07,4,female,normal,2,Dogs are sitting by the door,2,speech,audio_only,16000
/Users/devanshbansal/Desktop/ser/dataset/Audio_Speech_Actors_01-24/Actor_04/03-01-07-02-01-01-04.wav,03-01-07-02-01-01-04.wav,disgust,07,4,female,strong,1,Kids are talking by the door,1,speech,audio_only,16000
/Users/devanshbansal/Desktop/ser/dataset/Audio_Speech_Actors_01-24/Actor_04/03-01-07-02-01-02-04.wav,03-01-07-02-01-02-04.wav,disgust,07,4,female,strong,1,Kids are talking by the door,2,speech,audio_only,16000
/Users/devanshbansal/Desktop/ser/dataset/Audio_Speech_Actors_01-24/Actor_04/03-01-07-02-02-01-04.wav,03-01-07-02-02-01-04.wav,disgust,07,4,female,strong,2,Dogs are sitting by the door,1,speech,audio_only,16000
/Users/devanshbansal/Desktop/ser/dataset/Audio_Speech_Actors_01-24/Actor_04/03-01-07-02-02-02-04.wav,03-01-07-02-02-02-04.wav,disgust,07,4,female,strong,2,Dogs are sitting by the door,2,speech,audio_only,16000
/Users/devanshbansal/Desktop/ser/dataset/Audio_Speech_Actors_01-24/Actor_04/03-01-08-01-01-01-04.wav,03-01-08-01-01-01-04.wav,surprised,08,4,female,normal,1,Kids are talking by the door,1,speech,audio_only,16000
/Users/devanshbansal/Desktop/ser/dataset/Audio_Speech_Actors_01-24/Actor_04/03-01-08-01-01-02-04.wav,03-01-08-01-01-02-04.wav,surprised,08,4,female,normal,1,Kids are talking by the door,2,speech,audio_only,16000
/Users/devanshbansal/Desktop/ser/dataset/Audio_Speech_Actors_01-24/Actor_04/03-01-08-01-02-01-04.wav,03-01-08-01-02-01-04.wav,surprised,08,4,female,normal,2,Dogs are sitting by the door,1,speech,audio_only,16000
/Users/devanshbansal/Desktop/ser/dataset/Audio_Speech_Actors_01-24/Actor_04/03-01-08-01-02-02-04.wav,03-01-08-01-02-02-04.wav,surprised,08,4,female,normal,2,Dogs are sitting by the door,2,speech,audio_only,16000
/Users/devanshbansal/Desktop/ser/dataset/Audio_Speech_Actors_01-24/Actor_04/03-01-08-02-01-01-04.wav,03-01-08-02-01-01-04.wav,surprised,08,4,female,strong,1,Kids are talking by the door,1,speech,audio_only,16000
/Users/devanshbansal/Desktop/ser/dataset/Audio_Speech_Actors_01-24/Actor_04/03-01-08-02-01-02-04.wav,03-01-08-02-01-02-04.wav,surprised,08,4,female,strong,1,Kids are talking by the door,2,speech,audio_only,16000
/Users/devanshbansal/Desktop/ser/dataset/Audio_Speech_Actors_01-24/Actor_04/03-01-08-02-02-01-04.wav,03-01-08-02-02-01-04.wav,surprised,08,4,female,strong,2,Dogs are sitting by the door,1,speech,audio_only,16000
/Users/devanshbansal/Desktop/ser/dataset/Audio_Speech_Actors_01-24/Actor_04/03-01-08-02-02-02-04.wav,03-01-08-02-02-02-04.wav,surprised,08,4,female,strong,2,Dogs are sitting by the door,2,speech,audio_only,16000
/Users/devanshbansal/Desktop/ser/dataset/Audio_Speech_Actors_01-24/Actor_05/03-01-01-01-01-01-05.wav,03-01-01-01-01-01-05.wav,calm,01,5,male,normal,1,Kids are talking by the door,1,speech,audio_only,16000
/Users/devanshbansal/Desktop/ser/dataset/Audio_Speech_Actors_01-24/Actor_05/03-01-01-01-01-02-05.wav,03-01-01-01-01-02-05.wav,calm,01,5,male,normal,1,Kids are talking by the door,2,speech,audio_only,16000
/Users/devanshbansal/Desktop/ser/dataset/Audio_Speech_Actors_01-24/Actor_05/03-01-01-01-02-01-05.wav,03-01-01-01-02-01-05.wav,calm,01,5,male,normal,2,Dogs are sitting by the door,1,speech,audio_only,16000
/Users/devanshbansal/Desktop/ser/dataset/Audio_Speech_Actors_01-24/Actor_05/03-01-01-01-02-02-05.wav,03-01-01-01-02-02-05.wav,calm,01,5,male,normal,2,Dogs are sitting by the door,2,speech,audio_only,16000
/Users/devanshbansal/Desktop/ser/dataset/Audio_Speech_Actors_01-24/Actor_05/03-01-02-01-01-01-05.wav,03-01-02-01-01-01-05.wav,calm,02,5,male,normal,1,Kids are talking by the door,1,speech,audio_only,16000
/Users/devanshbansal/Desktop/ser/dataset/Audio_Speech_Actors_01-24/Actor_05/03-01-02-01-01-02-05.wav,03-01-02-01-01-02-05.wav,calm,02,5,male,normal,1,Kids are talking by the door,2,speech,audio_only,16000
/Users/devanshbansal/Desktop/ser/dataset/Audio_Speech_Actors_01-24/Actor_05/03-01-02-01-02-01-05.wav,03-01-02-01-02-01-05.wav,calm,02,5,male,normal,2,Dogs are sitting by the door,1,speech,audio_only,16000
/Users/devanshbansal/Desktop/ser/dataset/Audio_Speech_Actors_01-24/Actor_05/03-01-02-01-02-02-05.wav,03-01-02-01-02-02-05.wav,calm,02,5,male,normal,2,Dogs are sitting by the door,2,speech,audio_only,16000
/Users/devanshbansal/Desktop/ser/dataset/Audio_Speech_Actors_01-24/Actor_05/03-01-02-02-01-01-05.wav,03-01-02-02-01-01-05.wav,calm,02,5,male,strong,1,Kids are talking by the door,1,speech,audio_only,16000
/Users/devanshbansal/Desktop/ser/dataset/Audio_Speech_Actors_01-24/Actor_05/03-01-02-02-01-02-05.wav,03-01-02-02-01-02-05.wav,calm,02,5,male,strong,1,Kids are talking by the door,2,speech,audio_only,16000
/Users/devanshbansal/Desktop/ser/dataset/Audio_Speech_Actors_01-24/Actor_05/03-01-02-02-02-01-05.wav,03-01-02-02-02-01-05.wav,calm,02,5,male,strong,2,Dogs are sitting by the door,1,speech,audio_only,16000
/Users/devanshbansal/Desktop/ser/dataset/Audio_Speech_Actors_01-24/Actor_05/03-01-02-02-02-02-05.wav,03-01-02-02-02-02-05.wav,calm,02,5,male,strong,2,Dogs are sitting by the door,2,speech,audio_only,16000
/Users/devanshbansal/Desktop/ser/dataset/Audio_Speech_Actors_01-24/Actor_05/03-01-03-01-01-01-05.wav,03-01-03-01-01-01-05.wav,happy,03,5,male,normal,1,Kids are talking by the door,1,speech,audio_only,16000
/Users/devanshbansal/Desktop/ser/dataset/Audio_Speech_Actors_01-24/Actor_05/03-01-03-01-01-02-05.wav,03-01-03-01-01-02-05.wav,happy,03,5,male,normal,1,Kids are talking by the door,2,speech,audio_only,16000
/Users/devanshbansal/Desktop/ser/dataset/Audio_Speech_Actors_01-24/Actor_05/03-01-03-01-02-01-05.wav,03-01-03-01-02-01-05.wav,happy,03,5,male,normal,2,Dogs are sitting by the door,1,speech,audio_only,16000
/Users/devanshbansal/Desktop/ser/dataset/Audio_Speech_Actors_01-24/Actor_05/03-01-03-01-02-02-05.wav,03-01-03-01-02-02-05.wav,happy,03,5,male,normal,2,Dogs are sitting by the door,2,speech,audio_only,16000
/Users/devanshbansal/Desktop/ser/dataset/Audio_Speech_Actors_01-24/Actor_05/03-01-03-02-01-01-05.wav,03-01-03-02-01-01-05.wav,happy,03,5,male,strong,1,Kids are talking by the door,1,speech,audio_only,16000
/Users/devanshbansal/Desktop/ser/dataset/Audio_Speech_Actors_01-24/Actor_05/03-01-03-02-01-02-05.wav,03-01-03-02-01-02-05.wav,happy,03,5,male,strong,1,Kids are talking by the door,2,speech,audio_only,16000
/Users/devanshbansal/Desktop/ser/dataset/Audio_Speech_Actors_01-24/Actor_05/03-01-03-02-02-01-05.wav,03-01-03-02-02-01-05.wav,happy,03,5,male,strong,2,Dogs are sitting by the door,1,speech,audio_only,16000
/Users/devanshbansal/Desktop/ser/dataset/Audio_Speech_Actors_01-24/Actor_05/03-01-03-02-02-02-05.wav,03-01-03-02-02-02-05.wav,happy,03,5,male,strong,2,Dogs are sitting by the door,2,speech,audio_only,16000
/Users/devanshbansal/Desktop/ser/dataset/Audio_Speech_Actors_01-24/Actor_05/03-01-04-01-01-01-05.wav,03-01-04-01-01-01-05.wav,sad,04,5,male,normal,1,Kids are talking by the door,1,speech,audio_only,16000
/Users/devanshbansal/Desktop/ser/dataset/Audio_Speech_Actors_01-24/Actor_05/03-01-04-01-01-02-05.wav,03-01-04-01-01-02-05.wav,sad,04,5,male,normal,1,Kids are talking by the door,2,speech,audio_only,16000
/Users/devanshbansal/Desktop/ser/dataset/Audio_Speech_Actors_01-24/Actor_05/03-01-04-01-02-01-05.wav,03-01-04-01-02-01-05.wav,sad,04,5,male,normal,2,Dogs are sitting by the door,1,speech,audio_only,16000
/Users/devanshbansal/Desktop/ser/dataset/Audio_Speech_Actors_01-24/Actor_05/03-01-04-01-02-02-05.wav,03-01-04-01-02-02-05.wav,sad,04,5,male,normal,2,Dogs are sitting by the door,2,speech,audio_only,16000
/Users/devanshbansal/Desktop/ser/dataset/Audio_Speech_Actors_01-24/Actor_05/03-01-04-02-01-01-05.wav,03-01-04-02-01-01-05.wav,sad,04,5,male,strong,1,Kids are talking by the door,1,speech,audio_only,16000
/Users/devanshbansal/Desktop/ser/dataset/Audio_Speech_Actors_01-24/Actor_05/03-01-04-02-01-02-05.wav,03-01-04-02-01-02-05.wav,sad,04,5,male,strong,1,Kids are talking by the door,2,speech,audio_only,16000
/Users/devanshbansal/Desktop/ser/dataset/Audio_Speech_Actors_01-24/Actor_05/03-01-04-02-02-01-05.wav,03-01-04-02-02-01-05.wav,sad,04,5,male,strong,2,Dogs are sitting by the door,1,speech,audio_only,16000
/Users/devanshbansal/Desktop/ser/dataset/Audio_Speech_Actors_01-24/Actor_05/03-01-04-02-02-02-05.wav,03-01-04-02-02-02-05.wav,sad,04,5,male,strong,2,Dogs are sitting by the door,2,speech,audio_only,16000
/Users/devanshbansal/Desktop/ser/dataset/Audio_Speech_Actors_01-24/Actor_05/03-01-05-01-01-01-05.wav,03-01-05-01-01-01-05.wav,angry,05,5,male,normal,1,Kids are talking by the door,1,speech,audio_only,16000
/Users/devanshbansal/Desktop/ser/dataset/Audio_Speech_Actors_01-24/Actor_05/03-01-05-01-01-02-05.wav,03-01-05-01-01-02-05.wav,angry,05,5,male,normal,1,Kids are talking by the door,2,speech,audio_only,16000
/Users/devanshbansal/Desktop/ser/dataset/Audio_Speech_Actors_01-24/Actor_05/03-01-05-01-02-01-05.wav,03-01-05-01-02-01-05.wav,angry,05,5,male,normal,2,Dogs are sitting by the door,1,speech,audio_only,16000
/Users/devanshbansal/Desktop/ser/dataset/Audio_Speech_Actors_01-24/Actor_05/03-01-05-01-02-02-05.wav,03-01-05-01-02-02-05.wav,angry,05,5,male,normal,2,Dogs are sitting by the door,2,speech,audio_only,16000
/Users/devanshbansal/Desktop/ser/dataset/Audio_Speech_Actors_01-24/Actor_05/03-01-05-02-01-01-05.wav,03-01-05-02-01-01-05.wav,angry,05,5,male,strong,1,Kids are talking by the door,1,speech,audio_only,16000
/Users/devanshbansal/Desktop/ser/dataset/Audio_Speech_Actors_01-24/Actor_05/03-01-05-02-01-02-05.wav,03-01-05-02-01-02-05.wav,angry,05,5,male,strong,1,Kids are talking by the door,2,speech,audio_only,16000
/Users/devanshbansal/Desktop/ser/dataset/Audio_Speech_Actors_01-24/Actor_05/03-01-05-02-02-01-05.wav,03-01-05-02-02-01-05.wav,angry,05,5,male,strong,2,Dogs are sitting by the door,1,speech,audio_only,16000
/Users/devanshbansal/Desktop/ser/dataset/Audio_Speech_Actors_01-24/Actor_05/03-01-05-02-02-02-05.wav,03-01-05-02-02-02-05.wav,angry,05,5,male,strong,2,Dogs are sitting by the door,2,speech,audio_only,16000
/Users/devanshbansal/Desktop/ser/dataset/Audio_Speech_Actors_01-24/Actor_05/03-01-06-01-01-01-05.wav,03-01-06-01-01-01-05.wav,fearful,06,5,male,normal,1,Kids are talking by the door,1,speech,audio_only,16000
/Users/devanshbansal/Desktop/ser/dataset/Audio_Speech_Actors_01-24/Actor_05/03-01-06-01-01-02-05.wav,03-01-06-01-01-02-05.wav,fearful,06,5,male,normal,1,Kids are talking by the door,2,speech,audio_only,16000
/Users/devanshbansal/Desktop/ser/dataset/Audio_Speech_Actors_01-24/Actor_05/03-01-06-01-02-01-05.wav,03-01-06-01-02-01-05.wav,fearful,06,5,male,normal,2,Dogs are sitting by the door,1,speech,audio_only,16000
/Users/devanshbansal/Desktop/ser/dataset/Audio_Speech_Actors_01-24/Actor_05/03-01-06-01-02-02-05.wav,03-01-06-01-02-02-05.wav,fearful,06,5,male,normal,2,Dogs are sitting by the door,2,speech,audio_only,16000
/Users/devanshbansal/Desktop/ser/dataset/Audio_Speech_Actors_01-24/Actor_05/03-01-06-02-01-01-05.wav,03-01-06-02-01-01-05.wav,fearful,06,5,male,strong,1,Kids are talking by the door,1,speech,audio_only,16000
/Users/devanshbansal/Desktop/ser/dataset/Audio_Speech_Actors_01-24/Actor_05/03-01-06-02-01-02-05.wav,03-01-06-02-01-02-05.wav,fearful,06,5,male,strong,1,Kids are talking by the door,2,speech,audio_only,16000
/Users/devanshbansal/Desktop/ser/dataset/Audio_Speech_Actors_01-24/Actor_05/03-01-06-02-02-01-05.wav,03-01-06-02-02-01-05.wav,fearful,06,5,male,strong,2,Dogs are sitting by the door,1,speech,audio_only,16000
/Users/devanshbansal/Desktop/ser/dataset/Audio_Speech_Actors_01-24/Actor_05/03-01-06-02-02-02-05.wav,03-01-06-02-02-02-05.wav,fearful,06,5,male,strong,2,Dogs are sitting by the door,2,speech,audio_only,16000
/Users/devanshbansal/Desktop/ser/dataset/Audio_Speech_Actors_01-24/Actor_05/03-01-07-01-01-01-05.wav,03-01-07-01-01-01-05.wav,disgust,07,5,male,normal,1,Kids are talking by the door,1,speech,audio_only,16000
/Users/devanshbansal/Desktop/ser/dataset/Audio_Speech_Actors_01-24/Actor_05/03-01-07-01-01-02-05.wav,03-01-07-01-01-02-05.wav,disgust,07,5,male,normal,1,Kids are talking by the door,2,speech,audio_only,16000
/Users/devanshbansal/Desktop/ser/dataset/Audio_Speech_Actors_01-24/Actor_05/03-01-07-01-02-01-05.wav,03-01-07-01-02-01-05.wav,disgust,07,5,male,normal,2,Dogs are sitting by the door,1,speech,audio_only,16000
/Users/devanshbansal/Desktop/ser/dataset/Audio_Speech_Actors_01-24/Actor_05/03-01-07-01-02-02-05.wav,03-01-07-01-02-02-05.wav,disgust,07,5,male,normal,2,Dogs are sitting by the door,2,speech,audio_only,16000
/Users/devanshbansal/Desktop/ser/dataset/Audio_Speech_Actors_01-24/Actor_05/03-01-07-02-01-01-05.wav,03-01-07-02-01-01-05.wav,disgust,07,5,male,strong,1,Kids are talking by the door,1,speech,audio_only,16000
/Users/devanshbansal/Desktop/ser/dataset/Audio_Speech_Actors_01-24/Actor_05/03-01-07-02-01-02-05.wav,03-01-07-02-01-02-05.wav,disgust,07,5,male,strong,1,Kids are talking by the door,2,speech,audio_only,16000
/Users/devanshbansal/Desktop/ser/dataset/Audio_Speech_Actors_01-24/Actor_05/03-01-07-02-02-01-05.wav,03-01-07-02-02-01-05.wav,disgust,07,5,male,strong,2,Dogs are sitting by the door,1,speech,audio_only,16000
/Users/devanshbansal/Desktop/ser/dataset/Audio_Speech_Actors_01-24/Actor_05/03-01-07-02-02-02-05.wav,03-01-07-02-02-02-05.wav,disgust,07,5,male,strong,2,Dogs are sitting by the door,2,speech,audio_only,16000
/Users/devanshbansal/Desktop/ser/dataset/Audio_Speech_Actors_01-24/Actor_05/03-01-08-01-01-01-05.wav,03-01-08-01-01-01-05.wav,surprised,08,5,male,normal,1,Kids are talking by the door,1,speech,audio_only,16000
/Users/devanshbansal/Desktop/ser/dataset/Audio_Speech_Actors_01-24/Actor_05/03-01-08-01-01-02-05.wav,03-01-08-01-01-02-05.wav,surprised,08,5,male,normal,1,Kids are talking by the door,2,speech,audio_only,16000
/Users/devanshbansal/Desktop/ser/dataset/Audio_Speech_Actors_01-24/Actor_05/03-01-08-01-02-01-05.wav,03-01-08-01-02-01-05.wav,surprised,08,5,male,normal,2,Dogs are sitting by the door,1,speech,audio_only,16000
/Users/devanshbansal/Desktop/ser/dataset/Audio_Speech_Actors_01-24/Actor_05/03-01-08-01-02-02-05.wav,03-01-08-01-02-02-05.wav,surprised,08,5,male,normal,2,Dogs are sitting by the door,2,speech,audio_only,16000
/Users/devanshbansal/Desktop/ser/dataset/Audio_Speech_Actors_01-24/Actor_05/03-01-08-02-01-01-05.wav,03-01-08-02-01-01-05.wav,surprised,08,5,male,strong,1,Kids are talking by the door,1,speech,audio_only,16000
/Users/devanshbansal/Desktop/ser/dataset/Audio_Speech_Actors_01-24/Actor_05/03-01-08-02-01-02-05.wav,03-01-08-02-01-02-05.wav,surprised,08,5,male,strong,1,Kids are talking by the door,2,speech,audio_only,16000
/Users/devanshbansal/Desktop/ser/dataset/Audio_Speech_Actors_01-24/Actor_05/03-01-08-02-02-01-05.wav,03-01-08-02-02-01-05.wav,surprised,08,5,male,strong,2,Dogs are sitting by the door,1,speech,audio_only,16000
/Users/devanshbansal/Desktop/ser/dataset/Audio_Speech_Actors_01-24/Actor_05/03-01-08-02-02-02-05.wav,03-01-08-02-02-02-05.wav,surprised,08,5,male,strong,2,Dogs are sitting by the door,2,speech,audio_only,16000
/Users/devanshbansal/Desktop/ser/dataset/Audio_Speech_Actors_01-24/Actor_06/03-01-01-01-01-01-06.wav,03-01-01-01-01-01-06.wav,calm,01,6,female,normal,1,Kids are talking by the door,1,speech,audio_only,16000
/Users/devanshbansal/Desktop/ser/dataset/Audio_Speech_Actors_01-24/Actor_06/03-01-01-01-01-02-06.wav,03-01-01-01-01-02-06.wav,calm,01,6,female,normal,1,Kids are talking by the door,2,speech,audio_only,16000
/Users/devanshbansal/Desktop/ser/dataset/Audio_Speech_Actors_01-24/Actor_06/03-01-01-01-02-01-06.wav,03-01-01-01-02-01-06.wav,calm,01,6,female,normal,2,Dogs are sitting by the door,1,speech,audio_only,16000
/Users/devanshbansal/Desktop/ser/dataset/Audio_Speech_Actors_01-24/Actor_06/03-01-01-01-02-02-06.wav,03-01-01-01-02-02-06.wav,calm,01,6,female,normal,2,Dogs are sitting by the door,2,speech,audio_only,16000
/Users/devanshbansal/Desktop/ser/dataset/Audio_Speech_Actors_01-24/Actor_06/03-01-02-01-01-01-06.wav,03-01-02-01-01-01-06.wav,calm,02,6,female,normal,1,Kids are talking by the door,1,speech,audio_only,16000
/Users/devanshbansal/Desktop/ser/dataset/Audio_Speech_Actors_01-24/Actor_06/03-01-02-01-01-02-06.wav,03-01-02-01-01-02-06.wav,calm,02,6,female,normal,1,Kids are talking by the door,2,speech,audio_only,16000
/Users/devanshbansal/Desktop/ser/dataset/Audio_Speech_Actors_01-24/Actor_06/03-01-02-01-02-01-06.wav,03-01-02-01-02-01-06.wav,calm,02,6,female,normal,2,Dogs are sitting by the door,1,speech,audio_only,16000
/Users/devanshbansal/Desktop/ser/dataset/Audio_Speech_Actors_01-24/Actor_06/03-01-02-01-02-02-06.wav,03-01-02-01-02-02-06.wav,calm,02,6,female,normal,2,Dogs are sitting by the door,2,speech,audio_only,16000
/Users/devanshbansal/Desktop/ser/dataset/Audio_Speech_Actors_01-24/Actor_06/03-01-02-02-01-01-06.wav,03-01-02-02-01-01-06.wav,calm,02,6,female,strong,1,Kids are talking by the door,1,speech,audio_only,16000
/Users/devanshbansal/Desktop/ser/dataset/Audio_Speech_Actors_01-24/Actor_06/03-01-02-02-01-02-06.wav,03-01-02-02-01-02-06.wav,calm,02,6,female,strong,1,Kids are talking by the door,2,speech,audio_only,16000
/Users/devanshbansal/Desktop/ser/dataset/Audio_Speech_Actors_01-24/Actor_06/03-01-02-02-02-01-06.wav,03-01-02-02-02-01-06.wav,calm,02,6,female,strong,2,Dogs are sitting by the door,1,speech,audio_only,16000
/Users/devanshbansal/Desktop/ser/dataset/Audio_Speech_Actors_01-24/Actor_06/03-01-02-02-02-02-06.wav,03-01-02-02-02-02-06.wav,calm,02,6,female,strong,2,Dogs are sitting by the door,2,speech,audio_only,16000
/Users/devanshbansal/Desktop/ser/dataset/Audio_Speech_Actors_01-24/Actor_06/03-01-03-01-01-01-06.wav,03-01-03-01-01-01-06.wav,happy,03,6,female,normal,1,Kids are talking by the door,1,speech,audio_only,16000
/Users/devanshbansal/Desktop/ser/dataset/Audio_Speech_Actors_01-24/Actor_06/03-01-03-01-01-02-06.wav,03-01-03-01-01-02-06.wav,happy,03,6,female,normal,1,Kids are talking by the door,2,speech,audio_only,16000
/Users/devanshbansal/Desktop/ser/dataset/Audio_Speech_Actors_01-24/Actor_06/03-01-03-01-02-01-06.wav,03-01-03-01-02-01-06.wav,happy,03,6,female,normal,2,Dogs are sitting by the door,1,speech,audio_only,16000
/Users/devanshbansal/Desktop/ser/dataset/Audio_Speech_Actors_01-24/Actor_06/03-01-03-01-02-02-06.wav,03-01-03-01-02-02-06.wav,happy,03,6,female,normal,2,Dogs are sitting by the door,2,speech,audio_only,16000
/Users/devanshbansal/Desktop/ser/dataset/Audio_Speech_Actors_01-24/Actor_06/03-01-03-02-01-01-06.wav,03-01-03-02-01-01-06.wav,happy,03,6,female,strong,1,Kids are talking by the door,1,speech,audio_only,16000
/Users/devanshbansal/Desktop/ser/dataset/Audio_Speech_Actors_01-24/Actor_06/03-01-03-02-01-02-06.wav,03-01-03-02-01-02-06.wav,happy,03,6,female,strong,1,Kids are talking by the door,2,speech,audio_only,16000
/Users/devanshbansal/Desktop/ser/dataset/Audio_Speech_Actors_01-24/Actor_06/03-01-03-02-02-01-06.wav,03-01-03-02-02-01-06.wav,happy,03,6,female,strong,2,Dogs are sitting by the door,1,speech,audio_only,16000
/Users/devanshbansal/Desktop/ser/dataset/Audio_Speech_Actors_01-24/Actor_06/03-01-03-02-02-02-06.wav,03-01-03-02-02-02-06.wav,happy,03,6,female,strong,2,Dogs are sitting by the door,2,speech,audio_only,16000
/Users/devanshbansal/Desktop/ser/dataset/Audio_Speech_Actors_01-24/Actor_06/03-01-04-01-01-01-06.wav,03-01-04-01-01-01-06.wav,sad,04,6,female,normal,1,Kids are talking by the door,1,speech,audio_only,16000
/Users/devanshbansal/Desktop/ser/dataset/Audio_Speech_Actors_01-24/Actor_06/03-01-04-01-01-02-06.wav,03-01-04-01-01-02-06.wav,sad,04,6,female,normal,1,Kids are talking by the door,2,speech,audio_only,16000
/Users/devanshbansal/Desktop/ser/dataset/Audio_Speech_Actors_01-24/Actor_06/03-01-04-01-02-01-06.wav,03-01-04-01-02-01-06.wav,sad,04,6,female,normal,2,Dogs are sitting by the door,1,speech,audio_only,16000
/Users/devanshbansal/Desktop/ser/dataset/Audio_Speech_Actors_01-24/Actor_06/03-01-04-01-02-02-06.wav,03-01-04-01-02-02-06.wav,sad,04,6,female,normal,2,Dogs are sitting by the door,2,speech,audio_only,16000
/Users/devanshbansal/Desktop/ser/dataset/Audio_Speech_Actors_01-24/Actor_06/03-01-04-02-01-01-06.wav,03-01-04-02-01-01-06.wav,sad,04,6,female,strong,1,Kids are talking by the door,1,speech,audio_only,16000
/Users/devanshbansal/Desktop/ser/dataset/Audio_Speech_Actors_01-24/Actor_06/03-01-04-02-01-02-06.wav,03-01-04-02-01-02-06.wav,sad,04,6,female,strong,1,Kids are talking by the door,2,speech,audio_only,16000
/Users/devanshbansal/Desktop/ser/dataset/Audio_Speech_Actors_01-24/Actor_06/03-01-04-02-02-01-06.wav,03-01-04-02-02-01-06.wav,sad,04,6,female,strong,2,Dogs are sitting by the door,1,speech,audio_only,16000
/Users/devanshbansal/Desktop/ser/dataset/Audio_Speech_Actors_01-24/Actor_06/03-01-04-02-02-02-06.wav,03-01-04-02-02-02-06.wav,sad,04,6,female,strong,2,Dogs are sitting by the door,2,speech,audio_only,16000
/Users/devanshbansal/Desktop/ser/dataset/Audio_Speech_Actors_01-24/Actor_06/03-01-05-01-01-01-06.wav,03-01-05-01-01-01-06.wav,angry,05,6,female,normal,1,Kids are talking by the door,1,speech,audio_only,16000
/Users/devanshbansal/Desktop/ser/dataset/Audio_Speech_Actors_01-24/Actor_06/03-01-05-01-01-02-06.wav,03-01-05-01-01-02-06.wav,angry,05,6,female,normal,1,Kids are talking by the door,2,speech,audio_only,16000
/Users/devanshbansal/Desktop/ser/dataset/Audio_Speech_Actors_01-24/Actor_06/03-01-05-01-02-01-06.wav,03-01-05-01-02-01-06.wav,angry,05,6,female,normal,2,Dogs are sitting by the door,1,speech,audio_only,16000
/Users/devanshbansal/Desktop/ser/dataset/Audio_Speech_Actors_01-24/Actor_06/03-01-05-01-02-02-06.wav,03-01-05-01-02-02-06.wav,angry,05,6,female,normal,2,Dogs are sitting by the door,2,speech,audio_only,16000
/Users/devanshbansal/Desktop/ser/dataset/Audio_Speech_Actors_01-24/Actor_06/03-01-05-02-01-01-06.wav,03-01-05-02-01-01-06.wav,angry,05,6,female,strong,1,Kids are talking by the door,1,speech,audio_only,16000
/Users/devanshbansal/Desktop/ser/dataset/Audio_Speech_Actors_01-24/Actor_06/03-01-05-02-01-02-06.wav,03-01-05-02-01-02-06.wav,angry,05,6,female,strong,1,Kids are talking by the door,2,speech,audio_only,16000
/Users/devanshbansal/Desktop/ser/dataset/Audio_Speech_Actors_01-24/Actor_06/03-01-05-02-02-01-06.wav,03-01-05-02-02-01-06.wav,angry,05,6,female,strong,2,Dogs are sitting by the door,1,speech,audio_only,16000
/Users/devanshbansal/Desktop/ser/dataset/Audio_Speech_Actors_01-24/Actor_06/03-01-05-02-02-02-06.wav,03-01-05-02-02-02-06.wav,angry,05,6,female,strong,2,Dogs are sitting by the door,2,speech,audio_only,16000
/Users/devanshbansal/Desktop/ser/dataset/Audio_Speech_Actors_01-24/Actor_06/03-01-06-01-01-01-06.wav,03-01-06-01-01-01-06.wav,fearful,06,6,female,normal,1,Kids are talking by the door,1,speech,audio_only,16000
/Users/devanshbansal/Desktop/ser/dataset/Audio_Speech_Actors_01-24/Actor_06/03-01-06-01-01-02-06.wav,03-01-06-01-01-02-06.wav,fearful,06,6,female,normal,1,Kids are talking by the door,2,speech,audio_only,16000
/Users/devanshbansal/Desktop/ser/dataset/Audio_Speech_Actors_01-24/Actor_06/03-01-06-01-02-01-06.wav,03-01-06-01-02-01-06.wav,fearful,06,6,female,normal,2,Dogs are sitting by the door,1,speech,audio_only,16000
/Users/devanshbansal/Desktop/ser/dataset/Audio_Speech_Actors_01-24/Actor_06/03-01-06-01-02-02-06.wav,03-01-06-01-02-02-06.wav,fearful,06,6,female,normal,2,Dogs are sitting by the door,2,speech,audio_only,16000
/Users/devanshbansal/Desktop/ser/dataset/Audio_Speech_Actors_01-24/Actor_06/03-01-06-02-01-01-06.wav,03-01-06-02-01-01-06.wav,fearful,06,6,female,strong,1,Kids are talking by the door,1,speech,audio_only,16000
/Users/devanshbansal/Desktop/ser/dataset/Audio_Speech_Actors_01-24/Actor_06/03-01-06-02-01-02-06.wav,03-01-06-02-01-02-06.wav,fearful,06,6,female,strong,1,Kids are talking by the door,2,speech,audio_only,16000
/Users/devanshbansal/Desktop/ser/dataset/Audio_Speech_Actors_01-24/Actor_06/03-01-06-02-02-01-06.wav,03-01-06-02-02-01-06.wav,fearful,06,6,female,strong,2,Dogs are sitting by the door,1,speech,audio_only,16000
/Users/devanshbansal/Desktop/ser/dataset/Audio_Speech_Actors_01-24/Actor_06/03-01-06-02-02-02-06.wav,03-01-06-02-02-02-06.wav,fearful,06,6,female,strong,2,Dogs are sitting by the door,2,speech,audio_only,16000
/Users/devanshbansal/Desktop/ser/dataset/Audio_Speech_Actors_01-24/Actor_06/03-01-07-01-01-01-06.wav,03-01-07-01-01-01-06.wav,disgust,07,6,female,normal,1,Kids are talking by the door,1,speech,audio_only,16000
/Users/devanshbansal/Desktop/ser/dataset/Audio_Speech_Actors_01-24/Actor_06/03-01-07-01-01-02-06.wav,03-01-07-01-01-02-06.wav,disgust,07,6,female,normal,1,Kids are talking by the door,2,speech,audio_only,16000
/Users/devanshbansal/Desktop/ser/dataset/Audio_Speech_Actors_01-24/Actor_06/03-01-07-01-02-01-06.wav,03-01-07-01-02-01-06.wav,disgust,07,6,female,normal,2,Dogs are sitting by the door,1,speech,audio_only,16000
/Users/devanshbansal/Desktop/ser/dataset/Audio_Speech_Actors_01-24/Actor_06/03-01-07-01-02-02-06.wav,03-01-07-01-02-02-06.wav,disgust,07,6,female,normal,2,Dogs are sitting by the door,2,speech,audio_only,16000
/Users/devanshbansal/Desktop/ser/dataset/Audio_Speech_Actors_01-24/Actor_06/03-01-07-02-01-01-06.wav,03-01-07-02-01-01-06.wav,disgust,07,6,female,strong,1,Kids are talking by the door,1,speech,audio_only,16000
/Users/devanshbansal/Desktop/ser/dataset/Audio_Speech_Actors_01-24/Actor_06/03-01-07-02-01-02-06.wav,03-01-07-02-01-02-06.wav,disgust,07,6,female,strong,1,Kids are talking by the door,2,speech,audio_only,16000
/Users/devanshbansal/Desktop/ser/dataset/Audio_Speech_Actors_01-24/Actor_06/03-01-07-02-02-01-06.wav,03-01-07-02-02-01-06.wav,disgust,07,6,female,strong,2,Dogs are sitting by the door,1,speech,audio_only,16000
/Users/devanshbansal/Desktop/ser/dataset/Audio_Speech_Actors_01-24/Actor_06/03-01-07-02-02-02-06.wav,03-01-07-02-02-02-06.wav,disgust,07,6,female,strong,2,Dogs are sitting by the door,2,speech,audio_only,16000
/Users/devanshbansal/Desktop/ser/dataset/Audio_Speech_Actors_01-24/Actor_06/03-01-08-01-01-01-06.wav,03-01-08-01-01-01-06.wav,surprised,08,6,female,normal,1,Kids are talking by the door,1,speech,audio_only,16000
/Users/devanshbansal/Desktop/ser/dataset/Audio_Speech_Actors_01-24/Actor_06/03-01-08-01-01-02-06.wav,03-01-08-01-01-02-06.wav,surprised,08,6,female,normal,1,Kids are talking by the door,2,speech,audio_only,16000
/Users/devanshbansal/Desktop/ser/dataset/Audio_Speech_Actors_01-24/Actor_06/03-01-08-01-02-01-06.wav,03-01-08-01-02-01-06.wav,surprised,08,6,female,normal,2,Dogs are sitting by the door,1,speech,audio_only,16000
/Users/devanshbansal/Desktop/ser/dataset/Audio_Speech_Actors_01-24/Actor_06/03-01-08-01-02-02-06.wav,03-01-08-01-02-02-06.wav,surprised,08,6,female,normal,2,Dogs are sitting by the door,2,speech,audio_only,16000
/Users/devanshbansal/Desktop/ser/dataset/Audio_Speech_Actors_01-24/Actor_06/03-01-08-02-01-01-06.wav,03-01-08-02-01-01-06.wav,surprised,08,6,female,strong,1,Kids are talking by the door,1,speech,audio_only,16000
/Users/devanshbansal/Desktop/ser/dataset/Audio_Speech_Actors_01-24/Actor_06/03-01-08-02-01-02-06.wav,03-01-08-02-01-02-06.wav,surprised,08,6,female,strong,1,Kids are talking by the door,2,speech,audio_only,16000
/Users/devanshbansal/Desktop/ser/dataset/Audio_Speech_Actors_01-24/Actor_06/03-01-08-02-02-01-06.wav,03-01-08-02-02-01-06.wav,surprised,08,6,female,strong,2,Dogs are sitting by the door,1,speech,audio_only,16000
/Users/devanshbansal/Desktop/ser/dataset/Audio_Speech_Actors_01-24/Actor_06/03-01-08-02-02-02-06.wav,03-01-08-02-02-02-06.wav,surprised,08,6,female,strong,2,Dogs are sitting by the door,2,speech,audio_only,16000
/Users/devanshbansal/Desktop/ser/dataset/Audio_Speech_Actors_01-24/Actor_07/03-01-01-01-01-01-07.wav,03-01-01-01-01-01-07.wav,calm,01,7,male,normal,1,Kids are talking by the door,1,speech,audio_only,16000
/Users/devanshbansal/Desktop/ser/dataset/Audio_Speech_Actors_01-24/Actor_07/03-01-01-01-01-02-07.wav,03-01-01-01-01-02-07.wav,calm,01,7,male,normal,1,Kids are talking by the door,2,speech,audio_only,16000
/Users/devanshbansal/Desktop/ser/dataset/Audio_Speech_Actors_01-24/Actor_07/03-01-01-01-02-01-07.wav,03-01-01-01-02-01-07.wav,calm,01,7,male,normal,2,Dogs are sitting by the door,1,speech,audio_only,16000
/Users/devanshbansal/Desktop/ser/dataset/Audio_Speech_Actors_01-24/Actor_07/03-01-01-01-02-02-07.wav,03-01-01-01-02-02-07.wav,calm,01,7,male,normal,2,Dogs are sitting by the door,2,speech,audio_only,16000
/Users/devanshbansal/Desktop/ser/dataset/Audio_Speech_Actors_01-24/Actor_07/03-01-02-01-01-01-07.wav,03-01-02-01-01-01-07.wav,calm,02,7,male,normal,1,Kids are talking by the door,1,speech,audio_only,16000
/Users/devanshbansal/Desktop/ser/dataset/Audio_Speech_Actors_01-24/Actor_07/03-01-02-01-01-02-07.wav,03-01-02-01-01-02-07.wav,calm,02,7,male,normal,1,Kids are talking by the door,2,speech,audio_only,16000
/Users/devanshbansal/Desktop/ser/dataset/Audio_Speech_Actors_01-24/Actor_07/03-01-02-01-02-01-07.wav,03-01-02-01-02-01-07.wav,calm,02,7,male,normal,2,Dogs are sitting by the door,1,speech,audio_only,16000
/Users/devanshbansal/Desktop/ser/dataset/Audio_Speech_Actors_01-24/Actor_07/03-01-02-01-02-02-07.wav,03-01-02-01-02-02-07.wav,calm,02,7,male,normal,2,Dogs are sitting by the door,2,speech,audio_only,16000
/Users/devanshbansal/Desktop/ser/dataset/Audio_Speech_Actors_01-24/Actor_07/03-01-02-02-01-01-07.wav,03-01-02-02-01-01-07.wav,calm,02,7,male,strong,1,Kids are talking by the door,1,speech,audio_only,16000
/Users/devanshbansal/Desktop/ser/dataset/Audio_Speech_Actors_01-24/Actor_07/03-01-02-02-01-02-07.wav,03-01-02-02-01-02-07.wav,calm,02,7,male,strong,1,Kids are talking by the door,2,speech,audio_only,16000
/Users/devanshbansal/Desktop/ser/dataset/Audio_Speech_Actors_01-24/Actor_07/03-01-02-02-02-01-07.wav,03-01-02-02-02-01-07.wav,calm,02,7,male,strong,2,Dogs are sitting by the door,1,speech,audio_only,16000
/Users/devanshbansal/Desktop/ser/dataset/Audio_Speech_Actors_01-24/Actor_07/03-01-02-02-02-02-07.wav,03-01-02-02-02-02-07.wav,calm,02,7,male,strong,2,Dogs are sitting by the door,2,speech,audio_only,16000
/Users/devanshbansal/Desktop/ser/dataset/Audio_Speech_Actors_01-24/Actor_07/03-01-03-01-01-01-07.wav,03-01-03-01-01-01-07.wav,happy,03,7,male,normal,1,Kids are talking by the door,1,speech,audio_only,16000
/Users/devanshbansal/Desktop/ser/dataset/Audio_Speech_Actors_01-24/Actor_07/03-01-03-01-01-02-07.wav,03-01-03-01-01-02-07.wav,happy,03,7,male,normal,1,Kids are talking by the door,2,speech,audio_only,16000
/Users/devanshbansal/Desktop/ser/dataset/Audio_Speech_Actors_01-24/Actor_07/03-01-03-01-02-01-07.wav,03-01-03-01-02-01-07.wav,happy,03,7,male,normal,2,Dogs are sitting by the door,1,speech,audio_only,16000
/Users/devanshbansal/Desktop/ser/dataset/Audio_Speech_Actors_01-24/Actor_07/03-01-03-01-02-02-07.wav,03-01-03-01-02-02-07.wav,happy,03,7,male,normal,2,Dogs are sitting by the door,2,speech,audio_only,16000
/Users/devanshbansal/Desktop/ser/dataset/Audio_Speech_Actors_01-24/Actor_07/03-01-03-02-01-01-07.wav,03-01-03-02-01-01-07.wav,happy,03,7,male,strong,1,Kids are talking by the door,1,speech,audio_only,16000
/Users/devanshbansal/Desktop/ser/dataset/Audio_Speech_Actors_01-24/Actor_07/03-01-03-02-01-02-07.wav,03-01-03-02-01-02-07.wav,happy,03,7,male,strong,1,Kids are talking by the door,2,speech,audio_only,16000
/Users/devanshbansal/Desktop/ser/dataset/Audio_Speech_Actors_01-24/Actor_07/03-01-03-02-02-01-07.wav,03-01-03-02-02-01-07.wav,happy,03,7,male,strong,2,Dogs are sitting by the door,1,speech,audio_only,16000
/Users/devanshbansal/Desktop/ser/dataset/Audio_Speech_Actors_01-24/Actor_07/03-01-03-02-02-02-07.wav,03-01-03-02-02-02-07.wav,happy,03,7,male,strong,2,Dogs are sitting by the door,2,speech,audio_only,16000
/Users/devanshbansal/Desktop/ser/dataset/Audio_Speech_Actors_01-24/Actor_07/03-01-04-01-01-01-07.wav,03-01-04-01-01-01-07.wav,sad,04,7,male,normal,1,Kids are talking by the door,1,speech,audio_only,16000
/Users/devanshbansal/Desktop/ser/dataset/Audio_Speech_Actors_01-24/Actor_07/03-01-04-01-01-02-07.wav,03-01-04-01-01-02-07.wav,sad,04,7,male,normal,1,Kids are talking by the door,2,speech,audio_only,16000
/Users/devanshbansal/Desktop/ser/dataset/Audio_Speech_Actors_01-24/Actor_07/03-01-04-01-02-01-07.wav,03-01-04-01-02-01-07.wav,sad,04,7,male,normal,2,Dogs are sitting by the door,1,speech,audio_only,16000
/Users/devanshbansal/Desktop/ser/dataset/Audio_Speech_Actors_01-24/Actor_07/03-01-04-01-02-02-07.wav,03-01-04-01-02-02-07.wav,sad,04,7,male,normal,2,Dogs are sitting by the door,2,speech,audio_only,16000
/Users/devanshbansal/Desktop/ser/dataset/Audio_Speech_Actors_01-24/Actor_07/03-01-04-02-01-01-07.wav,03-01-04-02-01-01-07.wav,sad,04,7,male,strong,1,Kids are talking by the door,1,speech,audio_only,16000
/Users/devanshbansal/Desktop/ser/dataset/Audio_Speech_Actors_01-24/Actor_07/03-01-04-02-01-02-07.wav,03-01-04-02-01-02-07.wav,sad,04,7,male,strong,1,Kids are talking by the door,2,speech,audio_only,16000
/Users/devanshbansal/Desktop/ser/dataset/Audio_Speech_Actors_01-24/Actor_07/03-01-04-02-02-01-07.wav,03-01-04-02-02-01-07.wav,sad,04,7,male,strong,2,Dogs are sitting by the door,1,speech,audio_only,16000
/Users/devanshbansal/Desktop/ser/dataset/Audio_Speech_Actors_01-24/Actor_07/03-01-04-02-02-02-07.wav,03-01-04-02-02-02-07.wav,sad,04,7,male,strong,2,Dogs are sitting by the door,2,speech,audio_only,16000
/Users/devanshbansal/Desktop/ser/dataset/Audio_Speech_Actors_01-24/Actor_07/03-01-05-01-01-01-07.wav,03-01-05-01-01-01-07.wav,angry,05,7,male,normal,1,Kids are talking by the door,1,speech,audio_only,16000
/Users/devanshbansal/Desktop/ser/dataset/Audio_Speech_Actors_01-24/Actor_07/03-01-05-01-01-02-07.wav,03-01-05-01-01-02-07.wav,angry,05,7,male,normal,1,Kids are talking by the door,2,speech,audio_only,16000
/Users/devanshbansal/Desktop/ser/dataset/Audio_Speech_Actors_01-24/Actor_07/03-01-05-01-02-01-07.wav,03-01-05-01-02-01-07.wav,angry,05,7,male,normal,2,Dogs are sitting by the door,1,speech,audio_only,16000
/Users/devanshbansal/Desktop/ser/dataset/Audio_Speech_Actors_01-24/Actor_07/03-01-05-01-02-02-07.wav,03-01-05-01-02-02-07.wav,angry,05,7,male,normal,2,Dogs are sitting by the door,2,speech,audio_only,16000
/Users/devanshbansal/Desktop/ser/dataset/Audio_Speech_Actors_01-24/Actor_07/03-01-05-02-01-01-07.wav,03-01-05-02-01-01-07.wav,angry,05,7,male,strong,1,Kids are talking by the door,1,speech,audio_only,16000
/Users/devanshbansal/Desktop/ser/dataset/Audio_Speech_Actors_01-24/Actor_07/03-01-05-02-01-02-07.wav,03-01-05-02-01-02-07.wav,angry,05,7,male,strong,1,Kids are talking by the door,2,speech,audio_only,16000
/Users/devanshbansal/Desktop/ser/dataset/Audio_Speech_Actors_01-24/Actor_07/03-01-05-02-02-01-07.wav,03-01-05-02-02-01-07.wav,angry,05,7,male,strong,2,Dogs are sitting by the door,1,speech,audio_only,16000
/Users/devanshbansal/Desktop/ser/dataset/Audio_Speech_Actors_01-24/Actor_07/03-01-05-02-02-02-07.wav,03-01-05-02-02-02-07.wav,angry,05,7,male,strong,2,Dogs are sitting by the door,2,speech,audio_only,16000
/Users/devanshbansal/Desktop/ser/dataset/Audio_Speech_Actors_01-24/Actor_07/03-01-06-01-01-01-07.wav,03-01-06-01-01-01-07.wav,fearful,06,7,male,normal,1,Kids are talking by the door,1,speech,audio_only,16000
/Users/devanshbansal/Desktop/ser/dataset/Audio_Speech_Actors_01-24/Actor_07/03-01-06-01-01-02-07.wav,03-01-06-01-01-02-07.wav,fearful,06,7,male,normal,1,Kids are talking by the door,2,speech,audio_only,16000
/Users/devanshbansal/Desktop/ser/dataset/Audio_Speech_Actors_01-24/Actor_07/03-01-06-01-02-01-07.wav,03-01-06-01-02-01-07.wav,fearful,06,7,male,normal,2,Dogs are sitting by the door,1,speech,audio_only,16000
/Users/devanshbansal/Desktop/ser/dataset/Audio_Speech_Actors_01-24/Actor_07/03-01-06-01-02-02-07.wav,03-01-06-01-02-02-07.wav,fearful,06,7,male,normal,2,Dogs are sitting by the door,2,speech,audio_only,16000
/Users/devanshbansal/Desktop/ser/dataset/Audio_Speech_Actors_01-24/Actor_07/03-01-06-02-01-01-07.wav,03-01-06-02-01-01-07.wav,fearful,06,7,male,strong,1,Kids are talking by the door,1,speech,audio_only,16000
/Users/devanshbansal/Desktop/ser/dataset/Audio_Speech_Actors_01-24/Actor_07/03-01-06-02-01-02-07.wav,03-01-06-02-01-02-07.wav,fearful,06,7,male,strong,1,Kids are talking by the door,2,speech,audio_only,16000
/Users/devanshbansal/Desktop/ser/dataset/Audio_Speech_Actors_01-24/Actor_07/03-01-06-02-02-01-07.wav,03-01-06-02-02-01-07.wav,fearful,06,7,male,strong,2,Dogs are sitting by the door,1,speech,audio_only,16000
/Users/devanshbansal/Desktop/ser/dataset/Audio_Speech_Actors_01-24/Actor_07/03-01-06-02-02-02-07.wav,03-01-06-02-02-02-07.wav,fearful,06,7,male,strong,2,Dogs are sitting by the door,2,speech,audio_only,16000
/Users/devanshbansal/Desktop/ser/dataset/Audio_Speech_Actors_01-24/Actor_07/03-01-07-01-01-01-07.wav,03-01-07-01-01-01-07.wav,disgust,07,7,male,normal,1,Kids are talking by the door,1,speech,audio_only,16000
/Users/devanshbansal/Desktop/ser/dataset/Audio_Speech_Actors_01-24/Actor_07/03-01-07-01-01-02-07.wav,03-01-07-01-01-02-07.wav,disgust,07,7,male,normal,1,Kids are talking by the door,2,speech,audio_only,16000
/Users/devanshbansal/Desktop/ser/dataset/Audio_Speech_Actors_01-24/Actor_07/03-01-07-01-02-01-07.wav,03-01-07-01-02-01-07.wav,disgust,07,7,male,normal,2,Dogs are sitting by the door,1,speech,audio_only,16000
/Users/devanshbansal/Desktop/ser/dataset/Audio_Speech_Actors_01-24/Actor_07/03-01-07-01-02-02-07.wav,03-01-07-01-02-02-07.wav,disgust,07,7,male,normal,2,Dogs are sitting by the door,2,speech,audio_only,16000
/Users/devanshbansal/Desktop/ser/dataset/Audio_Speech_Actors_01-24/Actor_07/03-01-07-02-01-01-07.wav,03-01-07-02-01-01-07.wav,disgust,07,7,male,strong,1,Kids are talking by the door,1,speech,audio_only,16000
/Users/devanshbansal/Desktop/ser/dataset/Audio_Speech_Actors_01-24/Actor_07/03-01-07-02-01-02-07.wav,03-01-07-02-01-02-07.wav,disgust,07,7,male,strong,1,Kids are talking by the door,2,speech,audio_only,16000
/Users/devanshbansal/Desktop/ser/dataset/Audio_Speech_Actors_01-24/Actor_07/03-01-07-02-02-01-07.wav,03-01-07-02-02-01-07.wav,disgust,07,7,male,strong,2,Dogs are sitting by the door,1,speech,audio_only,16000
/Users/devanshbansal/Desktop/ser/dataset/Audio_Speech_Actors_01-24/Actor_07/03-01-07-02-02-02-07.wav,03-01-07-02-02-02-07.wav,disgust,07,7,male,strong,2,Dogs are sitting by the door,2,speech,audio_only,16000
/Users/devanshbansal/Desktop/ser/dataset/Audio_Speech_Actors_01-24/Actor_07/03-01-08-01-01-01-07.wav,03-01-08-01-01-01-07.wav,surprised,08,7,male,normal,1,Kids are talking by the door,1,speech,audio_only,16000
/Users/devanshbansal/Desktop/ser/dataset/Audio_Speech_Actors_01-24/Actor_07/03-01-08-01-01-02-07.wav,03-01-08-01-01-02-07.wav,surprised,08,7,male,normal,1,Kids are talking by the door,2,speech,audio_only,16000
/Users/devanshbansal/Desktop/ser/dataset/Audio_Speech_Actors_01-24/Actor_07/03-01-08-01-02-01-07.wav,03-01-08-01-02-01-07.wav,surprised,08,7,male,normal,2,Dogs are sitting by the door,1,speech,audio_only,16000
/Users/devanshbansal/Desktop/ser/dataset/Audio_Speech_Actors_01-24/Actor_07/03-01-08-01-02-02-07.wav,03-01-08-01-02-02-07.wav,surprised,08,7,male,normal,2,Dogs are sitting by the door,2,speech,audio_only,16000
/Users/devanshbansal/Desktop/ser/dataset/Audio_Speech_Actors_01-24/Actor_07/03-01-08-02-01-01-07.wav,03-01-08-02-01-01-07.wav,surprised,08,7,male,strong,1,Kids are talking by the door,1,speech,audio_only,16000
/Users/devanshbansal/Desktop/ser/dataset/Audio_Speech_Actors_01-24/Actor_07/03-01-08-02-01-02-07.wav,03-01-08-02-01-02-07.wav,surprised,08,7,male,strong,1,Kids are talking by the door,2,speech,audio_only,16000
/Users/devanshbansal/Desktop/ser/dataset/Audio_Speech_Actors_01-24/Actor_07/03-01-08-02-02-01-07.wav,03-01-08-02-02-01-07.wav,surprised,08,7,male,strong,2,Dogs are sitting by the door,1,speech,audio_only,16000
/Users/devanshbansal/Desktop/ser/dataset/Audio_Speech_Actors_01-24/Actor_07/03-01-08-02-02-02-07.wav,03-01-08-02-02-02-07.wav,surprised,08,7,male,strong,2,Dogs are sitting by the door,2,speech,audio_only,16000
/Users/devanshbansal/Desktop/ser/dataset/Audio_Speech_Actors_01-24/Actor_08/03-01-01-01-01-01-08.wav,03-01-01-01-01-01-08.wav,calm,01,8,female,normal,1,Kids are talking by the door,1,speech,audio_only,16000
/Users/devanshbansal/Desktop/ser/dataset/Audio_Speech_Actors_01-24/Actor_08/03-01-01-01-01-02-08.wav,03-01-01-01-01-02-08.wav,calm,01,8,female,normal,1,Kids are talking by the door,2,speech,audio_only,16000
/Users/devanshbansal/Desktop/ser/dataset/Audio_Speech_Actors_01-24/Actor_08/03-01-01-01-02-01-08.wav,03-01-01-01-02-01-08.wav,calm,01,8,female,normal,2,Dogs are sitting by the door,1,speech,audio_only,16000
/Users/devanshbansal/Desktop/ser/dataset/Audio_Speech_Actors_01-24/Actor_08/03-01-01-01-02-02-08.wav,03-01-01-01-02-02-08.wav,calm,01,8,female,normal,2,Dogs are sitting by the door,2,speech,audio_only,16000
/Users/devanshbansal/Desktop/ser/dataset/Audio_Speech_Actors_01-24/Actor_08/03-01-02-01-01-01-08.wav,03-01-02-01-01-01-08.wav,calm,02,8,female,normal,1,Kids are talking by the door,1,speech,audio_only,16000
/Users/devanshbansal/Desktop/ser/dataset/Audio_Speech_Actors_01-24/Actor_08/03-01-02-01-01-02-08.wav,03-01-02-01-01-02-08.wav,calm,02,8,female,normal,1,Kids are talking by the door,2,speech,audio_only,16000
/Users/devanshbansal/Desktop/ser/dataset/Audio_Speech_Actors_01-24/Actor_08/03-01-02-01-02-01-08.wav,03-01-02-01-02-01-08.wav,calm,02,8,female,normal,2,Dogs are sitting by the door,1,speech,audio_only,16000
/Users/devanshbansal/Desktop/ser/dataset/Audio_Speech_Actors_01-24/Actor_08/03-01-02-01-02-02-08.wav,03-01-02-01-02-02-08.wav,calm,02,8,female,normal,2,Dogs are sitting by the door,2,speech,audio_only,16000
/Users/devanshbansal/Desktop/ser/dataset/Audio_Speech_Actors_01-24/Actor_08/03-01-02-02-01-01-08.wav,03-01-02-02-01-01-08.wav,calm,02,8,female,strong,1,Kids are talking by the door,1,speech,audio_only,16000
/Users/devanshbansal/Desktop/ser/dataset/Audio_Speech_Actors_01-24/Actor_08/03-01-02-02-01-02-08.wav,03-01-02-02-01-02-08.wav,calm,02,8,female,strong,1,Kids are talking by the door,2,speech,audio_only,16000
/Users/devanshbansal/Desktop/ser/dataset/Audio_Speech_Actors_01-24/Actor_08/03-01-02-02-02-01-08.wav,03-01-02-02-02-01-08.wav,calm,02,8,female,strong,2,Dogs are sitting by the door,1,speech,audio_only,16000
/Users/devanshbansal/Desktop/ser/dataset/Audio_Speech_Actors_01-24/Actor_08/03-01-02-02-02-02-08.wav,03-01-02-02-02-02-08.wav,calm,02,8,female,strong,2,Dogs are sitting by the door,2,speech,audio_only,16000
/Users/devanshbansal/Desktop/ser/dataset/Audio_Speech_Actors_01-24/Actor_08/03-01-03-01-01-01-08.wav,03-01-03-01-01-01-08.wav,happy,03,8,female,normal,1,Kids are talking by the door,1,speech,audio_only,16000
/Users/devanshbansal/Desktop/ser/dataset/Audio_Speech_Actors_01-24/Actor_08/03-01-03-01-01-02-08.wav,03-01-03-01-01-02-08.wav,happy,03,8,female,normal,1,Kids are talking by the door,2,speech,audio_only,16000
/Users/devanshbansal/Desktop/ser/dataset/Audio_Speech_Actors_01-24/Actor_08/03-01-03-01-02-01-08.wav,03-01-03-01-02-01-08.wav,happy,03,8,female,normal,2,Dogs are sitting by the door,1,speech,audio_only,16000
/Users/devanshbansal/Desktop/ser/dataset/Audio_Speech_Actors_01-24/Actor_08/03-01-03-01-02-02-08.wav,03-01-03-01-02-02-08.wav,happy,03,8,female,normal,2,Dogs are sitting by the door,2,speech,audio_only,16000
/Users/devanshbansal/Desktop/ser/dataset/Audio_Speech_Actors_01-24/Actor_08/03-01-03-02-01-01-08.wav,03-01-03-02-01-01-08.wav,happy,03,8,female,strong,1,Kids are talking by the door,1,speech,audio_only,16000
/Users/devanshbansal/Desktop/ser/dataset/Audio_Speech_Actors_01-24/Actor_08/03-01-03-02-01-02-08.wav,03-01-03-02-01-02-08.wav,happy,03,8,female,strong,1,Kids are talking by the door,2,speech,audio_only,16000
/Users/devanshbansal/Desktop/ser/dataset/Audio_Speech_Actors_01-24/Actor_08/03-01-03-02-02-01-08.wav,03-01-03-02-02-01-08.wav,happy,03,8,female,strong,2,Dogs are sitting by the door,1,speech,audio_only,16000
/Users/devanshbansal/Desktop/ser/dataset/Audio_Speech_Actors_01-24/Actor_08/03-01-03-02-02-02-08.wav,03-01-03-02-02-02-08.wav,happy,03,8,female,strong,2,Dogs are sitting by the door,2,speech,audio_only,16000
/Users/devanshbansal/Desktop/ser/dataset/Audio_Speech_Actors_01-24/Actor_08/03-01-04-01-01-01-08.wav,03-01-04-01-01-01-08.wav,sad,04,8,female,normal,1,Kids are talking by the door,1,speech,audio_only,16000
/Users/devanshbansal/Desktop/ser/dataset/Audio_Speech_Actors_01-24/Actor_08/03-01-04-01-01-02-08.wav,03-01-04-01-01-02-08.wav,sad,04,8,female,normal,1,Kids are talking by the door,2,speech,audio_only,16000
/Users/devanshbansal/Desktop/ser/dataset/Audio_Speech_Actors_01-24/Actor_08/03-01-04-01-02-01-08.wav,03-01-04-01-02-01-08.wav,sad,04,8,female,normal,2,Dogs are sitting by the door,1,speech,audio_only,16000
/Users/devanshbansal/Desktop/ser/dataset/Audio_Speech_Actors_01-24/Actor_08/03-01-04-01-02-02-08.wav,03-01-04-01-02-02-08.wav,sad,04,8,female,normal,2,Dogs are sitting by the door,2,speech,audio_only,16000
/Users/devanshbansal/Desktop/ser/dataset/Audio_Speech_Actors_01-24/Actor_08/03-01-04-02-01-01-08.wav,03-01-04-02-01-01-08.wav,sad,04,8,female,strong,1,Kids are talking by the door,1,speech,audio_only,16000
/Users/devanshbansal/Desktop/ser/dataset/Audio_Speech_Actors_01-24/Actor_08/03-01-04-02-01-02-08.wav,03-01-04-02-01-02-08.wav,sad,04,8,female,strong,1,Kids are talking by the door,2,speech,audio_only,16000
/Users/devanshbansal/Desktop/ser/dataset/Audio_Speech_Actors_01-24/Actor_08/03-01-04-02-02-01-08.wav,03-01-04-02-02-01-08.wav,sad,04,8,female,strong,2,Dogs are sitting by the door,1,speech,audio_only,16000
/Users/devanshbansal/Desktop/ser/dataset/Audio_Speech_Actors_01-24/Actor_08/03-01-04-02-02-02-08.wav,03-01-04-02-02-02-08.wav,sad,04,8,female,strong,2,Dogs are sitting by the door,2,speech,audio_only,16000
/Users/devanshbansal/Desktop/ser/dataset/Audio_Speech_Actors_01-24/Actor_08/03-01-05-01-01-01-08.wav,03-01-05-01-01-01-08.wav,angry,05,8,female,normal,1,Kids are talking by the door,1,speech,audio_only,16000
/Users/devanshbansal/Desktop/ser/dataset/Audio_Speech_Actors_01-24/Actor_08/03-01-05-01-01-02-08.wav,03-01-05-01-01-02-08.wav,angry,05,8,female,normal,1,Kids are talking by the door,2,speech,audio_only,16000
/Users/devanshbansal/Desktop/ser/dataset/Audio_Speech_Actors_01-24/Actor_08/03-01-05-01-02-01-08.wav,03-01-05-01-02-01-08.wav,angry,05,8,female,normal,2,Dogs are sitting by the door,1,speech,audio_only,16000
/Users/devanshbansal/Desktop/ser/dataset/Audio_Speech_Actors_01-24/Actor_08/03-01-05-01-02-02-08.wav,03-01-05-01-02-02-08.wav,angry,05,8,female,normal,2,Dogs are sitting by the door,2,speech,audio_only,16000
/Users/devanshbansal/Desktop/ser/dataset/Audio_Speech_Actors_01-24/Actor_08/03-01-05-02-01-01-08.wav,03-01-05-02-01-01-08.wav,angry,05,8,female,strong,1,Kids are talking by the door,1,speech,audio_only,16000
/Users/devanshbansal/Desktop/ser/dataset/Audio_Speech_Actors_01-24/Actor_08/03-01-05-02-01-02-08.wav,03-01-05-02-01-02-08.wav,angry,05,8,female,strong,1,Kids are talking by the door,2,speech,audio_only,16000
/Users/devanshbansal/Desktop/ser/dataset/Audio_Speech_Actors_01-24/Actor_08/03-01-05-02-02-01-08.wav,03-01-05-02-02-01-08.wav,angry,05,8,female,strong,2,Dogs are sitting by the door,1,speech,audio_only,16000
/Users/devanshbansal/Desktop/ser/dataset/Audio_Speech_Actors_01-24/Actor_08/03-01-05-02-02-02-08.wav,03-01-05-02-02-02-08.wav,angry,05,8,female,strong,2,Dogs are sitting by the door,2,speech,audio_only,16000
/Users/devanshbansal/Desktop/ser/dataset/Audio_Speech_Actors_01-24/Actor_08/03-01-06-01-01-01-08.wav,03-01-06-01-01-01-08.wav,fearful,06,8,female,normal,1,Kids are talking by the door,1,speech,audio_only,16000
/Users/devanshbansal/Desktop/ser/dataset/Audio_Speech_Actors_01-24/Actor_08/03-01-06-01-01-02-08.wav,03-01-06-01-01-02-08.wav,fearful,06,8,female,normal,1,Kids are talking by the door,2,speech,audio_only,16000
/Users/devanshbansal/Desktop/ser/dataset/Audio_Speech_Actors_01-24/Actor_08/03-01-06-01-02-01-08.wav,03-01-06-01-02-01-08.wav,fearful,06,8,female,normal,2,Dogs are sitting by the door,1,speech,audio_only,16000
/Users/devanshbansal/Desktop/ser/dataset/Audio_Speech_Actors_01-24/Actor_08/03-01-06-01-02-02-08.wav,03-01-06-01-02-02-08.wav,fearful,06,8,female,normal,2,Dogs are sitting by the door,2,speech,audio_only,16000
/Users/devanshbansal/Desktop/ser/dataset/Audio_Speech_Actors_01-24/Actor_08/03-01-06-02-01-01-08.wav,03-01-06-02-01-01-08.wav,fearful,06,8,female,strong,1,Kids are talking by the door,1,speech,audio_only,16000
/Users/devanshbansal/Desktop/ser/dataset/Audio_Speech_Actors_01-24/Actor_08/03-01-06-02-01-02-08.wav,03-01-06-02-01-02-08.wav,fearful,06,8,female,strong,1,Kids are talking by the door,2,speech,audio_only,16000
/Users/devanshbansal/Desktop/ser/dataset/Audio_Speech_Actors_01-24/Actor_08/03-01-06-02-02-01-08.wav,03-01-06-02-02-01-08.wav,fearful,06,8,female,strong,2,Dogs are sitting by the door,1,speech,audio_only,16000
/Users/devanshbansal/Desktop/ser/dataset/Audio_Speech_Actors_01-24/Actor_08/03-01-06-02-02-02-08.wav,03-01-06-02-02-02-08.wav,fearful,06,8,female,strong,2,Dogs are sitting by the door,2,speech,audio_only,16000
/Users/devanshbansal/Desktop/ser/dataset/Audio_Speech_Actors_01-24/Actor_08/03-01-07-01-01-01-08.wav,03-01-07-01-01-01-08.wav,disgust,07,8,female,normal,1,Kids are talking by the door,1,speech,audio_only,16000
/Users/devanshbansal/Desktop/ser/dataset/Audio_Speech_Actors_01-24/Actor_08/03-01-07-01-01-02-08.wav,03-01-07-01-01-02-08.wav,disgust,07,8,female,normal,1,Kids are talking by the door,2,speech,audio_only,16000
/Users/devanshbansal/Desktop/ser/dataset/Audio_Speech_Actors_01-24/Actor_08/03-01-07-01-02-01-08.wav,03-01-07-01-02-01-08.wav,disgust,07,8,female,normal,2,Dogs are sitting by the door,1,speech,audio_only,16000
/Users/devanshbansal/Desktop/ser/dataset/Audio_Speech_Actors_01-24/Actor_08/03-01-07-01-02-02-08.wav,03-01-07-01-02-02-08.wav,disgust,07,8,female,normal,2,Dogs are sitting by the door,2,speech,audio_only,16000
/Users/devanshbansal/Desktop/ser/dataset/Audio_Speech_Actors_01-24/Actor_08/03-01-07-02-01-01-08.wav,03-01-07-02-01-01-08.wav,disgust,07,8,female,strong,1,Kids are talking by the door,1,speech,audio_only,16000
/Users/devanshbansal/Desktop/ser/dataset/Audio_Speech_Actors_01-24/Actor_08/03-01-07-02-01-02-08.wav,03-01-07-02-01-02-08.wav,disgust,07,8,female,strong,1,Kids are talking by the door,2,speech,audio_only,16000
/Users/devanshbansal/Desktop/ser/dataset/Audio_Speech_Actors_01-24/Actor_08/03-01-07-02-02-01-08.wav,03-01-07-02-02-01-08.wav,disgust,07,8,female,strong,2,Dogs are sitting by the door,1,speech,audio_only,16000
/Users/devanshbansal/Desktop/ser/dataset/Audio_Speech_Actors_01-24/Actor_08/03-01-07-02-02-02-08.wav,03-01-07-02-02-02-08.wav,disgust,07,8,female,strong,2,Dogs are sitting by the door,2,speech,audio_only,16000
/Users/devanshbansal/Desktop/ser/dataset/Audio_Speech_Actors_01-24/Actor_08/03-01-08-01-01-01-08.wav,03-01-08-01-01-01-08.wav,surprised,08,8,female,normal,1,Kids are talking by the door,1,speech,audio_only,16000
/Users/devanshbansal/Desktop/ser/dataset/Audio_Speech_Actors_01-24/Actor_08/03-01-08-01-01-02-08.wav,03-01-08-01-01-02-08.wav,surprised,08,8,female,normal,1,Kids are talking by the door,2,speech,audio_only,16000
/Users/devanshbansal/Desktop/ser/dataset/Audio_Speech_Actors_01-24/Actor_08/03-01-08-01-02-01-08.wav,03-01-08-01-02-01-08.wav,surprised,08,8,female,normal,2,Dogs are sitting by the door,1,speech,audio_only,16000
/Users/devanshbansal/Desktop/ser/dataset/Audio_Speech_Actors_01-24/Actor_08/03-01-08-01-02-02-08.wav,03-01-08-01-02-02-08.wav,surprised,08,8,female,normal,2,Dogs are sitting by the door,2,speech,audio_only,16000
/Users/devanshbansal/Desktop/ser/dataset/Audio_Speech_Actors_01-24/Actor_08/03-01-08-02-01-01-08.wav,03-01-08-02-01-01-08.wav,surprised,08,8,female,strong,1,Kids are talking by the door,1,speech,audio_only,16000
/Users/devanshbansal/Desktop/ser/dataset/Audio_Speech_Actors_01-24/Actor_08/03-01-08-02-01-02-08.wav,03-01-08-02-01-02-08.wav,surprised,08,8,female,strong,1,Kids are talking by the door,2,speech,audio_only,16000
/Users/devanshbansal/Desktop/ser/dataset/Audio_Speech_Actors_01-24/Actor_08/03-01-08-02-02-01-08.wav,03-01-08-02-02-01-08.wav,surprised,08,8,female,strong,2,Dogs are sitting by the door,1,speech,audio_only,16000
/Users/devanshbansal/Desktop/ser/dataset/Audio_Speech_Actors_01-24/Actor_08/03-01-08-02-02-02-08.wav,03-01-08-02-02-02-08.wav,surprised,08,8,female,strong,2,Dogs are sitting by the door,2,speech,audio_only,16000
/Users/devanshbansal/Desktop/ser/dataset/Audio_Speech_Actors_01-24/Actor_09/03-01-01-01-01-01-09.wav,03-01-01-01-01-01-09.wav,calm,01,9,male,normal,1,Kids are talking by the door,1,speech,audio_only,16000
/Users/devanshbansal/Desktop/ser/dataset/Audio_Speech_Actors_01-24/Actor_09/03-01-01-01-01-02-09.wav,03-01-01-01-01-02-09.wav,calm,01,9,male,normal,1,Kids are talking by the door,2,speech,audio_only,16000
/Users/devanshbansal/Desktop/ser/dataset/Audio_Speech_Actors_01-24/Actor_09/03-01-01-01-02-01-09.wav,03-01-01-01-02-01-09.wav,calm,01,9,male,normal,2,Dogs are sitting by the door,1,speech,audio_only,16000
/Users/devanshbansal/Desktop/ser/dataset/Audio_Speech_Actors_01-24/Actor_09/03-01-01-01-02-02-09.wav,03-01-01-01-02-02-09.wav,calm,01,9,male,normal,2,Dogs are sitting by the door,2,speech,audio_only,16000
/Users/devanshbansal/Desktop/ser/dataset/Audio_Speech_Actors_01-24/Actor_09/03-01-02-01-01-01-09.wav,03-01-02-01-01-01-09.wav,calm,02,9,male,normal,1,Kids are talking by the door,1,speech,audio_only,16000
/Users/devanshbansal/Desktop/ser/dataset/Audio_Speech_Actors_01-24/Actor_09/03-01-02-01-01-02-09.wav,03-01-02-01-01-02-09.wav,calm,02,9,male,normal,1,Kids are talking by the door,2,speech,audio_only,16000
/Users/devanshbansal/Desktop/ser/dataset/Audio_Speech_Actors_01-24/Actor_09/03-01-02-01-02-01-09.wav,03-01-02-01-02-01-09.wav,calm,02,9,male,normal,2,Dogs are sitting by the door,1,speech,audio_only,16000
/Users/devanshbansal/Desktop/ser/dataset/Audio_Speech_Actors_01-24/Actor_09/03-01-02-01-02-02-09.wav,03-01-02-01-02-02-09.wav,calm,02,9,male,normal,2,Dogs are sitting by the door,2,speech,audio_only,16000
/Users/devanshbansal/Desktop/ser/dataset/Audio_Speech_Actors_01-24/Actor_09/03-01-02-02-01-01-09.wav,03-01-02-02-01-01-09.wav,calm,02,9,male,strong,1,Kids are talking by the door,1,speech,audio_only,16000
/Users/devanshbansal/Desktop/ser/dataset/Audio_Speech_Actors_01-24/Actor_09/03-01-02-02-01-02-09.wav,03-01-02-02-01-02-09.wav,calm,02,9,male,strong,1,Kids are talking by the door,2,speech,audio_only,16000
/Users/devanshbansal/Desktop/ser/dataset/Audio_Speech_Actors_01-24/Actor_09/03-01-02-02-02-01-09.wav,03-01-02-02-02-01-09.wav,calm,02,9,male,strong,2,Dogs are sitting by the door,1,speech,audio_only,16000
/Users/devanshbansal/Desktop/ser/dataset/Audio_Speech_Actors_01-24/Actor_09/03-01-02-02-02-02-09.wav,03-01-02-02-02-02-09.wav,calm,02,9,male,strong,2,Dogs are sitting by the door,2,speech,audio_only,16000
/Users/devanshbansal/Desktop/ser/dataset/Audio_Speech_Actors_01-24/Actor_09/03-01-03-01-01-01-09.wav,03-01-03-01-01-01-09.wav,happy,03,9,male,normal,1,Kids are talking by the door,1,speech,audio_only,16000
/Users/devanshbansal/Desktop/ser/dataset/Audio_Speech_Actors_01-24/Actor_09/03-01-03-01-01-02-09.wav,03-01-03-01-01-02-09.wav,happy,03,9,male,normal,1,Kids are talking by the door,2,speech,audio_only,16000
/Users/devanshbansal/Desktop/ser/dataset/Audio_Speech_Actors_01-24/Actor_09/03-01-03-01-02-01-09.wav,03-01-03-01-02-01-09.wav,happy,03,9,male,normal,2,Dogs are sitting by the door,1,speech,audio_only,16000
/Users/devanshbansal/Desktop/ser/dataset/Audio_Speech_Actors_01-24/Actor_09/03-01-03-01-02-02-09.wav,03-01-03-01-02-02-09.wav,happy,03,9,male,normal,2,Dogs are sitting by the door,2,speech,audio_only,16000
/Users/devanshbansal/Desktop/ser/dataset/Audio_Speech_Actors_01-24/Actor_09/03-01-03-02-01-01-09.wav,03-01-03-02-01-01-09.wav,happy,03,9,male,strong,1,Kids are talking by the door,1,speech,audio_only,16000
/Users/devanshbansal/Desktop/ser/dataset/Audio_Speech_Actors_01-24/Actor_09/03-01-03-02-01-02-09.wav,03-01-03-02-01-02-09.wav,happy,03,9,male,strong,1,Kids are talking by the door,2,speech,audio_only,16000
/Users/devanshbansal/Desktop/ser/dataset/Audio_Speech_Actors_01-24/Actor_09/03-01-03-02-02-01-09.wav,03-01-03-02-02-01-09.wav,happy,03,9,male,strong,2,Dogs are sitting by the door,1,speech,audio_only,16000
/Users/devanshbansal/Desktop/ser/dataset/Audio_Speech_Actors_01-24/Actor_09/03-01-03-02-02-02-09.wav,03-01-03-02-02-02-09.wav,happy,03,9,male,strong,2,Dogs are sitting by the door,2,speech,audio_only,16000
/Users/devanshbansal/Desktop/ser/dataset/Audio_Speech_Actors_01-24/Actor_09/03-01-04-01-01-01-09.wav,03-01-04-01-01-01-09.wav,sad,04,9,male,normal,1,Kids are talking by the door,1,speech,audio_only,16000
/Users/devanshbansal/Desktop/ser/dataset/Audio_Speech_Actors_01-24/Actor_09/03-01-04-01-01-02-09.wav,03-01-04-01-01-02-09.wav,sad,04,9,male,normal,1,Kids are talking by the door,2,speech,audio_only,16000
/Users/devanshbansal/Desktop/ser/dataset/Audio_Speech_Actors_01-24/Actor_09/03-01-04-01-02-01-09.wav,03-01-04-01-02-01-09.wav,sad,04,9,male,normal,2,Dogs are sitting by the door,1,speech,audio_only,16000
/Users/devanshbansal/Desktop/ser/dataset/Audio_Speech_Actors_01-24/Actor_09/03-01-04-01-02-02-09.wav,03-01-04-01-02-02-09.wav,sad,04,9,male,normal,2,Dogs are sitting by the door,2,speech,audio_only,16000
/Users/devanshbansal/Desktop/ser/dataset/Audio_Speech_Actors_01-24/Actor_09/03-01-04-02-01-01-09.wav,03-01-04-02-01-01-09.wav,sad,04,9,male,strong,1,Kids are talking by the door,1,speech,audio_only,16000
/Users/devanshbansal/Desktop/ser/dataset/Audio_Speech_Actors_01-24/Actor_09/03-01-04-02-01-02-09.wav,03-01-04-02-01-02-09.wav,sad,04,9,male,strong,1,Kids are talking by the door,2,speech,audio_only,16000
/Users/devanshbansal/Desktop/ser/dataset/Audio_Speech_Actors_01-24/Actor_09/03-01-04-02-02-01-09.wav,03-01-04-02-02-01-09.wav,sad,04,9,male,strong,2,Dogs are sitting by the door,1,speech,audio_only,16000
/Users/devanshbansal/Desktop/ser/dataset/Audio_Speech_Actors_01-24/Actor_09/03-01-04-02-02-02-09.wav,03-01-04-02-02-02-09.wav,sad,04,9,male,strong,2,Dogs are sitting by the door,2,speech,audio_only,16000
/Users/devanshbansal/Desktop/ser/dataset/Audio_Speech_Actors_01-24/Actor_09/03-01-05-01-01-01-09.wav,03-01-05-01-01-01-09.wav,angry,05,9,male,normal,1,Kids are talking by the door,1,speech,audio_only,16000
/Users/devanshbansal/Desktop/ser/dataset/Audio_Speech_Actors_01-24/Actor_09/03-01-05-01-01-02-09.wav,03-01-05-01-01-02-09.wav,angry,05,9,male,normal,1,Kids are talking by the door,2,speech,audio_only,16000
/Users/devanshbansal/Desktop/ser/dataset/Audio_Speech_Actors_01-24/Actor_09/03-01-05-01-02-01-09.wav,03-01-05-01-02-01-09.wav,angry,05,9,male,normal,2,Dogs are sitting by the door,1,speech,audio_only,16000
/Users/devanshbansal/Desktop/ser/dataset/Audio_Speech_Actors_01-24/Actor_09/03-01-05-01-02-02-09.wav,03-01-05-01-02-02-09.wav,angry,05,9,male,normal,2,Dogs are sitting by the door,2,speech,audio_only,16000
/Users/devanshbansal/Desktop/ser/dataset/Audio_Speech_Actors_01-24/Actor_09/03-01-05-02-01-01-09.wav,03-01-05-02-01-01-09.wav,angry,05,9,male,strong,1,Kids are talking by the door,1,speech,audio_only,16000
/Users/devanshbansal/Desktop/ser/dataset/Audio_Speech_Actors_01-24/Actor_09/03-01-05-02-01-02-09.wav,03-01-05-02-01-02-09.wav,angry,05,9,male,strong,1,Kids are talking by the door,2,speech,audio_only,16000
/Users/devanshbansal/Desktop/ser/dataset/Audio_Speech_Actors_01-24/Actor_09/03-01-05-02-02-01-09.wav,03-01-05-02-02-01-09.wav,angry,05,9,male,strong,2,Dogs are sitting by the door,1,speech,audio_only,16000
/Users/devanshbansal/Desktop/ser/dataset/Audio_Speech_Actors_01-24/Actor_09/03-01-05-02-02-02-09.wav,03-01-05-02-02-02-09.wav,angry,05,9,male,strong,2,Dogs are sitting by the door,2,speech,audio_only,16000
/Users/devanshbansal/Desktop/ser/dataset/Audio_Speech_Actors_01-24/Actor_09/03-01-06-01-01-01-09.wav,03-01-06-01-01-01-09.wav,fearful,06,9,male,normal,1,Kids are talking by the door,1,speech,audio_only,16000
/Users/devanshbansal/Desktop/ser/dataset/Audio_Speech_Actors_01-24/Actor_09/03-01-06-01-01-02-09.wav,03-01-06-01-01-02-09.wav,fearful,06,9,male,normal,1,Kids are talking by the door,2,speech,audio_only,16000
/Users/devanshbansal/Desktop/ser/dataset/Audio_Speech_Actors_01-24/Actor_09/03-01-06-01-02-01-09.wav,03-01-06-01-02-01-09.wav,fearful,06,9,male,normal,2,Dogs are sitting by the door,1,speech,audio_only,16000
/Users/devanshbansal/Desktop/ser/dataset/Audio_Speech_Actors_01-24/Actor_09/03-01-06-01-02-02-09.wav,03-01-06-01-02-02-09.wav,fearful,06,9,male,normal,2,Dogs are sitting by the door,2,speech,audio_only,16000
/Users/devanshbansal/Desktop/ser/dataset/Audio_Speech_Actors_01-24/Actor_09/03-01-06-02-01-01-09.wav,03-01-06-02-01-01-09.wav,fearful,06,9,male,strong,1,Kids are talking by the door,1,speech,audio_only,16000
/Users/devanshbansal/Desktop/ser/dataset/Audio_Speech_Actors_01-24/Actor_09/03-01-06-02-01-02-09.wav,03-01-06-02-01-02-09.wav,fearful,06,9,male,strong,1,Kids are talking by the door,2,speech,audio_only,16000
/Users/devanshbansal/Desktop/ser/dataset/Audio_Speech_Actors_01-24/Actor_09/03-01-06-02-02-01-09.wav,03-01-06-02-02-01-09.wav,fearful,06,9,male,strong,2,Dogs are sitting by the door,1,speech,audio_only,16000
/Users/devanshbansal/Desktop/ser/dataset/Audio_Speech_Actors_01-24/Actor_09/03-01-06-02-02-02-09.wav,03-01-06-02-02-02-09.wav,fearful,06,9,male,strong,2,Dogs are sitting by the door,2,speech,audio_only,16000
/Users/devanshbansal/Desktop/ser/dataset/Audio_Speech_Actors_01-24/Actor_09/03-01-07-01-01-01-09.wav,03-01-07-01-01-01-09.wav,disgust,07,9,male,normal,1,Kids are talking by the door,1,speech,audio_only,16000
/Users/devanshbansal/Desktop/ser/dataset/Audio_Speech_Actors_01-24/Actor_09/03-01-07-01-01-02-09.wav,03-01-07-01-01-02-09.wav,disgust,07,9,male,normal,1,Kids are talking by the door,2,speech,audio_only,16000
/Users/devanshbansal/Desktop/ser/dataset/Audio_Speech_Actors_01-24/Actor_09/03-01-07-01-02-01-09.wav,03-01-07-01-02-01-09.wav,disgust,07,9,male,normal,2,Dogs are sitting by the door,1,speech,audio_only,16000
/Users/devanshbansal/Desktop/ser/dataset/Audio_Speech_Actors_01-24/Actor_09/03-01-07-01-02-02-09.wav,03-01-07-01-02-02-09.wav,disgust,07,9,male,normal,2,Dogs are sitting by the door,2,speech,audio_only,16000
/Users/devanshbansal/Desktop/ser/dataset/Audio_Speech_Actors_01-24/Actor_09/03-01-07-02-01-01-09.wav,03-01-07-02-01-01-09.wav,disgust,07,9,male,strong,1,Kids are talking by the door,1,speech,audio_only,16000
/Users/devanshbansal/Desktop/ser/dataset/Audio_Speech_Actors_01-24/Actor_09/03-01-07-02-01-02-09.wav,03-01-07-02-01-02-09.wav,disgust,07,9,male,strong,1,Kids are talking by the door,2,speech,audio_only,16000
/Users/devanshbansal/Desktop/ser/dataset/Audio_Speech_Actors_01-24/Actor_09/03-01-07-02-02-01-09.wav,03-01-07-02-02-01-09.wav,disgust,07,9,male,strong,2,Dogs are sitting by the door,1,speech,audio_only,16000
/Users/devanshbansal/Desktop/ser/dataset/Audio_Speech_Actors_01-24/Actor_09/03-01-07-02-02-02-09.wav,03-01-07-02-02-02-09.wav,disgust,07,9,male,strong,2,Dogs are sitting by the door,2,speech,audio_only,16000
/Users/devanshbansal/Desktop/ser/dataset/Audio_Speech_Actors_01-24/Actor_09/03-01-08-01-01-01-09.wav,03-01-08-01-01-01-09.wav,surprised,08,9,male,normal,1,Kids are talking by the door,1,speech,audio_only,16000
/Users/devanshbansal/Desktop/ser/dataset/Audio_Speech_Actors_01-24/Actor_09/03-01-08-01-01-02-09.wav,03-01-08-01-01-02-09.wav,surprised,08,9,male,normal,1,Kids are talking by the door,2,speech,audio_only,16000
/Users/devanshbansal/Desktop/ser/dataset/Audio_Speech_Actors_01-24/Actor_09/03-01-08-01-02-01-09.wav,03-01-08-01-02-01-09.wav,surprised,08,9,male,normal,2,Dogs are sitting by the door,1,speech,audio_only,16000
/Users/devanshbansal/Desktop/ser/dataset/Audio_Speech_Actors_01-24/Actor_09/03-01-08-01-02-02-09.wav,03-01-08-01-02-02-09.wav,surprised,08,9,male,normal,2,Dogs are sitting by the door,2,speech,audio_only,16000
/Users/devanshbansal/Desktop/ser/dataset/Audio_Speech_Actors_01-24/Actor_09/03-01-08-02-01-01-09.wav,03-01-08-02-01-01-09.wav,surprised,08,9,male,strong,1,Kids are talking by the door,1,speech,audio_only,16000
/Users/devanshbansal/Desktop/ser/dataset/Audio_Speech_Actors_01-24/Actor_09/03-01-08-02-01-02-09.wav,03-01-08-02-01-02-09.wav,surprised,08,9,male,strong,1,Kids are talking by the door,2,speech,audio_only,16000
/Users/devanshbansal/Desktop/ser/dataset/Audio_Speech_Actors_01-24/Actor_09/03-01-08-02-02-01-09.wav,03-01-08-02-02-01-09.wav,surprised,08,9,male,strong,2,Dogs are sitting by the door,1,speech,audio_only,16000
/Users/devanshbansal/Desktop/ser/dataset/Audio_Speech_Actors_01-24/Actor_09/03-01-08-02-02-02-09.wav,03-01-08-02-02-02-09.wav,surprised,08,9,male,strong,2,Dogs are sitting by the door,2,speech,audio_only,16000
/Users/devanshbansal/Desktop/ser/dataset/Audio_Speech_Actors_01-24/Actor_10/03-01-01-01-01-01-10.wav,03-01-01-01-01-01-10.wav,calm,01,10,female,normal,1,Kids are talking by the door,1,speech,audio_only,16000
/Users/devanshbansal/Desktop/ser/dataset/Audio_Speech_Actors_01-24/Actor_10/03-01-01-01-01-02-10.wav,03-01-01-01-01-02-10.wav,calm,01,10,female,normal,1,Kids are talking by the door,2,speech,audio_only,16000
/Users/devanshbansal/Desktop/ser/dataset/Audio_Speech_Actors_01-24/Actor_10/03-01-01-01-02-01-10.wav,03-01-01-01-02-01-10.wav,calm,01,10,female,normal,2,Dogs are sitting by the door,1,speech,audio_only,16000
/Users/devanshbansal/Desktop/ser/dataset/Audio_Speech_Actors_01-24/Actor_10/03-01-01-01-02-02-10.wav,03-01-01-01-02-02-10.wav,calm,01,10,female,normal,2,Dogs are sitting by the door,2,speech,audio_only,16000
/Users/devanshbansal/Desktop/ser/dataset/Audio_Speech_Actors_01-24/Actor_10/03-01-02-01-01-01-10.wav,03-01-02-01-01-01-10.wav,calm,02,10,female,normal,1,Kids are talking by the door,1,speech,audio_only,16000
/Users/devanshbansal/Desktop/ser/dataset/Audio_Speech_Actors_01-24/Actor_10/03-01-02-01-01-02-10.wav,03-01-02-01-01-02-10.wav,calm,02,10,female,normal,1,Kids are talking by the door,2,speech,audio_only,16000
/Users/devanshbansal/Desktop/ser/dataset/Audio_Speech_Actors_01-24/Actor_10/03-01-02-01-02-01-10.wav,03-01-02-01-02-01-10.wav,calm,02,10,female,normal,2,Dogs are sitting by the door,1,speech,audio_only,16000
/Users/devanshbansal/Desktop/ser/dataset/Audio_Speech_Actors_01-24/Actor_10/03-01-02-01-02-02-10.wav,03-01-02-01-02-02-10.wav,calm,02,10,female,normal,2,Dogs are sitting by the door,2,speech,audio_only,16000
/Users/devanshbansal/Desktop/ser/dataset/Audio_Speech_Actors_01-24/Actor_10/03-01-02-02-01-01-10.wav,03-01-02-02-01-01-10.wav,calm,02,10,female,strong,1,Kids are talking by the door,1,speech,audio_only,16000
/Users/devanshbansal/Desktop/ser/dataset/Audio_Speech_Actors_01-24/Actor_10/03-01-02-02-01-02-10.wav,03-01-02-02-01-02-10.wav,calm,02,10,female,strong,1,Kids are talking by the door,2,speech,audio_only,16000
/Users/devanshbansal/Desktop/ser/dataset/Audio_Speech_Actors_01-24/Actor_10/03-01-02-02-02-01-10.wav,03-01-02-02-02-01-10.wav,calm,02,10,female,strong,2,Dogs are sitting by the door,1,speech,audio_only,16000
/Users/devanshbansal/Desktop/ser/dataset/Audio_Speech_Actors_01-24/Actor_10/03-01-02-02-02-02-10.wav,03-01-02-02-02-02-10.wav,calm,02,10,female,strong,2,Dogs are sitting by the door,2,speech,audio_only,16000
/Users/devanshbansal/Desktop/ser/dataset/Audio_Speech_Actors_01-24/Actor_10/03-01-03-01-01-01-10.wav,03-01-03-01-01-01-10.wav,happy,03,10,female,normal,1,Kids are talking by the door,1,speech,audio_only,16000
/Users/devanshbansal/Desktop/ser/dataset/Audio_Speech_Actors_01-24/Actor_10/03-01-03-01-01-02-10.wav,03-01-03-01-01-02-10.wav,happy,03,10,female,normal,1,Kids are talking by the door,2,speech,audio_only,16000
/Users/devanshbansal/Desktop/ser/dataset/Audio_Speech_Actors_01-24/Actor_10/03-01-03-01-02-01-10.wav,03-01-03-01-02-01-10.wav,happy,03,10,female,normal,2,Dogs are sitting by the door,1,speech,audio_only,16000
/Users/devanshbansal/Desktop/ser/dataset/Audio_Speech_Actors_01-24/Actor_10/03-01-03-01-02-02-10.wav,03-01-03-01-02-02-10.wav,happy,03,10,female,normal,2,Dogs are sitting by the door,2,speech,audio_only,16000
/Users/devanshbansal/Desktop/ser/dataset/Audio_Speech_Actors_01-24/Actor_10/03-01-03-02-01-01-10.wav,03-01-03-02-01-01-10.wav,happy,03,10,female,strong,1,Kids are talking by the door,1,speech,audio_only,16000
/Users/devanshbansal/Desktop/ser/dataset/Audio_Speech_Actors_01-24/Actor_10/03-01-03-02-01-02-10.wav,03-01-03-02-01-02-10.wav,happy,03,10,female,strong,1,Kids are talking by the door,2,speech,audio_only,16000
/Users/devanshbansal/Desktop/ser/dataset/Audio_Speech_Actors_01-24/Actor_10/03-01-03-02-02-01-10.wav,03-01-03-02-02-01-10.wav,happy,03,10,female,strong,2,Dogs are sitting by the door,1,speech,audio_only,16000
/Users/devanshbansal/Desktop/ser/dataset/Audio_Speech_Actors_01-24/Actor_10/03-01-03-02-02-02-10.wav,03-01-03-02-02-02-10.wav,happy,03,10,female,strong,2,Dogs are sitting by the door,2,speech,audio_only,16000
/Users/devanshbansal/Desktop/ser/dataset/Audio_Speech_Actors_01-24/Actor_10/03-01-04-01-01-01-10.wav,03-01-04-01-01-01-10.wav,sad,04,10,female,normal,1,Kids are talking by the door,1,speech,audio_only,16000
/Users/devanshbansal/Desktop/ser/dataset/Audio_Speech_Actors_01-24/Actor_10/03-01-04-01-01-02-10.wav,03-01-04-01-01-02-10.wav,sad,04,10,female,normal,1,Kids are talking by the door,2,speech,audio_only,16000
/Users/devanshbansal/Desktop/ser/dataset/Audio_Speech_Actors_01-24/Actor_10/03-01-04-01-02-01-10.wav,03-01-04-01-02-01-10.wav,sad,04,10,female,normal,2,Dogs are sitting by the door,1,speech,audio_only,16000
/Users/devanshbansal/Desktop/ser/dataset/Audio_Speech_Actors_01-24/Actor_10/03-01-04-01-02-02-10.wav,03-01-04-01-02-02-10.wav,sad,04,10,female,normal,2,Dogs are sitting by the door,2,speech,audio_only,16000
/Users/devanshbansal/Desktop/ser/dataset/Audio_Speech_Actors_01-24/Actor_10/03-01-04-02-01-01-10.wav,03-01-04-02-01-01-10.wav,sad,04,10,female,strong,1,Kids are talking by the door,1,speech,audio_only,16000
/Users/devanshbansal/Desktop/ser/dataset/Audio_Speech_Actors_01-24/Actor_10/03-01-04-02-01-02-10.wav,03-01-04-02-01-02-10.wav,sad,04,10,female,strong,1,Kids are talking by the door,2,speech,audio_only,16000
/Users/devanshbansal/Desktop/ser/dataset/Audio_Speech_Actors_01-24/Actor_10/03-01-04-02-02-01-10.wav,03-01-04-02-02-01-10.wav,sad,04,10,female,strong,2,Dogs are sitting by the door,1,speech,audio_only,16000
/Users/devanshbansal/Desktop/ser/dataset/Audio_Speech_Actors_01-24/Actor_10/03-01-04-02-02-02-10.wav,03-01-04-02-02-02-10.wav,sad,04,10,female,strong,2,Dogs are sitting by the door,2,speech,audio_only,16000
/Users/devanshbansal/Desktop/ser/dataset/Audio_Speech_Actors_01-24/Actor_10/03-01-05-01-01-01-10.wav,03-01-05-01-01-01-10.wav,angry,05,10,female,normal,1,Kids are talking by the door,1,speech,audio_only,16000
/Users/devanshbansal/Desktop/ser/dataset/Audio_Speech_Actors_01-24/Actor_10/03-01-05-01-01-02-10.wav,03-01-05-01-01-02-10.wav,angry,05,10,female,normal,1,Kids are talking by the door,2,speech,audio_only,16000
/Users/devanshbansal/Desktop/ser/dataset/Audio_Speech_Actors_01-24/Actor_10/03-01-05-01-02-01-10.wav,03-01-05-01-02-01-10.wav,angry,05,10,female,normal,2,Dogs are sitting by the door,1,speech,audio_only,16000
/Users/devanshbansal/Desktop/ser/dataset/Audio_Speech_Actors_01-24/Actor_10/03-01-05-01-02-02-10.wav,03-01-05-01-02-02-10.wav,angry,05,10,female,normal,2,Dogs are sitting by the door,2,speech,audio_only,16000
/Users/devanshbansal/Desktop/ser/dataset/Audio_Speech_Actors_01-24/Actor_10/03-01-05-02-01-01-10.wav,03-01-05-02-01-01-10.wav,angry,05,10,female,strong,1,Kids are talking by the door,1,speech,audio_only,16000
/Users/devanshbansal/Desktop/ser/dataset/Audio_Speech_Actors_01-24/Actor_10/03-01-05-02-01-02-10.wav,03-01-05-02-01-02-10.wav,angry,05,10,female,strong,1,Kids are talking by the door,2,speech,audio_only,16000
/Users/devanshbansal/Desktop/ser/dataset/Audio_Speech_Actors_01-24/Actor_10/03-01-05-02-02-01-10.wav,03-01-05-02-02-01-10.wav,angry,05,10,female,strong,2,Dogs are sitting by the door,1,speech,audio_only,16000
/Users/devanshbansal/Desktop/ser/dataset/Audio_Speech_Actors_01-24/Actor_10/03-01-05-02-02-02-10.wav,03-01-05-02-02-02-10.wav,angry,05,10,female,strong,2,Dogs are sitting by the door,2,speech,audio_only,16000
/Users/devanshbansal/Desktop/ser/dataset/Audio_Speech_Actors_01-24/Actor_10/03-01-06-01-01-01-10.wav,03-01-06-01-01-01-10.wav,fearful,06,10,female,normal,1,Kids are talking by the door,1,speech,audio_only,16000
/Users/devanshbansal/Desktop/ser/dataset/Audio_Speech_Actors_01-24/Actor_10/03-01-06-01-01-02-10.wav,03-01-06-01-01-02-10.wav,fearful,06,10,female,normal,1,Kids are talking by the door,2,speech,audio_only,16000
/Users/devanshbansal/Desktop/ser/dataset/Audio_Speech_Actors_01-24/Actor_10/03-01-06-01-02-01-10.wav,03-01-06-01-02-01-10.wav,fearful,06,10,female,normal,2,Dogs are sitting by the door,1,speech,audio_only,16000
/Users/devanshbansal/Desktop/ser/dataset/Audio_Speech_Actors_01-24/Actor_10/03-01-06-01-02-02-10.wav,03-01-06-01-02-02-10.wav,fearful,06,10,female,normal,2,Dogs are sitting by the door,2,speech,audio_only,16000
/Users/devanshbansal/Desktop/ser/dataset/Audio_Speech_Actors_01-24/Actor_10/03-01-06-02-01-01-10.wav,03-01-06-02-01-01-10.wav,fearful,06,10,female,strong,1,Kids are talking by the door,1,speech,audio_only,16000
/Users/devanshbansal/Desktop/ser/dataset/Audio_Speech_Actors_01-24/Actor_10/03-01-06-02-01-02-10.wav,03-01-06-02-01-02-10.wav,fearful,06,10,female,strong,1,Kids are talking by the door,2,speech,audio_only,16000
/Users/devanshbansal/Desktop/ser/dataset/Audio_Speech_Actors_01-24/Actor_10/03-01-06-02-02-01-10.wav,03-01-06-02-02-01-10.wav,fearful,06,10,female,strong,2,Dogs are sitting by the door,1,speech,audio_only,16000
/Users/devanshbansal/Desktop/ser/dataset/Audio_Speech_Actors_01-24/Actor_10/03-01-06-02-02-02-10.wav,03-01-06-02-02-02-10.wav,fearful,06,10,female,strong,2,Dogs are sitting by the door,2,speech,audio_only,16000
/Users/devanshbansal/Desktop/ser/dataset/Audio_Speech_Actors_01-24/Actor_10/03-01-07-01-01-01-10.wav,03-01-07-01-01-01-10.wav,disgust,07,10,female,normal,1,Kids are talking by the door,1,speech,audio_only,16000
/Users/devanshbansal/Desktop/ser/dataset/Audio_Speech_Actors_01-24/Actor_10/03-01-07-01-01-02-10.wav,03-01-07-01-01-02-10.wav,disgust,07,10,female,normal,1,Kids are talking by the door,2,speech,audio_only,16000
/Users/devanshbansal/Desktop/ser/dataset/Audio_Speech_Actors_01-24/Actor_10/03-01-07-01-02-01-10.wav,03-01-07-01-02-01-10.wav,disgust,07,10,female,normal,2,Dogs are sitting by the door,1,speech,audio_only,16000
/Users/devanshbansal/Desktop/ser/dataset/Audio_Speech_Actors_01-24/Actor_10/03-01-07-01-02-02-10.wav,03-01-07-01-02-02-10.wav,disgust,07,10,female,normal,2,Dogs are sitting by the door,2,speech,audio_only,16000
/Users/devanshbansal/Desktop/ser/dataset/Audio_Speech_Actors_01-24/Actor_10/03-01-07-02-01-01-10.wav,03-01-07-02-01-01-10.wav,disgust,07,10,female,strong,1,Kids are talking by the door,1,speech,audio_only,16000
/Users/devanshbansal/Desktop/ser/dataset/Audio_Speech_Actors_01-24/Actor_10/03-01-07-02-01-02-10.wav,03-01-07-02-01-02-10.wav,disgust,07,10,female,strong,1,Kids are talking by the door,2,speech,audio_only,16000
/Users/devanshbansal/Desktop/ser/dataset/Audio_Speech_Actors_01-24/Actor_10/03-01-07-02-02-01-10.wav,03-01-07-02-02-01-10.wav,disgust,07,10,female,strong,2,Dogs are sitting by the door,1,speech,audio_only,16000
/Users/devanshbansal/Desktop/ser/dataset/Audio_Speech_Actors_01-24/Actor_10/03-01-07-02-02-02-10.wav,03-01-07-02-02-02-10.wav,disgust,07,10,female,strong,2,Dogs are sitting by the door,2,speech,audio_only,16000
/Users/devanshbansal/Desktop/ser/dataset/Audio_Speech_Actors_01-24/Actor_10/03-01-08-01-01-01-10.wav,03-01-08-01-01-01-10.wav,surprised,08,10,female,normal,1,Kids are talking by the door,1,speech,audio_only,16000
/Users/devanshbansal/Desktop/ser/dataset/Audio_Speech_Actors_01-24/Actor_10/03-01-08-01-01-02-10.wav,03-01-08-01-01-02-10.wav,surprised,08,10,female,normal,1,Kids are talking by the door,2,speech,audio_only,16000
/Users/devanshbansal/Desktop/ser/dataset/Audio_Speech_Actors_01-24/Actor_10/03-01-08-01-02-01-10.wav,03-01-08-01-02-01-10.wav,surprised,08,10,female,normal,2,Dogs are sitting by the door,1,speech,audio_only,16000
/Users/devanshbansal/Desktop/ser/dataset/Audio_Speech_Actors_01-24/Actor_10/03-01-08-01-02-02-10.wav,03-01-08-01-02-02-10.wav,surprised,08,10,female,normal,2,Dogs are sitting by the door,2,speech,audio_only,16000
/Users/devanshbansal/Desktop/ser/dataset/Audio_Speech_Actors_01-24/Actor_10/03-01-08-02-01-01-10.wav,03-01-08-02-01-01-10.wav,surprised,08,10,female,strong,1,Kids are talking by the door,1,speech,audio_only,16000
/Users/devanshbansal/Desktop/ser/dataset/Audio_Speech_Actors_01-24/Actor_10/03-01-08-02-01-02-10.wav,03-01-08-02-01-02-10.wav,surprised,08,10,female,strong,1,Kids are talking by the door,2,speech,audio_only,16000
/Users/devanshbansal/Desktop/ser/dataset/Audio_Speech_Actors_01-24/Actor_10/03-01-08-02-02-01-10.wav,03-01-08-02-02-01-10.wav,surprised,08,10,female,strong,2,Dogs are sitting by the door,1,speech,audio_only,16000
/Users/devanshbansal/Desktop/ser/dataset/Audio_Speech_Actors_01-24/Actor_10/03-01-08-02-02-02-10.wav,03-01-08-02-02-02-10.wav,surprised,08,10,female,strong,2,Dogs are sitting by the door,2,speech,audio_only,16000
/Users/devanshbansal/Desktop/ser/dataset/Audio_Speech_Actors_01-24/Actor_11/03-01-01-01-01-01-11.wav,03-01-01-01-01-01-11.wav,calm,01,11,male,normal,1,Kids are talking by the door,1,speech,audio_only,16000
/Users/devanshbansal/Desktop/ser/dataset/Audio_Speech_Actors_01-24/Actor_11/03-01-01-01-01-02-11.wav,03-01-01-01-01-02-11.wav,calm,01,11,male,normal,1,Kids are talking by the door,2,speech,audio_only,16000
/Users/devanshbansal/Desktop/ser/dataset/Audio_Speech_Actors_01-24/Actor_11/03-01-01-01-02-01-11.wav,03-01-01-01-02-01-11.wav,calm,01,11,male,normal,2,Dogs are sitting by the door,1,speech,audio_only,16000
/Users/devanshbansal/Desktop/ser/dataset/Audio_Speech_Actors_01-24/Actor_11/03-01-01-01-02-02-11.wav,03-01-01-01-02-02-11.wav,calm,01,11,male,normal,2,Dogs are sitting by the door,2,speech,audio_only,16000
/Users/devanshbansal/Desktop/ser/dataset/Audio_Speech_Actors_01-24/Actor_11/03-01-02-01-01-01-11.wav,03-01-02-01-01-01-11.wav,calm,02,11,male,normal,1,Kids are talking by the door,1,speech,audio_only,16000
/Users/devanshbansal/Desktop/ser/dataset/Audio_Speech_Actors_01-24/Actor_11/03-01-02-01-01-02-11.wav,03-01-02-01-01-02-11.wav,calm,02,11,male,normal,1,Kids are talking by the door,2,speech,audio_only,16000
/Users/devanshbansal/Desktop/ser/dataset/Audio_Speech_Actors_01-24/Actor_11/03-01-02-01-02-01-11.wav,03-01-02-01-02-01-11.wav,calm,02,11,male,normal,2,Dogs are sitting by the door,1,speech,audio_only,16000
/Users/devanshbansal/Desktop/ser/dataset/Audio_Speech_Actors_01-24/Actor_11/03-01-02-01-02-02-11.wav,03-01-02-01-02-02-11.wav,calm,02,11,male,normal,2,Dogs are sitting by the door,2,speech,audio_only,16000
/Users/devanshbansal/Desktop/ser/dataset/Audio_Speech_Actors_01-24/Actor_11/03-01-02-02-01-01-11.wav,03-01-02-02-01-01-11.wav,calm,02,11,male,strong,1,Kids are talking by the door,1,speech,audio_only,16000
/Users/devanshbansal/Desktop/ser/dataset/Audio_Speech_Actors_01-24/Actor_11/03-01-02-02-01-02-11.wav,03-01-02-02-01-02-11.wav,calm,02,11,male,strong,1,Kids are talking by the door,2,speech,audio_only,16000
/Users/devanshbansal/Desktop/ser/dataset/Audio_Speech_Actors_01-24/Actor_11/03-01-02-02-02-01-11.wav,03-01-02-02-02-01-11.wav,calm,02,11,male,strong,2,Dogs are sitting by the door,1,speech,audio_only,16000
/Users/devanshbansal/Desktop/ser/dataset/Audio_Speech_Actors_01-24/Actor_11/03-01-02-02-02-02-11.wav,03-01-02-02-02-02-11.wav,calm,02,11,male,strong,2,Dogs are sitting by the door,2,speech,audio_only,16000
/Users/devanshbansal/Desktop/ser/dataset/Audio_Speech_Actors_01-24/Actor_11/03-01-03-01-01-01-11.wav,03-01-03-01-01-01-11.wav,happy,03,11,male,normal,1,Kids are talking by the door,1,speech,audio_only,16000
/Users/devanshbansal/Desktop/ser/dataset/Audio_Speech_Actors_01-24/Actor_11/03-01-03-01-01-02-11.wav,03-01-03-01-01-02-11.wav,happy,03,11,male,normal,1,Kids are talking by the door,2,speech,audio_only,16000
/Users/devanshbansal/Desktop/ser/dataset/Audio_Speech_Actors_01-24/Actor_11/03-01-03-01-02-01-11.wav,03-01-03-01-02-01-11.wav,happy,03,11,male,normal,2,Dogs are sitting by the door,1,speech,audio_only,16000
/Users/devanshbansal/Desktop/ser/dataset/Audio_Speech_Actors_01-24/Actor_11/03-01-03-01-02-02-11.wav,03-01-03-01-02-02-11.wav,happy,03,11,male,normal,2,Dogs are sitting by the door,2,speech,audio_only,16000
/Users/devanshbansal/Desktop/ser/dataset/Audio_Speech_Actors_01-24/Actor_11/03-01-03-02-01-01-11.wav,03-01-03-02-01-01-11.wav,happy,03,11,male,strong,1,Kids are talking by the door,1,speech,audio_only,16000
/Users/devanshbansal/Desktop/ser/dataset/Audio_Speech_Actors_01-24/Actor_11/03-01-03-02-01-02-11.wav,03-01-03-02-01-02-11.wav,happy,03,11,male,strong,1,Kids are talking by the door,2,speech,audio_only,16000
/Users/devanshbansal/Desktop/ser/dataset/Audio_Speech_Actors_01-24/Actor_11/03-01-03-02-02-01-11.wav,03-01-03-02-02-01-11.wav,happy,03,11,male,strong,2,Dogs are sitting by the door,1,speech,audio_only,16000
/Users/devanshbansal/Desktop/ser/dataset/Audio_Speech_Actors_01-24/Actor_11/03-01-03-02-02-02-11.wav,03-01-03-02-02-02-11.wav,happy,03,11,male,strong,2,Dogs are sitting by the door,2,speech,audio_only,16000
/Users/devanshbansal/Desktop/ser/dataset/Audio_Speech_Actors_01-24/Actor_11/03-01-04-01-01-01-11.wav,03-01-04-01-01-01-11.wav,sad,04,11,male,normal,1,Kids are talking by the door,1,speech,audio_only,16000
/Users/devanshbansal/Desktop/ser/dataset/Audio_Speech_Actors_01-24/Actor_11/03-01-04-01-01-02-11.wav,03-01-04-01-01-02-11.wav,sad,04,11,male,normal,1,Kids are talking by the door,2,speech,audio_only,16000
/Users/devanshbansal/Desktop/ser/dataset/Audio_Speech_Actors_01-24/Actor_11/03-01-04-01-02-01-11.wav,03-01-04-01-02-01-11.wav,sad,04,11,male,normal,2,Dogs are sitting by the door,1,speech,audio_only,16000
/Users/devanshbansal/Desktop/ser/dataset/Audio_Speech_Actors_01-24/Actor_11/03-01-04-01-02-02-11.wav,03-01-04-01-02-02-11.wav,sad,04,11,male,normal,2,Dogs are sitting by the door,2,speech,audio_only,16000
/Users/devanshbansal/Desktop/ser/dataset/Audio_Speech_Actors_01-24/Actor_11/03-01-04-02-01-01-11.wav,03-01-04-02-01-01-11.wav,sad,04,11,male,strong,1,Kids are talking by the door,1,speech,audio_only,16000
/Users/devanshbansal/Desktop/ser/dataset/Audio_Speech_Actors_01-24/Actor_11/03-01-04-02-01-02-11.wav,03-01-04-02-01-02-11.wav,sad,04,11,male,strong,1,Kids are talking by the door,2,speech,audio_only,16000
/Users/devanshbansal/Desktop/ser/dataset/Audio_Speech_Actors_01-24/Actor_11/03-01-04-02-02-01-11.wav,03-01-04-02-02-01-11.wav,sad,04,11,male,strong,2,Dogs are sitting by the door,1,speech,audio_only,16000
/Users/devanshbansal/Desktop/ser/dataset/Audio_Speech_Actors_01-24/Actor_11/03-01-04-02-02-02-11.wav,03-01-04-02-02-02-11.wav,sad,04,11,male,strong,2,Dogs are sitting by the door,2,speech,audio_only,16000
/Users/devanshbansal/Desktop/ser/dataset/Audio_Speech_Actors_01-24/Actor_11/03-01-05-01-01-01-11.wav,03-01-05-01-01-01-11.wav,angry,05,11,male,normal,1,Kids are talking by the door,1,speech,audio_only,16000
/Users/devanshbansal/Desktop/ser/dataset/Audio_Speech_Actors_01-24/Actor_11/03-01-05-01-01-02-11.wav,03-01-05-01-01-02-11.wav,angry,05,11,male,normal,1,Kids are talking by the door,2,speech,audio_only,16000
/Users/devanshbansal/Desktop/ser/dataset/Audio_Speech_Actors_01-24/Actor_11/03-01-05-01-02-01-11.wav,03-01-05-01-02-01-11.wav,angry,05,11,male,normal,2,Dogs are sitting by the door,1,speech,audio_only,16000
/Users/devanshbansal/Desktop/ser/dataset/Audio_Speech_Actors_01-24/Actor_11/03-01-05-01-02-02-11.wav,03-01-05-01-02-02-11.wav,angry,05,11,male,normal,2,Dogs are sitting by the door,2,speech,audio_only,16000
/Users/devanshbansal/Desktop/ser/dataset/Audio_Speech_Actors_01-24/Actor_11/03-01-05-02-01-01-11.wav,03-01-05-02-01-01-11.wav,angry,05,11,male,strong,1,Kids are talking by the door,1,speech,audio_only,16000
/Users/devanshbansal/Desktop/ser/dataset/Audio_Speech_Actors_01-24/Actor_11/03-01-05-02-01-02-11.wav,03-01-05-02-01-02-11.wav,angry,05,11,male,strong,1,Kids are talking by the door,2,speech,audio_only,16000
/Users/devanshbansal/Desktop/ser/dataset/Audio_Speech_Actors_01-24/Actor_11/03-01-05-02-02-01-11.wav,03-01-05-02-02-01-11.wav,angry,05,11,male,strong,2,Dogs are sitting by the door,1,speech,audio_only,16000
/Users/devanshbansal/Desktop/ser/dataset/Audio_Speech_Actors_01-24/Actor_11/03-01-05-02-02-02-11.wav,03-01-05-02-02-02-11.wav,angry,05,11,male,strong,2,Dogs are sitting by the door,2,speech,audio_only,16000
/Users/devanshbansal/Desktop/ser/dataset/Audio_Speech_Actors_01-24/Actor_11/03-01-06-01-01-01-11.wav,03-01-06-01-01-01-11.wav,fearful,06,11,male,normal,1,Kids are talking by the door,1,speech,audio_only,16000
/Users/devanshbansal/Desktop/ser/dataset/Audio_Speech_Actors_01-24/Actor_11/03-01-06-01-01-02-11.wav,03-01-06-01-01-02-11.wav,fearful,06,11,male,normal,1,Kids are talking by the door,2,speech,audio_only,16000
/Users/devanshbansal/Desktop/ser/dataset/Audio_Speech_Actors_01-24/Actor_11/03-01-06-01-02-01-11.wav,03-01-06-01-02-01-11.wav,fearful,06,11,male,normal,2,Dogs are sitting by the door,1,speech,audio_only,16000
/Users/devanshbansal/Desktop/ser/dataset/Audio_Speech_Actors_01-24/Actor_11/03-01-06-01-02-02-11.wav,03-01-06-01-02-02-11.wav,fearful,06,11,male,normal,2,Dogs are sitting by the door,2,speech,audio_only,16000
/Users/devanshbansal/Desktop/ser/dataset/Audio_Speech_Actors_01-24/Actor_11/03-01-06-02-01-01-11.wav,03-01-06-02-01-01-11.wav,fearful,06,11,male,strong,1,Kids are talking by the door,1,speech,audio_only,16000
/Users/devanshbansal/Desktop/ser/dataset/Audio_Speech_Actors_01-24/Actor_11/03-01-06-02-01-02-11.wav,03-01-06-02-01-02-11.wav,fearful,06,11,male,strong,1,Kids are talking by the door,2,speech,audio_only,16000
/Users/devanshbansal/Desktop/ser/dataset/Audio_Speech_Actors_01-24/Actor_11/03-01-06-02-02-01-11.wav,03-01-06-02-02-01-11.wav,fearful,06,11,male,strong,2,Dogs are sitting by the door,1,speech,audio_only,16000
/Users/devanshbansal/Desktop/ser/dataset/Audio_Speech_Actors_01-24/Actor_11/03-01-06-02-02-02-11.wav,03-01-06-02-02-02-11.wav,fearful,06,11,male,strong,2,Dogs are sitting by the door,2,speech,audio_only,16000
/Users/devanshbansal/Desktop/ser/dataset/Audio_Speech_Actors_01-24/Actor_11/03-01-07-01-01-01-11.wav,03-01-07-01-01-01-11.wav,disgust,07,11,male,normal,1,Kids are talking by the door,1,speech,audio_only,16000
/Users/devanshbansal/Desktop/ser/dataset/Audio_Speech_Actors_01-24/Actor_11/03-01-07-01-01-02-11.wav,03-01-07-01-01-02-11.wav,disgust,07,11,male,normal,1,Kids are talking by the door,2,speech,audio_only,16000
/Users/devanshbansal/Desktop/ser/dataset/Audio_Speech_Actors_01-24/Actor_11/03-01-07-01-02-01-11.wav,03-01-07-01-02-01-11.wav,disgust,07,11,male,normal,2,Dogs are sitting by the door,1,speech,audio_only,16000
/Users/devanshbansal/Desktop/ser/dataset/Audio_Speech_Actors_01-24/Actor_11/03-01-07-01-02-02-11.wav,03-01-07-01-02-02-11.wav,disgust,07,11,male,normal,2,Dogs are sitting by the door,2,speech,audio_only,16000
/Users/devanshbansal/Desktop/ser/dataset/Audio_Speech_Actors_01-24/Actor_11/03-01-07-02-01-01-11.wav,03-01-07-02-01-01-11.wav,disgust,07,11,male,strong,1,Kids are talking by the door,1,speech,audio_only,16000
/Users/devanshbansal/Desktop/ser/dataset/Audio_Speech_Actors_01-24/Actor_11/03-01-07-02-01-02-11.wav,03-01-07-02-01-02-11.wav,disgust,07,11,male,strong,1,Kids are talking by the door,2,speech,audio_only,16000
/Users/devanshbansal/Desktop/ser/dataset/Audio_Speech_Actors_01-24/Actor_11/03-01-07-02-02-01-11.wav,03-01-07-02-02-01-11.wav,disgust,07,11,male,strong,2,Dogs are sitting by the door,1,speech,audio_only,16000
/Users/devanshbansal/Desktop/ser/dataset/Audio_Speech_Actors_01-24/Actor_11/03-01-07-02-02-02-11.wav,03-01-07-02-02-02-11.wav,disgust,07,11,male,strong,2,Dogs are sitting by the door,2,speech,audio_only,16000
/Users/devanshbansal/Desktop/ser/dataset/Audio_Speech_Actors_01-24/Actor_11/03-01-08-01-01-01-11.wav,03-01-08-01-01-01-11.wav,surprised,08,11,male,normal,1,Kids are talking by the door,1,speech,audio_only,16000
/Users/devanshbansal/Desktop/ser/dataset/Audio_Speech_Actors_01-24/Actor_11/03-01-08-01-01-02-11.wav,03-01-08-01-01-02-11.wav,surprised,08,11,male,normal,1,Kids are talking by the door,2,speech,audio_only,16000
/Users/devanshbansal/Desktop/ser/dataset/Audio_Speech_Actors_01-24/Actor_11/03-01-08-01-02-01-11.wav,03-01-08-01-02-01-11.wav,surprised,08,11,male,normal,2,Dogs are sitting by the door,1,speech,audio_only,16000
/Users/devanshbansal/Desktop/ser/dataset/Audio_Speech_Actors_01-24/Actor_11/03-01-08-01-02-02-11.wav,03-01-08-01-02-02-11.wav,surprised,08,11,male,normal,2,Dogs are sitting by the door,2,speech,audio_only,16000
/Users/devanshbansal/Desktop/ser/dataset/Audio_Speech_Actors_01-24/Actor_11/03-01-08-02-01-01-11.wav,03-01-08-02-01-01-11.wav,surprised,08,11,male,strong,1,Kids are talking by the door,1,speech,audio_only,16000
/Users/devanshbansal/Desktop/ser/dataset/Audio_Speech_Actors_01-24/Actor_11/03-01-08-02-01-02-11.wav,03-01-08-02-01-02-11.wav,surprised,08,11,male,strong,1,Kids are talking by the door,2,speech,audio_only,16000
/Users/devanshbansal/Desktop/ser/dataset/Audio_Speech_Actors_01-24/Actor_11/03-01-08-02-02-01-11.wav,03-01-08-02-02-01-11.wav,surprised,08,11,male,strong,2,Dogs are sitting by the door,1,speech,audio_only,16000
/Users/devanshbansal/Desktop/ser/dataset/Audio_Speech_Actors_01-24/Actor_11/03-01-08-02-02-02-11.wav,03-01-08-02-02-02-11.wav,surprised,08,11,male,strong,2,Dogs are sitting by the door,2,speech,audio_only,16000
/Users/devanshbansal/Desktop/ser/dataset/Audio_Speech_Actors_01-24/Actor_12/03-01-01-01-01-01-12.wav,03-01-01-01-01-01-12.wav,calm,01,12,female,normal,1,Kids are talking by the door,1,speech,audio_only,16000
/Users/devanshbansal/Desktop/ser/dataset/Audio_Speech_Actors_01-24/Actor_12/03-01-01-01-01-02-12.wav,03-01-01-01-01-02-12.wav,calm,01,12,female,normal,1,Kids are talking by the door,2,speech,audio_only,16000
/Users/devanshbansal/Desktop/ser/dataset/Audio_Speech_Actors_01-24/Actor_12/03-01-01-01-02-01-12.wav,03-01-01-01-02-01-12.wav,calm,01,12,female,normal,2,Dogs are sitting by the door,1,speech,audio_only,16000
/Users/devanshbansal/Desktop/ser/dataset/Audio_Speech_Actors_01-24/Actor_12/03-01-01-01-02-02-12.wav,03-01-01-01-02-02-12.wav,calm,01,12,female,normal,2,Dogs are sitting by the door,2,speech,audio_only,16000
/Users/devanshbansal/Desktop/ser/dataset/Audio_Speech_Actors_01-24/Actor_12/03-01-02-01-01-01-12.wav,03-01-02-01-01-01-12.wav,calm,02,12,female,normal,1,Kids are talking by the door,1,speech,audio_only,16000
/Users/devanshbansal/Desktop/ser/dataset/Audio_Speech_Actors_01-24/Actor_12/03-01-02-01-01-02-12.wav,03-01-02-01-01-02-12.wav,calm,02,12,female,normal,1,Kids are talking by the door,2,speech,audio_only,16000
/Users/devanshbansal/Desktop/ser/dataset/Audio_Speech_Actors_01-24/Actor_12/03-01-02-01-02-01-12.wav,03-01-02-01-02-01-12.wav,calm,02,12,female,normal,2,Dogs are sitting by the door,1,speech,audio_only,16000
/Users/devanshbansal/Desktop/ser/dataset/Audio_Speech_Actors_01-24/Actor_12/03-01-02-01-02-02-12.wav,03-01-02-01-02-02-12.wav,calm,02,12,female,normal,2,Dogs are sitting by the door,2,speech,audio_only,16000
/Users/devanshbansal/Desktop/ser/dataset/Audio_Speech_Actors_01-24/Actor_12/03-01-02-02-01-01-12.wav,03-01-02-02-01-01-12.wav,calm,02,12,female,strong,1,Kids are talking by the door,1,speech,audio_only,16000
/Users/devanshbansal/Desktop/ser/dataset/Audio_Speech_Actors_01-24/Actor_12/03-01-02-02-01-02-12.wav,03-01-02-02-01-02-12.wav,calm,02,12,female,strong,1,Kids are talking by the door,2,speech,audio_only,16000
/Users/devanshbansal/Desktop/ser/dataset/Audio_Speech_Actors_01-24/Actor_12/03-01-02-02-02-01-12.wav,03-01-02-02-02-01-12.wav,calm,02,12,female,strong,2,Dogs are sitting by the door,1,speech,audio_only,16000
/Users/devanshbansal/Desktop/ser/dataset/Audio_Speech_Actors_01-24/Actor_12/03-01-02-02-02-02-12.wav,03-01-02-02-02-02-12.wav,calm,02,12,female,strong,2,Dogs are sitting by the door,2,speech,audio_only,16000
/Users/devanshbansal/Desktop/ser/dataset/Audio_Speech_Actors_01-24/Actor_12/03-01-03-01-01-01-12.wav,03-01-03-01-01-01-12.wav,happy,03,12,female,normal,1,Kids are talking by the door,1,speech,audio_only,16000
/Users/devanshbansal/Desktop/ser/dataset/Audio_Speech_Actors_01-24/Actor_12/03-01-03-01-01-02-12.wav,03-01-03-01-01-02-12.wav,happy,03,12,female,normal,1,Kids are talking by the door,2,speech,audio_only,16000
/Users/devanshbansal/Desktop/ser/dataset/Audio_Speech_Actors_01-24/Actor_12/03-01-03-01-02-01-12.wav,03-01-03-01-02-01-12.wav,happy,03,12,female,normal,2,Dogs are sitting by the door,1,speech,audio_only,16000
/Users/devanshbansal/Desktop/ser/dataset/Audio_Speech_Actors_01-24/Actor_12/03-01-03-01-02-02-12.wav,03-01-03-01-02-02-12.wav,happy,03,12,female,normal,2,Dogs are sitting by the door,2,speech,audio_only,16000
/Users/devanshbansal/Desktop/ser/dataset/Audio_Speech_Actors_01-24/Actor_12/03-01-03-02-01-01-12.wav,03-01-03-02-01-01-12.wav,happy,03,12,female,strong,1,Kids are talking by the door,1,speech,audio_only,16000
/Users/devanshbansal/Desktop/ser/dataset/Audio_Speech_Actors_01-24/Actor_12/03-01-03-02-01-02-12.wav,03-01-03-02-01-02-12.wav,happy,03,12,female,strong,1,Kids are talking by the door,2,speech,audio_only,16000
/Users/devanshbansal/Desktop/ser/dataset/Audio_Speech_Actors_01-24/Actor_12/03-01-03-02-02-01-12.wav,03-01-03-02-02-01-12.wav,happy,03,12,female,strong,2,Dogs are sitting by the door,1,speech,audio_only,16000
/Users/devanshbansal/Desktop/ser/dataset/Audio_Speech_Actors_01-24/Actor_12/03-01-03-02-02-02-12.wav,03-01-03-02-02-02-12.wav,happy,03,12,female,strong,2,Dogs are sitting by the door,2,speech,audio_only,16000
/Users/devanshbansal/Desktop/ser/dataset/Audio_Speech_Actors_01-24/Actor_12/03-01-04-01-01-01-12.wav,03-01-04-01-01-01-12.wav,sad,04,12,female,normal,1,Kids are talking by the door,1,speech,audio_only,16000
/Users/devanshbansal/Desktop/ser/dataset/Audio_Speech_Actors_01-24/Actor_12/03-01-04-01-01-02-12.wav,03-01-04-01-01-02-12.wav,sad,04,12,female,normal,1,Kids are talking by the door,2,speech,audio_only,16000
/Users/devanshbansal/Desktop/ser/dataset/Audio_Speech_Actors_01-24/Actor_12/03-01-04-01-02-01-12.wav,03-01-04-01-02-01-12.wav,sad,04,12,female,normal,2,Dogs are sitting by the door,1,speech,audio_only,16000
/Users/devanshbansal/Desktop/ser/dataset/Audio_Speech_Actors_01-24/Actor_12/03-01-04-01-02-02-12.wav,03-01-04-01-02-02-12.wav,sad,04,12,female,normal,2,Dogs are sitting by the door,2,speech,audio_only,16000
/Users/devanshbansal/Desktop/ser/dataset/Audio_Speech_Actors_01-24/Actor_12/03-01-04-02-01-01-12.wav,03-01-04-02-01-01-12.wav,sad,04,12,female,strong,1,Kids are talking by the door,1,speech,audio_only,16000
/Users/devanshbansal/Desktop/ser/dataset/Audio_Speech_Actors_01-24/Actor_12/03-01-04-02-01-02-12.wav,03-01-04-02-01-02-12.wav,sad,04,12,female,strong,1,Kids are talking by the door,2,speech,audio_only,16000
/Users/devanshbansal/Desktop/ser/dataset/Audio_Speech_Actors_01-24/Actor_12/03-01-04-02-02-01-12.wav,03-01-04-02-02-01-12.wav,sad,04,12,female,strong,2,Dogs are sitting by the door,1,speech,audio_only,16000
/Users/devanshbansal/Desktop/ser/dataset/Audio_Speech_Actors_01-24/Actor_12/03-01-04-02-02-02-12.wav,03-01-04-02-02-02-12.wav,sad,04,12,female,strong,2,Dogs are sitting by the door,2,speech,audio_only,16000
/Users/devanshbansal/Desktop/ser/dataset/Audio_Speech_Actors_01-24/Actor_12/03-01-05-01-01-01-12.wav,03-01-05-01-01-01-12.wav,angry,05,12,female,normal,1,Kids are talking by the door,1,speech,audio_only,16000
/Users/devanshbansal/Desktop/ser/dataset/Audio_Speech_Actors_01-24/Actor_12/03-01-05-01-01-02-12.wav,03-01-05-01-01-02-12.wav,angry,05,12,female,normal,1,Kids are talking by the door,2,speech,audio_only,16000
/Users/devanshbansal/Desktop/ser/dataset/Audio_Speech_Actors_01-24/Actor_12/03-01-05-01-02-01-12.wav,03-01-05-01-02-01-12.wav,angry,05,12,female,normal,2,Dogs are sitting by the door,1,speech,audio_only,16000
/Users/devanshbansal/Desktop/ser/dataset/Audio_Speech_Actors_01-24/Actor_12/03-01-05-01-02-02-12.wav,03-01-05-01-02-02-12.wav,angry,05,12,female,normal,2,Dogs are sitting by the door,2,speech,audio_only,16000
/Users/devanshbansal/Desktop/ser/dataset/Audio_Speech_Actors_01-24/Actor_12/03-01-05-02-01-01-12.wav,03-01-05-02-01-01-12.wav,angry,05,12,female,strong,1,Kids are talking by the door,1,speech,audio_only,16000
/Users/devanshbansal/Desktop/ser/dataset/Audio_Speech_Actors_01-24/Actor_12/03-01-05-02-01-02-12.wav,03-01-05-02-01-02-12.wav,angry,05,12,female,strong,1,Kids are talking by the door,2,speech,audio_only,16000
/Users/devanshbansal/Desktop/ser/dataset/Audio_Speech_Actors_01-24/Actor_12/03-01-05-02-02-01-12.wav,03-01-05-02-02-01-12.wav,angry,05,12,female,strong,2,Dogs are sitting by the door,1,speech,audio_only,16000
/Users/devanshbansal/Desktop/ser/dataset/Audio_Speech_Actors_01-24/Actor_12/03-01-05-02-02-02-12.wav,03-01-05-02-02-02-12.wav,angry,05,12,female,strong,2,Dogs are sitting by the door,2,speech,audio_only,16000
/Users/devanshbansal/Desktop/ser/dataset/Audio_Speech_Actors_01-24/Actor_12/03-01-06-01-01-01-12.wav,03-01-06-01-01-01-12.wav,fearful,06,12,female,normal,1,Kids are talking by the door,1,speech,audio_only,16000
/Users/devanshbansal/Desktop/ser/dataset/Audio_Speech_Actors_01-24/Actor_12/03-01-06-01-01-02-12.wav,03-01-06-01-01-02-12.wav,fearful,06,12,female,normal,1,Kids are talking by the door,2,speech,audio_only,16000
/Users/devanshbansal/Desktop/ser/dataset/Audio_Speech_Actors_01-24/Actor_12/03-01-06-01-02-01-12.wav,03-01-06-01-02-01-12.wav,fearful,06,12,female,normal,2,Dogs are sitting by the door,1,speech,audio_only,16000
/Users/devanshbansal/Desktop/ser/dataset/Audio_Speech_Actors_01-24/Actor_12/03-01-06-01-02-02-12.wav,03-01-06-01-02-02-12.wav,fearful,06,12,female,normal,2,Dogs are sitting by the door,2,speech,audio_only,16000
/Users/devanshbansal/Desktop/ser/dataset/Audio_Speech_Actors_01-24/Actor_12/03-01-06-02-01-01-12.wav,03-01-06-02-01-01-12.wav,fearful,06,12,female,strong,1,Kids are talking by the door,1,speech,audio_only,16000
/Users/devanshbansal/Desktop/ser/dataset/Audio_Speech_Actors_01-24/Actor_12/03-01-06-02-01-02-12.wav,03-01-06-02-01-02-12.wav,fearful,06,12,female,strong,1,Kids are talking by the door,2,speech,audio_only,16000
/Users/devanshbansal/Desktop/ser/dataset/Audio_Speech_Actors_01-24/Actor_12/03-01-06-02-02-01-12.wav,03-01-06-02-02-01-12.wav,fearful,06,12,female,strong,2,Dogs are sitting by the door,1,speech,audio_only,16000
/Users/devanshbansal/Desktop/ser/dataset/Audio_Speech_Actors_01-24/Actor_12/03-01-06-02-02-02-12.wav,03-01-06-02-02-02-12.wav,fearful,06,12,female,strong,2,Dogs are sitting by the door,2,speech,audio_only,16000
/Users/devanshbansal/Desktop/ser/dataset/Audio_Speech_Actors_01-24/Actor_12/03-01-07-01-01-01-12.wav,03-01-07-01-01-01-12.wav,disgust,07,12,female,normal,1,Kids are talking by the door,1,speech,audio_only,16000
/Users/devanshbansal/Desktop/ser/dataset/Audio_Speech_Actors_01-24/Actor_12/03-01-07-01-01-02-12.wav,03-01-07-01-01-02-12.wav,disgust,07,12,female,normal,1,Kids are talking by the door,2,speech,audio_only,16000
/Users/devanshbansal/Desktop/ser/dataset/Audio_Speech_Actors_01-24/Actor_12/03-01-07-01-02-01-12.wav,03-01-07-01-02-01-12.wav,disgust,07,12,female,normal,2,Dogs are sitting by the door,1,speech,audio_only,16000
/Users/devanshbansal/Desktop/ser/dataset/Audio_Speech_Actors_01-24/Actor_12/03-01-07-01-02-02-12.wav,03-01-07-01-02-02-12.wav,disgust,07,12,female,normal,2,Dogs are sitting by the door,2,speech,audio_only,16000
/Users/devanshbansal/Desktop/ser/dataset/Audio_Speech_Actors_01-24/Actor_12/03-01-07-02-01-01-12.wav,03-01-07-02-01-01-12.wav,disgust,07,12,female,strong,1,Kids are talking by the door,1,speech,audio_only,16000
/Users/devanshbansal/Desktop/ser/dataset/Audio_Speech_Actors_01-24/Actor_12/03-01-07-02-01-02-12.wav,03-01-07-02-01-02-12.wav,disgust,07,12,female,strong,1,Kids are talking by the door,2,speech,audio_only,16000
/Users/devanshbansal/Desktop/ser/dataset/Audio_Speech_Actors_01-24/Actor_12/03-01-07-02-02-01-12.wav,03-01-07-02-02-01-12.wav,disgust,07,12,female,strong,2,Dogs are sitting by the door,1,speech,audio_only,16000
/Users/devanshbansal/Desktop/ser/dataset/Audio_Speech_Actors_01-24/Actor_12/03-01-07-02-02-02-12.wav,03-01-07-02-02-02-12.wav,disgust,07,12,female,strong,2,Dogs are sitting by the door,2,speech,audio_only,16000
/Users/devanshbansal/Desktop/ser/dataset/Audio_Speech_Actors_01-24/Actor_12/03-01-08-01-01-01-12.wav,03-01-08-01-01-01-12.wav,surprised,08,12,female,normal,1,Kids are talking by the door,1,speech,audio_only,16000
/Users/devanshbansal/Desktop/ser/dataset/Audio_Speech_Actors_01-24/Actor_12/03-01-08-01-01-02-12.wav,03-01-08-01-01-02-12.wav,surprised,08,12,female,normal,1,Kids are talking by the door,2,speech,audio_only,16000
/Users/devanshbansal/Desktop/ser/dataset/Audio_Speech_Actors_01-24/Actor_12/03-01-08-01-02-01-12.wav,03-01-08-01-02-01-12.wav,surprised,08,12,female,normal,2,Dogs are sitting by the door,1,speech,audio_only,16000
/Users/devanshbansal/Desktop/ser/dataset/Audio_Speech_Actors_01-24/Actor_12/03-01-08-01-02-02-12.wav,03-01-08-01-02-02-12.wav,surprised,08,12,female,normal,2,Dogs are sitting by the door,2,speech,audio_only,16000
/Users/devanshbansal/Desktop/ser/dataset/Audio_Speech_Actors_01-24/Actor_12/03-01-08-02-01-01-12.wav,03-01-08-02-01-01-12.wav,surprised,08,12,female,strong,1,Kids are talking by the door,1,speech,audio_only,16000
/Users/devanshbansal/Desktop/ser/dataset/Audio_Speech_Actors_01-24/Actor_12/03-01-08-02-01-02-12.wav,03-01-08-02-01-02-12.wav,surprised,08,12,female,strong,1,Kids are talking by the door,2,speech,audio_only,16000
/Users/devanshbansal/Desktop/ser/dataset/Audio_Speech_Actors_01-24/Actor_12/03-01-08-02-02-01-12.wav,03-01-08-02-02-01-12.wav,surprised,08,12,female,strong,2,Dogs are sitting by the door,1,speech,audio_only,16000
/Users/devanshbansal/Desktop/ser/dataset/Audio_Speech_Actors_01-24/Actor_12/03-01-08-02-02-02-12.wav,03-01-08-02-02-02-12.wav,surprised,08,12,female,strong,2,Dogs are sitting by the door,2,speech,audio_only,16000
/Users/devanshbansal/Desktop/ser/dataset/Audio_Speech_Actors_01-24/Actor_13/03-01-01-01-01-01-13.wav,03-01-01-01-01-01-13.wav,calm,01,13,male,normal,1,Kids are talking by the door,1,speech,audio_only,16000
/Users/devanshbansal/Desktop/ser/dataset/Audio_Speech_Actors_01-24/Actor_13/03-01-01-01-01-02-13.wav,03-01-01-01-01-02-13.wav,calm,01,13,male,normal,1,Kids are talking by the door,2,speech,audio_only,16000
/Users/devanshbansal/Desktop/ser/dataset/Audio_Speech_Actors_01-24/Actor_13/03-01-01-01-02-01-13.wav,03-01-01-01-02-01-13.wav,calm,01,13,male,normal,2,Dogs are sitting by the door,1,speech,audio_only,16000
/Users/devanshbansal/Desktop/ser/dataset/Audio_Speech_Actors_01-24/Actor_13/03-01-01-01-02-02-13.wav,03-01-01-01-02-02-13.wav,calm,01,13,male,normal,2,Dogs are sitting by the door,2,speech,audio_only,16000
/Users/devanshbansal/Desktop/ser/dataset/Audio_Speech_Actors_01-24/Actor_13/03-01-02-01-01-01-13.wav,03-01-02-01-01-01-13.wav,calm,02,13,male,normal,1,Kids are talking by the door,1,speech,audio_only,16000
/Users/devanshbansal/Desktop/ser/dataset/Audio_Speech_Actors_01-24/Actor_13/03-01-02-01-01-02-13.wav,03-01-02-01-01-02-13.wav,calm,02,13,male,normal,1,Kids are talking by the door,2,speech,audio_only,16000
/Users/devanshbansal/Desktop/ser/dataset/Audio_Speech_Actors_01-24/Actor_13/03-01-02-01-02-01-13.wav,03-01-02-01-02-01-13.wav,calm,02,13,male,normal,2,Dogs are sitting by the door,1,speech,audio_only,16000
/Users/devanshbansal/Desktop/ser/dataset/Audio_Speech_Actors_01-24/Actor_13/03-01-02-01-02-02-13.wav,03-01-02-01-02-02-13.wav,calm,02,13,male,normal,2,Dogs are sitting by the door,2,speech,audio_only,16000
/Users/devanshbansal/Desktop/ser/dataset/Audio_Speech_Actors_01-24/Actor_13/03-01-02-02-01-01-13.wav,03-01-02-02-01-01-13.wav,calm,02,13,male,strong,1,Kids are talking by the door,1,speech,audio_only,16000
/Users/devanshbansal/Desktop/ser/dataset/Audio_Speech_Actors_01-24/Actor_13/03-01-02-02-01-02-13.wav,03-01-02-02-01-02-13.wav,calm,02,13,male,strong,1,Kids are talking by the door,2,speech,audio_only,16000
/Users/devanshbansal/Desktop/ser/dataset/Audio_Speech_Actors_01-24/Actor_13/03-01-02-02-02-01-13.wav,03-01-02-02-02-01-13.wav,calm,02,13,male,strong,2,Dogs are sitting by the door,1,speech,audio_only,16000
/Users/devanshbansal/Desktop/ser/dataset/Audio_Speech_Actors_01-24/Actor_13/03-01-02-02-02-02-13.wav,03-01-02-02-02-02-13.wav,calm,02,13,male,strong,2,Dogs are sitting by the door,2,speech,audio_only,16000
/Users/devanshbansal/Desktop/ser/dataset/Audio_Speech_Actors_01-24/Actor_13/03-01-03-01-01-01-13.wav,03-01-03-01-01-01-13.wav,happy,03,13,male,normal,1,Kids are talking by the door,1,speech,audio_only,16000
/Users/devanshbansal/Desktop/ser/dataset/Audio_Speech_Actors_01-24/Actor_13/03-01-03-01-01-02-13.wav,03-01-03-01-01-02-13.wav,happy,03,13,male,normal,1,Kids are talking by the door,2,speech,audio_only,16000
/Users/devanshbansal/Desktop/ser/dataset/Audio_Speech_Actors_01-24/Actor_13/03-01-03-01-02-01-13.wav,03-01-03-01-02-01-13.wav,happy,03,13,male,normal,2,Dogs are sitting by the door,1,speech,audio_only,16000
/Users/devanshbansal/Desktop/ser/dataset/Audio_Speech_Actors_01-24/Actor_13/03-01-03-01-02-02-13.wav,03-01-03-01-02-02-13.wav,happy,03,13,male,normal,2,Dogs are sitting by the door,2,speech,audio_only,16000
/Users/devanshbansal/Desktop/ser/dataset/Audio_Speech_Actors_01-24/Actor_13/03-01-03-02-01-01-13.wav,03-01-03-02-01-01-13.wav,happy,03,13,male,strong,1,Kids are talking by the door,1,speech,audio_only,16000
/Users/devanshbansal/Desktop/ser/dataset/Audio_Speech_Actors_01-24/Actor_13/03-01-03-02-01-02-13.wav,03-01-03-02-01-02-13.wav,happy,03,13,male,strong,1,Kids are talking by the door,2,speech,audio_only,16000
/Users/devanshbansal/Desktop/ser/dataset/Audio_Speech_Actors_01-24/Actor_13/03-01-03-02-02-01-13.wav,03-01-03-02-02-01-13.wav,happy,03,13,male,strong,2,Dogs are sitting by the door,1,speech,audio_only,16000
/Users/devanshbansal/Desktop/ser/dataset/Audio_Speech_Actors_01-24/Actor_13/03-01-03-02-02-02-13.wav,03-01-03-02-02-02-13.wav,happy,03,13,male,strong,2,Dogs are sitting by the door,2,speech,audio_only,16000
/Users/devanshbansal/Desktop/ser/dataset/Audio_Speech_Actors_01-24/Actor_13/03-01-04-01-01-01-13.wav,03-01-04-01-01-01-13.wav,sad,04,13,male,normal,1,Kids are talking by the door,1,speech,audio_only,16000
/Users/devanshbansal/Desktop/ser/dataset/Audio_Speech_Actors_01-24/Actor_13/03-01-04-01-01-02-13.wav,03-01-04-01-01-02-13.wav,sad,04,13,male,normal,1,Kids are talking by the door,2,speech,audio_only,16000
/Users/devanshbansal/Desktop/ser/dataset/Audio_Speech_Actors_01-24/Actor_13/03-01-04-01-02-01-13.wav,03-01-04-01-02-01-13.wav,sad,04,13,male,normal,2,Dogs are sitting by the door,1,speech,audio_only,16000
/Users/devanshbansal/Desktop/ser/dataset/Audio_Speech_Actors_01-24/Actor_13/03-01-04-01-02-02-13.wav,03-01-04-01-02-02-13.wav,sad,04,13,male,normal,2,Dogs are sitting by the door,2,speech,audio_only,16000
/Users/devanshbansal/Desktop/ser/dataset/Audio_Speech_Actors_01-24/Actor_13/03-01-04-02-01-01-13.wav,03-01-04-02-01-01-13.wav,sad,04,13,male,strong,1,Kids are talking by the door,1,speech,audio_only,16000
/Users/devanshbansal/Desktop/ser/dataset/Audio_Speech_Actors_01-24/Actor_13/03-01-04-02-01-02-13.wav,03-01-04-02-01-02-13.wav,sad,04,13,male,strong,1,Kids are talking by the door,2,speech,audio_only,16000
/Users/devanshbansal/Desktop/ser/dataset/Audio_Speech_Actors_01-24/Actor_13/03-01-04-02-02-01-13.wav,03-01-04-02-02-01-13.wav,sad,04,13,male,strong,2,Dogs are sitting by the door,1,speech,audio_only,16000
/Users/devanshbansal/Desktop/ser/dataset/Audio_Speech_Actors_01-24/Actor_13/03-01-04-02-02-02-13.wav,03-01-04-02-02-02-13.wav,sad,04,13,male,strong,2,Dogs are sitting by the door,2,speech,audio_only,16000
/Users/devanshbansal/Desktop/ser/dataset/Audio_Speech_Actors_01-24/Actor_13/03-01-05-01-01-01-13.wav,03-01-05-01-01-01-13.wav,angry,05,13,male,normal,1,Kids are talking by the door,1,speech,audio_only,16000
/Users/devanshbansal/Desktop/ser/dataset/Audio_Speech_Actors_01-24/Actor_13/03-01-05-01-01-02-13.wav,03-01-05-01-01-02-13.wav,angry,05,13,male,normal,1,Kids are talking by the door,2,speech,audio_only,16000
/Users/devanshbansal/Desktop/ser/dataset/Audio_Speech_Actors_01-24/Actor_13/03-01-05-01-02-01-13.wav,03-01-05-01-02-01-13.wav,angry,05,13,male,normal,2,Dogs are sitting by the door,1,speech,audio_only,16000
/Users/devanshbansal/Desktop/ser/dataset/Audio_Speech_Actors_01-24/Actor_13/03-01-05-01-02-02-13.wav,03-01-05-01-02-02-13.wav,angry,05,13,male,normal,2,Dogs are sitting by the door,2,speech,audio_only,16000
/Users/devanshbansal/Desktop/ser/dataset/Audio_Speech_Actors_01-24/Actor_13/03-01-05-02-01-01-13.wav,03-01-05-02-01-01-13.wav,angry,05,13,male,strong,1,Kids are talking by the door,1,speech,audio_only,16000
/Users/devanshbansal/Desktop/ser/dataset/Audio_Speech_Actors_01-24/Actor_13/03-01-05-02-01-02-13.wav,03-01-05-02-01-02-13.wav,angry,05,13,male,strong,1,Kids are talking by the door,2,speech,audio_only,16000
/Users/devanshbansal/Desktop/ser/dataset/Audio_Speech_Actors_01-24/Actor_13/03-01-05-02-02-01-13.wav,03-01-05-02-02-01-13.wav,angry,05,13,male,strong,2,Dogs are sitting by the door,1,speech,audio_only,16000
/Users/devanshbansal/Desktop/ser/dataset/Audio_Speech_Actors_01-24/Actor_13/03-01-05-02-02-02-13.wav,03-01-05-02-02-02-13.wav,angry,05,13,male,strong,2,Dogs are sitting by the door,2,speech,audio_only,16000
/Users/devanshbansal/Desktop/ser/dataset/Audio_Speech_Actors_01-24/Actor_13/03-01-06-01-01-01-13.wav,03-01-06-01-01-01-13.wav,fearful,06,13,male,normal,1,Kids are talking by the door,1,speech,audio_only,16000
/Users/devanshbansal/Desktop/ser/dataset/Audio_Speech_Actors_01-24/Actor_13/03-01-06-01-01-02-13.wav,03-01-06-01-01-02-13.wav,fearful,06,13,male,normal,1,Kids are talking by the door,2,speech,audio_only,16000
/Users/devanshbansal/Desktop/ser/dataset/Audio_Speech_Actors_01-24/Actor_13/03-01-06-01-02-01-13.wav,03-01-06-01-02-01-13.wav,fearful,06,13,male,normal,2,Dogs are sitting by the door,1,speech,audio_only,16000
/Users/devanshbansal/Desktop/ser/dataset/Audio_Speech_Actors_01-24/Actor_13/03-01-06-01-02-02-13.wav,03-01-06-01-02-02-13.wav,fearful,06,13,male,normal,2,Dogs are sitting by the door,2,speech,audio_only,16000
/Users/devanshbansal/Desktop/ser/dataset/Audio_Speech_Actors_01-24/Actor_13/03-01-06-02-01-01-13.wav,03-01-06-02-01-01-13.wav,fearful,06,13,male,strong,1,Kids are talking by the door,1,speech,audio_only,16000
/Users/devanshbansal/Desktop/ser/dataset/Audio_Speech_Actors_01-24/Actor_13/03-01-06-02-01-02-13.wav,03-01-06-02-01-02-13.wav,fearful,06,13,male,strong,1,Kids are talking by the door,2,speech,audio_only,16000
/Users/devanshbansal/Desktop/ser/dataset/Audio_Speech_Actors_01-24/Actor_13/03-01-06-02-02-01-13.wav,03-01-06-02-02-01-13.wav,fearful,06,13,male,strong,2,Dogs are sitting by the door,1,speech,audio_only,16000
/Users/devanshbansal/Desktop/ser/dataset/Audio_Speech_Actors_01-24/Actor_13/03-01-06-02-02-02-13.wav,03-01-06-02-02-02-13.wav,fearful,06,13,male,strong,2,Dogs are sitting by the door,2,speech,audio_only,16000
/Users/devanshbansal/Desktop/ser/dataset/Audio_Speech_Actors_01-24/Actor_13/03-01-07-01-01-01-13.wav,03-01-07-01-01-01-13.wav,disgust,07,13,male,normal,1,Kids are talking by the door,1,speech,audio_only,16000
/Users/devanshbansal/Desktop/ser/dataset/Audio_Speech_Actors_01-24/Actor_13/03-01-07-01-01-02-13.wav,03-01-07-01-01-02-13.wav,disgust,07,13,male,normal,1,Kids are talking by the door,2,speech,audio_only,16000
/Users/devanshbansal/Desktop/ser/dataset/Audio_Speech_Actors_01-24/Actor_13/03-01-07-01-02-01-13.wav,03-01-07-01-02-01-13.wav,disgust,07,13,male,normal,2,Dogs are sitting by the door,1,speech,audio_only,16000
/Users/devanshbansal/Desktop/ser/dataset/Audio_Speech_Actors_01-24/Actor_13/03-01-07-01-02-02-13.wav,03-01-07-01-02-02-13.wav,disgust,07,13,male,normal,2,Dogs are sitting by the door,2,speech,audio_only,16000
/Users/devanshbansal/Desktop/ser/dataset/Audio_Speech_Actors_01-24/Actor_13/03-01-07-02-01-01-13.wav,03-01-07-02-01-01-13.wav,disgust,07,13,male,strong,1,Kids are talking by the door,1,speech,audio_only,16000
/Users/devanshbansal/Desktop/ser/dataset/Audio_Speech_Actors_01-24/Actor_13/03-01-07-02-01-02-13.wav,03-01-07-02-01-02-13.wav,disgust,07,13,male,strong,1,Kids are talking by the door,2,speech,audio_only,16000
/Users/devanshbansal/Desktop/ser/dataset/Audio_Speech_Actors_01-24/Actor_13/03-01-07-02-02-01-13.wav,03-01-07-02-02-01-13.wav,disgust,07,13,male,strong,2,Dogs are sitting by the door,1,speech,audio_only,16000
/Users/devanshbansal/Desktop/ser/dataset/Audio_Speech_Actors_01-24/Actor_13/03-01-07-02-02-02-13.wav,03-01-07-02-02-02-13.wav,disgust,07,13,male,strong,2,Dogs are sitting by the door,2,speech,audio_only,16000
/Users/devanshbansal/Desktop/ser/dataset/Audio_Speech_Actors_01-24/Actor_13/03-01-08-01-01-01-13.wav,03-01-08-01-01-01-13.wav,surprised,08,13,male,normal,1,Kids are talking by the door,1,speech,audio_only,16000
/Users/devanshbansal/Desktop/ser/dataset/Audio_Speech_Actors_01-24/Actor_13/03-01-08-01-01-02-13.wav,03-01-08-01-01-02-13.wav,surprised,08,13,male,normal,1,Kids are talking by the door,2,speech,audio_only,16000
/Users/devanshbansal/Desktop/ser/dataset/Audio_Speech_Actors_01-24/Actor_13/03-01-08-01-02-01-13.wav,03-01-08-01-02-01-13.wav,surprised,08,13,male,normal,2,Dogs are sitting by the door,1,speech,audio_only,16000
/Users/devanshbansal/Desktop/ser/dataset/Audio_Speech_Actors_01-24/Actor_13/03-01-08-01-02-02-13.wav,03-01-08-01-02-02-13.wav,surprised,08,13,male,normal,2,Dogs are sitting by the door,2,speech,audio_only,16000
/Users/devanshbansal/Desktop/ser/dataset/Audio_Speech_Actors_01-24/Actor_13/03-01-08-02-01-01-13.wav,03-01-08-02-01-01-13.wav,surprised,08,13,male,strong,1,Kids are talking by the door,1,speech,audio_only,16000
/Users/devanshbansal/Desktop/ser/dataset/Audio_Speech_Actors_01-24/Actor_13/03-01-08-02-01-02-13.wav,03-01-08-02-01-02-13.wav,surprised,08,13,male,strong,1,Kids are talking by the door,2,speech,audio_only,16000
/Users/devanshbansal/Desktop/ser/dataset/Audio_Speech_Actors_01-24/Actor_13/03-01-08-02-02-01-13.wav,03-01-08-02-02-01-13.wav,surprised,08,13,male,strong,2,Dogs are sitting by the door,1,speech,audio_only,16000
/Users/devanshbansal/Desktop/ser/dataset/Audio_Speech_Actors_01-24/Actor_13/03-01-08-02-02-02-13.wav,03-01-08-02-02-02-13.wav,surprised,08,13,male,strong,2,Dogs are sitting by the door,2,speech,audio_only,16000
/Users/devanshbansal/Desktop/ser/dataset/Audio_Speech_Actors_01-24/Actor_14/03-01-01-01-01-01-14.wav,03-01-01-01-01-01-14.wav,calm,01,14,female,normal,1,Kids are talking by the door,1,speech,audio_only,16000
/Users/devanshbansal/Desktop/ser/dataset/Audio_Speech_Actors_01-24/Actor_14/03-01-01-01-01-02-14.wav,03-01-01-01-01-02-14.wav,calm,01,14,female,normal,1,Kids are talking by the door,2,speech,audio_only,16000
/Users/devanshbansal/Desktop/ser/dataset/Audio_Speech_Actors_01-24/Actor_14/03-01-01-01-02-01-14.wav,03-01-01-01-02-01-14.wav,calm,01,14,female,normal,2,Dogs are sitting by the door,1,speech,audio_only,16000
/Users/devanshbansal/Desktop/ser/dataset/Audio_Speech_Actors_01-24/Actor_14/03-01-01-01-02-02-14.wav,03-01-01-01-02-02-14.wav,calm,01,14,female,normal,2,Dogs are sitting by the door,2,speech,audio_only,16000
/Users/devanshbansal/Desktop/ser/dataset/Audio_Speech_Actors_01-24/Actor_14/03-01-02-01-01-01-14.wav,03-01-02-01-01-01-14.wav,calm,02,14,female,normal,1,Kids are talking by the door,1,speech,audio_only,16000
/Users/devanshbansal/Desktop/ser/dataset/Audio_Speech_Actors_01-24/Actor_14/03-01-02-01-01-02-14.wav,03-01-02-01-01-02-14.wav,calm,02,14,female,normal,1,Kids are talking by the door,2,speech,audio_only,16000
/Users/devanshbansal/Desktop/ser/dataset/Audio_Speech_Actors_01-24/Actor_14/03-01-02-01-02-01-14.wav,03-01-02-01-02-01-14.wav,calm,02,14,female,normal,2,Dogs are sitting by the door,1,speech,audio_only,16000
/Users/devanshbansal/Desktop/ser/dataset/Audio_Speech_Actors_01-24/Actor_14/03-01-02-01-02-02-14.wav,03-01-02-01-02-02-14.wav,calm,02,14,female,normal,2,Dogs are sitting by the door,2,speech,audio_only,16000
/Users/devanshbansal/Desktop/ser/dataset/Audio_Speech_Actors_01-24/Actor_14/03-01-02-02-01-01-14.wav,03-01-02-02-01-01-14.wav,calm,02,14,female,strong,1,Kids are talking by the door,1,speech,audio_only,16000
/Users/devanshbansal/Desktop/ser/dataset/Audio_Speech_Actors_01-24/Actor_14/03-01-02-02-01-02-14.wav,03-01-02-02-01-02-14.wav,calm,02,14,female,strong,1,Kids are talking by the door,2,speech,audio_only,16000
/Users/devanshbansal/Desktop/ser/dataset/Audio_Speech_Actors_01-24/Actor_14/03-01-02-02-02-01-14.wav,03-01-02-02-02-01-14.wav,calm,02,14,female,strong,2,Dogs are sitting by the door,1,speech,audio_only,16000
/Users/devanshbansal/Desktop/ser/dataset/Audio_Speech_Actors_01-24/Actor_14/03-01-02-02-02-02-14.wav,03-01-02-02-02-02-14.wav,calm,02,14,female,strong,2,Dogs are sitting by the door,2,speech,audio_only,16000
/Users/devanshbansal/Desktop/ser/dataset/Audio_Speech_Actors_01-24/Actor_14/03-01-03-01-01-01-14.wav,03-01-03-01-01-01-14.wav,happy,03,14,female,normal,1,Kids are talking by the door,1,speech,audio_only,16000
/Users/devanshbansal/Desktop/ser/dataset/Audio_Speech_Actors_01-24/Actor_14/03-01-03-01-01-02-14.wav,03-01-03-01-01-02-14.wav,happy,03,14,female,normal,1,Kids are talking by the door,2,speech,audio_only,16000
/Users/devanshbansal/Desktop/ser/dataset/Audio_Speech_Actors_01-24/Actor_14/03-01-03-01-02-01-14.wav,03-01-03-01-02-01-14.wav,happy,03,14,female,normal,2,Dogs are sitting by the door,1,speech,audio_only,16000
/Users/devanshbansal/Desktop/ser/dataset/Audio_Speech_Actors_01-24/Actor_14/03-01-03-01-02-02-14.wav,03-01-03-01-02-02-14.wav,happy,03,14,female,normal,2,Dogs are sitting by the door,2,speech,audio_only,16000
/Users/devanshbansal/Desktop/ser/dataset/Audio_Speech_Actors_01-24/Actor_14/03-01-03-02-01-01-14.wav,03-01-03-02-01-01-14.wav,happy,03,14,female,strong,1,Kids are talking by the door,1,speech,audio_only,16000
/Users/devanshbansal/Desktop/ser/dataset/Audio_Speech_Actors_01-24/Actor_14/03-01-03-02-01-02-14.wav,03-01-03-02-01-02-14.wav,happy,03,14,female,strong,1,Kids are talking by the door,2,speech,audio_only,16000
/Users/devanshbansal/Desktop/ser/dataset/Audio_Speech_Actors_01-24/Actor_14/03-01-03-02-02-01-14.wav,03-01-03-02-02-01-14.wav,happy,03,14,female,strong,2,Dogs are sitting by the door,1,speech,audio_only,16000
/Users/devanshbansal/Desktop/ser/dataset/Audio_Speech_Actors_01-24/Actor_14/03-01-03-02-02-02-14.wav,03-01-03-02-02-02-14.wav,happy,03,14,female,strong,2,Dogs are sitting by the door,2,speech,audio_only,16000
/Users/devanshbansal/Desktop/ser/dataset/Audio_Speech_Actors_01-24/Actor_14/03-01-04-01-01-01-14.wav,03-01-04-01-01-01-14.wav,sad,04,14,female,normal,1,Kids are talking by the door,1,speech,audio_only,16000
/Users/devanshbansal/Desktop/ser/dataset/Audio_Speech_Actors_01-24/Actor_14/03-01-04-01-01-02-14.wav,03-01-04-01-01-02-14.wav,sad,04,14,female,normal,1,Kids are talking by the door,2,speech,audio_only,16000
/Users/devanshbansal/Desktop/ser/dataset/Audio_Speech_Actors_01-24/Actor_14/03-01-04-01-02-01-14.wav,03-01-04-01-02-01-14.wav,sad,04,14,female,normal,2,Dogs are sitting by the door,1,speech,audio_only,16000
/Users/devanshbansal/Desktop/ser/dataset/Audio_Speech_Actors_01-24/Actor_14/03-01-04-01-02-02-14.wav,03-01-04-01-02-02-14.wav,sad,04,14,female,normal,2,Dogs are sitting by the door,2,speech,audio_only,16000
/Users/devanshbansal/Desktop/ser/dataset/Audio_Speech_Actors_01-24/Actor_14/03-01-04-02-01-01-14.wav,03-01-04-02-01-01-14.wav,sad,04,14,female,strong,1,Kids are talking by the door,1,speech,audio_only,16000
/Users/devanshbansal/Desktop/ser/dataset/Audio_Speech_Actors_01-24/Actor_14/03-01-04-02-01-02-14.wav,03-01-04-02-01-02-14.wav,sad,04,14,female,strong,1,Kids are talking by the door,2,speech,audio_only,16000
/Users/devanshbansal/Desktop/ser/dataset/Audio_Speech_Actors_01-24/Actor_14/03-01-04-02-02-01-14.wav,03-01-04-02-02-01-14.wav,sad,04,14,female,strong,2,Dogs are sitting by the door,1,speech,audio_only,16000
/Users/devanshbansal/Desktop/ser/dataset/Audio_Speech_Actors_01-24/Actor_14/03-01-04-02-02-02-14.wav,03-01-04-02-02-02-14.wav,sad,04,14,female,strong,2,Dogs are sitting by the door,2,speech,audio_only,16000
/Users/devanshbansal/Desktop/ser/dataset/Audio_Speech_Actors_01-24/Actor_14/03-01-05-01-01-01-14.wav,03-01-05-01-01-01-14.wav,angry,05,14,female,normal,1,Kids are talking by the door,1,speech,audio_only,16000
/Users/devanshbansal/Desktop/ser/dataset/Audio_Speech_Actors_01-24/Actor_14/03-01-05-01-01-02-14.wav,03-01-05-01-01-02-14.wav,angry,05,14,female,normal,1,Kids are talking by the door,2,speech,audio_only,16000
/Users/devanshbansal/Desktop/ser/dataset/Audio_Speech_Actors_01-24/Actor_14/03-01-05-01-02-01-14.wav,03-01-05-01-02-01-14.wav,angry,05,14,female,normal,2,Dogs are sitting by the door,1,speech,audio_only,16000
/Users/devanshbansal/Desktop/ser/dataset/Audio_Speech_Actors_01-24/Actor_14/03-01-05-01-02-02-14.wav,03-01-05-01-02-02-14.wav,angry,05,14,female,normal,2,Dogs are sitting by the door,2,speech,audio_only,16000
/Users/devanshbansal/Desktop/ser/dataset/Audio_Speech_Actors_01-24/Actor_14/03-01-05-02-01-01-14.wav,03-01-05-02-01-01-14.wav,angry,05,14,female,strong,1,Kids are talking by the door,1,speech,audio_only,16000
/Users/devanshbansal/Desktop/ser/dataset/Audio_Speech_Actors_01-24/Actor_14/03-01-05-02-01-02-14.wav,03-01-05-02-01-02-14.wav,angry,05,14,female,strong,1,Kids are talking by the door,2,speech,audio_only,16000
/Users/devanshbansal/Desktop/ser/dataset/Audio_Speech_Actors_01-24/Actor_14/03-01-05-02-02-01-14.wav,03-01-05-02-02-01-14.wav,angry,05,14,female,strong,2,Dogs are sitting by the door,1,speech,audio_only,16000
/Users/devanshbansal/Desktop/ser/dataset/Audio_Speech_Actors_01-24/Actor_14/03-01-05-02-02-02-14.wav,03-01-05-02-02-02-14.wav,angry,05,14,female,strong,2,Dogs are sitting by the door,2,speech,audio_only,16000
/Users/devanshbansal/Desktop/ser/dataset/Audio_Speech_Actors_01-24/Actor_14/03-01-06-01-01-01-14.wav,03-01-06-01-01-01-14.wav,fearful,06,14,female,normal,1,Kids are talking by the door,1,speech,audio_only,16000
/Users/devanshbansal/Desktop/ser/dataset/Audio_Speech_Actors_01-24/Actor_14/03-01-06-01-01-02-14.wav,03-01-06-01-01-02-14.wav,fearful,06,14,female,normal,1,Kids are talking by the door,2,speech,audio_only,16000
/Users/devanshbansal/Desktop/ser/dataset/Audio_Speech_Actors_01-24/Actor_14/03-01-06-01-02-01-14.wav,03-01-06-01-02-01-14.wav,fearful,06,14,female,normal,2,Dogs are sitting by the door,1,speech,audio_only,16000
/Users/devanshbansal/Desktop/ser/dataset/Audio_Speech_Actors_01-24/Actor_14/03-01-06-01-02-02-14.wav,03-01-06-01-02-02-14.wav,fearful,06,14,female,normal,2,Dogs are sitting by the door,2,speech,audio_only,16000
/Users/devanshbansal/Desktop/ser/dataset/Audio_Speech_Actors_01-24/Actor_14/03-01-06-02-01-01-14.wav,03-01-06-02-01-01-14.wav,fearful,06,14,female,strong,1,Kids are talking by the door,1,speech,audio_only,16000
/Users/devanshbansal/Desktop/ser/dataset/Audio_Speech_Actors_01-24/Actor_14/03-01-06-02-01-02-14.wav,03-01-06-02-01-02-14.wav,fearful,06,14,female,strong,1,Kids are talking by the door,2,speech,audio_only,16000
/Users/devanshbansal/Desktop/ser/dataset/Audio_Speech_Actors_01-24/Actor_14/03-01-06-02-02-01-14.wav,03-01-06-02-02-01-14.wav,fearful,06,14,female,strong,2,Dogs are sitting by the door,1,speech,audio_only,16000
/Users/devanshbansal/Desktop/ser/dataset/Audio_Speech_Actors_01-24/Actor_14/03-01-06-02-02-02-14.wav,03-01-06-02-02-02-14.wav,fearful,06,14,female,strong,2,Dogs are sitting by the door,2,speech,audio_only,16000
/Users/devanshbansal/Desktop/ser/dataset/Audio_Speech_Actors_01-24/Actor_14/03-01-07-01-01-01-14.wav,03-01-07-01-01-01-14.wav,disgust,07,14,female,normal,1,Kids are talking by the door,1,speech,audio_only,16000
/Users/devanshbansal/Desktop/ser/dataset/Audio_Speech_Actors_01-24/Actor_14/03-01-07-01-01-02-14.wav,03-01-07-01-01-02-14.wav,disgust,07,14,female,normal,1,Kids are talking by the door,2,speech,audio_only,16000
/Users/devanshbansal/Desktop/ser/dataset/Audio_Speech_Actors_01-24/Actor_14/03-01-07-01-02-01-14.wav,03-01-07-01-02-01-14.wav,disgust,07,14,female,normal,2,Dogs are sitting by the door,1,speech,audio_only,16000
/Users/devanshbansal/Desktop/ser/dataset/Audio_Speech_Actors_01-24/Actor_14/03-01-07-01-02-02-14.wav,03-01-07-01-02-02-14.wav,disgust,07,14,female,normal,2,Dogs are sitting by the door,2,speech,audio_only,16000
/Users/devanshbansal/Desktop/ser/dataset/Audio_Speech_Actors_01-24/Actor_14/03-01-07-02-01-01-14.wav,03-01-07-02-01-01-14.wav,disgust,07,14,female,strong,1,Kids are talking by the door,1,speech,audio_only,16000
/Users/devanshbansal/Desktop/ser/dataset/Audio_Speech_Actors_01-24/Actor_14/03-01-07-02-01-02-14.wav,03-01-07-02-01-02-14.wav,disgust,07,14,female,strong,1,Kids are talking by the door,2,speech,audio_only,16000
/Users/devanshbansal/Desktop/ser/dataset/Audio_Speech_Actors_01-24/Actor_14/03-01-07-02-02-01-14.wav,03-01-07-02-02-01-14.wav,disgust,07,14,female,strong,2,Dogs are sitting by the door,1,speech,audio_only,16000
/Users/devanshbansal/Desktop/ser/dataset/Audio_Speech_Actors_01-24/Actor_14/03-01-07-02-02-02-14.wav,03-01-07-02-02-02-14.wav,disgust,07,14,female,strong,2,Dogs are sitting by the door,2,speech,audio_only,16000
/Users/devanshbansal/Desktop/ser/dataset/Audio_Speech_Actors_01-24/Actor_14/03-01-08-01-01-01-14.wav,03-01-08-01-01-01-14.wav,surprised,08,14,female,normal,1,Kids are talking by the door,1,speech,audio_only,16000
/Users/devanshbansal/Desktop/ser/dataset/Audio_Speech_Actors_01-24/Actor_14/03-01-08-01-01-02-14.wav,03-01-08-01-01-02-14.wav,surprised,08,14,female,normal,1,Kids are talking by the door,2,speech,audio_only,16000
/Users/devanshbansal/Desktop/ser/dataset/Audio_Speech_Actors_01-24/Actor_14/03-01-08-01-02-01-14.wav,03-01-08-01-02-01-14.wav,surprised,08,14,female,normal,2,Dogs are sitting by the door,1,speech,audio_only,16000
/Users/devanshbansal/Desktop/ser/dataset/Audio_Speech_Actors_01-24/Actor_14/03-01-08-01-02-02-14.wav,03-01-08-01-02-02-14.wav,surprised,08,14,female,normal,2,Dogs are sitting by the door,2,speech,audio_only,16000
/Users/devanshbansal/Desktop/ser/dataset/Audio_Speech_Actors_01-24/Actor_14/03-01-08-02-01-01-14.wav,03-01-08-02-01-01-14.wav,surprised,08,14,female,strong,1,Kids are talking by the door,1,speech,audio_only,16000
/Users/devanshbansal/Desktop/ser/dataset/Audio_Speech_Actors_01-24/Actor_14/03-01-08-02-01-02-14.wav,03-01-08-02-01-02-14.wav,surprised,08,14,female,strong,1,Kids are talking by the door,2,speech,audio_only,16000
/Users/devanshbansal/Desktop/ser/dataset/Audio_Speech_Actors_01-24/Actor_14/03-01-08-02-02-01-14.wav,03-01-08-02-02-01-14.wav,surprised,08,14,female,strong,2,Dogs are sitting by the door,1,speech,audio_only,16000
/Users/devanshbansal/Desktop/ser/dataset/Audio_Speech_Actors_01-24/Actor_14/03-01-08-02-02-02-14.wav,03-01-08-02-02-02-14.wav,surprised,08,14,female,strong,2,Dogs are sitting by the door,2,speech,audio_only,16000
/Users/devanshbansal/Desktop/ser/dataset/Audio_Speech_Actors_01-24/Actor_15/03-01-01-01-01-01-15.wav,03-01-01-01-01-01-15.wav,calm,01,15,male,normal,1,Kids are talking by the door,1,speech,audio_only,16000
/Users/devanshbansal/Desktop/ser/dataset/Audio_Speech_Actors_01-24/Actor_15/03-01-01-01-01-02-15.wav,03-01-01-01-01-02-15.wav,calm,01,15,male,normal,1,Kids are talking by the door,2,speech,audio_only,16000
/Users/devanshbansal/Desktop/ser/dataset/Audio_Speech_Actors_01-24/Actor_15/03-01-01-01-02-01-15.wav,03-01-01-01-02-01-15.wav,calm,01,15,male,normal,2,Dogs are sitting by the door,1,speech,audio_only,16000
/Users/devanshbansal/Desktop/ser/dataset/Audio_Speech_Actors_01-24/Actor_15/03-01-01-01-02-02-15.wav,03-01-01-01-02-02-15.wav,calm,01,15,male,normal,2,Dogs are sitting by the door,2,speech,audio_only,16000
/Users/devanshbansal/Desktop/ser/dataset/Audio_Speech_Actors_01-24/Actor_15/03-01-02-01-01-01-15.wav,03-01-02-01-01-01-15.wav,calm,02,15,male,normal,1,Kids are talking by the door,1,speech,audio_only,16000
/Users/devanshbansal/Desktop/ser/dataset/Audio_Speech_Actors_01-24/Actor_15/03-01-02-01-01-02-15.wav,03-01-02-01-01-02-15.wav,calm,02,15,male,normal,1,Kids are talking by the door,2,speech,audio_only,16000
/Users/devanshbansal/Desktop/ser/dataset/Audio_Speech_Actors_01-24/Actor_15/03-01-02-01-02-01-15.wav,03-01-02-01-02-01-15.wav,calm,02,15,male,normal,2,Dogs are sitting by the door,1,speech,audio_only,16000
/Users/devanshbansal/Desktop/ser/dataset/Audio_Speech_Actors_01-24/Actor_15/03-01-02-01-02-02-15.wav,03-01-02-01-02-02-15.wav,calm,02,15,male,normal,2,Dogs are sitting by the door,2,speech,audio_only,16000
/Users/devanshbansal/Desktop/ser/dataset/Audio_Speech_Actors_01-24/Actor_15/03-01-02-02-01-01-15.wav,03-01-02-02-01-01-15.wav,calm,02,15,male,strong,1,Kids are talking by the door,1,speech,audio_only,16000
/Users/devanshbansal/Desktop/ser/dataset/Audio_Speech_Actors_01-24/Actor_15/03-01-02-02-01-02-15.wav,03-01-02-02-01-02-15.wav,calm,02,15,male,strong,1,Kids are talking by the door,2,speech,audio_only,16000
/Users/devanshbansal/Desktop/ser/dataset/Audio_Speech_Actors_01-24/Actor_15/03-01-02-02-02-01-15.wav,03-01-02-02-02-01-15.wav,calm,02,15,male,strong,2,Dogs are sitting by the door,1,speech,audio_only,16000
/Users/devanshbansal/Desktop/ser/dataset/Audio_Speech_Actors_01-24/Actor_15/03-01-02-02-02-02-15.wav,03-01-02-02-02-02-15.wav,calm,02,15,male,strong,2,Dogs are sitting by the door,2,speech,audio_only,16000
/Users/devanshbansal/Desktop/ser/dataset/Audio_Speech_Actors_01-24/Actor_15/03-01-03-01-01-01-15.wav,03-01-03-01-01-01-15.wav,happy,03,15,male,normal,1,Kids are talking by the door,1,speech,audio_only,16000
/Users/devanshbansal/Desktop/ser/dataset/Audio_Speech_Actors_01-24/Actor_15/03-01-03-01-01-02-15.wav,03-01-03-01-01-02-15.wav,happy,03,15,male,normal,1,Kids are talking by the door,2,speech,audio_only,16000
/Users/devanshbansal/Desktop/ser/dataset/Audio_Speech_Actors_01-24/Actor_15/03-01-03-01-02-01-15.wav,03-01-03-01-02-01-15.wav,happy,03,15,male,normal,2,Dogs are sitting by the door,1,speech,audio_only,16000
/Users/devanshbansal/Desktop/ser/dataset/Audio_Speech_Actors_01-24/Actor_15/03-01-03-01-02-02-15.wav,03-01-03-01-02-02-15.wav,happy,03,15,male,normal,2,Dogs are sitting by the door,2,speech,audio_only,16000
/Users/devanshbansal/Desktop/ser/dataset/Audio_Speech_Actors_01-24/Actor_15/03-01-03-02-01-01-15.wav,03-01-03-02-01-01-15.wav,happy,03,15,male,strong,1,Kids are talking by the door,1,speech,audio_only,16000
/Users/devanshbansal/Desktop/ser/dataset/Audio_Speech_Actors_01-24/Actor_15/03-01-03-02-01-02-15.wav,03-01-03-02-01-02-15.wav,happy,03,15,male,strong,1,Kids are talking by the door,2,speech,audio_only,16000
/Users/devanshbansal/Desktop/ser/dataset/Audio_Speech_Actors_01-24/Actor_15/03-01-03-02-02-01-15.wav,03-01-03-02-02-01-15.wav,happy,03,15,male,strong,2,Dogs are sitting by the door,1,speech,audio_only,16000
/Users/devanshbansal/Desktop/ser/dataset/Audio_Speech_Actors_01-24/Actor_15/03-01-03-02-02-02-15.wav,03-01-03-02-02-02-15.wav,happy,03,15,male,strong,2,Dogs are sitting by the door,2,speech,audio_only,16000
/Users/devanshbansal/Desktop/ser/dataset/Audio_Speech_Actors_01-24/Actor_15/03-01-04-01-01-01-15.wav,03-01-04-01-01-01-15.wav,sad,04,15,male,normal,1,Kids are talking by the door,1,speech,audio_only,16000
/Users/devanshbansal/Desktop/ser/dataset/Audio_Speech_Actors_01-24/Actor_15/03-01-04-01-01-02-15.wav,03-01-04-01-01-02-15.wav,sad,04,15,male,normal,1,Kids are talking by the door,2,speech,audio_only,16000
/Users/devanshbansal/Desktop/ser/dataset/Audio_Speech_Actors_01-24/Actor_15/03-01-04-01-02-01-15.wav,03-01-04-01-02-01-15.wav,sad,04,15,male,normal,2,Dogs are sitting by the door,1,speech,audio_only,16000
/Users/devanshbansal/Desktop/ser/dataset/Audio_Speech_Actors_01-24/Actor_15/03-01-04-01-02-02-15.wav,03-01-04-01-02-02-15.wav,sad,04,15,male,normal,2,Dogs are sitting by the door,2,speech,audio_only,16000
/Users/devanshbansal/Desktop/ser/dataset/Audio_Speech_Actors_01-24/Actor_15/03-01-04-02-01-01-15.wav,03-01-04-02-01-01-15.wav,sad,04,15,male,strong,1,Kids are talking by the door,1,speech,audio_only,16000
/Users/devanshbansal/Desktop/ser/dataset/Audio_Speech_Actors_01-24/Actor_15/03-01-04-02-01-02-15.wav,03-01-04-02-01-02-15.wav,sad,04,15,male,strong,1,Kids are talking by the door,2,speech,audio_only,16000
/Users/devanshbansal/Desktop/ser/dataset/Audio_Speech_Actors_01-24/Actor_15/03-01-04-02-02-01-15.wav,03-01-04-02-02-01-15.wav,sad,04,15,male,strong,2,Dogs are sitting by the door,1,speech,audio_only,16000
/Users/devanshbansal/Desktop/ser/dataset/Audio_Speech_Actors_01-24/Actor_15/03-01-04-02-02-02-15.wav,03-01-04-02-02-02-15.wav,sad,04,15,male,strong,2,Dogs are sitting by the door,2,speech,audio_only,16000
/Users/devanshbansal/Desktop/ser/dataset/Audio_Speech_Actors_01-24/Actor_15/03-01-05-01-01-01-15.wav,03-01-05-01-01-01-15.wav,angry,05,15,male,normal,1,Kids are talking by the door,1,speech,audio_only,16000
/Users/devanshbansal/Desktop/ser/dataset/Audio_Speech_Actors_01-24/Actor_15/03-01-05-01-01-02-15.wav,03-01-05-01-01-02-15.wav,angry,05,15,male,normal,1,Kids are talking by the door,2,speech,audio_only,16000
/Users/devanshbansal/Desktop/ser/dataset/Audio_Speech_Actors_01-24/Actor_15/03-01-05-01-02-01-15.wav,03-01-05-01-02-01-15.wav,angry,05,15,male,normal,2,Dogs are sitting by the door,1,speech,audio_only,16000
/Users/devanshbansal/Desktop/ser/dataset/Audio_Speech_Actors_01-24/Actor_15/03-01-05-01-02-02-15.wav,03-01-05-01-02-02-15.wav,angry,05,15,male,normal,2,Dogs are sitting by the door,2,speech,audio_only,16000
/Users/devanshbansal/Desktop/ser/dataset/Audio_Speech_Actors_01-24/Actor_15/03-01-05-02-01-01-15.wav,03-01-05-02-01-01-15.wav,angry,05,15,male,strong,1,Kids are talking by the door,1,speech,audio_only,16000
/Users/devanshbansal/Desktop/ser/dataset/Audio_Speech_Actors_01-24/Actor_15/03-01-05-02-01-02-15.wav,03-01-05-02-01-02-15.wav,angry,05,15,male,strong,1,Kids are talking by the door,2,speech,audio_only,16000
/Users/devanshbansal/Desktop/ser/dataset/Audio_Speech_Actors_01-24/Actor_15/03-01-05-02-02-01-15.wav,03-01-05-02-02-01-15.wav,angry,05,15,male,strong,2,Dogs are sitting by the door,1,speech,audio_only,16000
/Users/devanshbansal/Desktop/ser/dataset/Audio_Speech_Actors_01-24/Actor_15/03-01-05-02-02-02-15.wav,03-01-05-02-02-02-15.wav,angry,05,15,male,strong,2,Dogs are sitting by the door,2,speech,audio_only,16000
/Users/devanshbansal/Desktop/ser/dataset/Audio_Speech_Actors_01-24/Actor_15/03-01-06-01-01-01-15.wav,03-01-06-01-01-01-15.wav,fearful,06,15,male,normal,1,Kids are talking by the door,1,speech,audio_only,16000
/Users/devanshbansal/Desktop/ser/dataset/Audio_Speech_Actors_01-24/Actor_15/03-01-06-01-01-02-15.wav,03-01-06-01-01-02-15.wav,fearful,06,15,male,normal,1,Kids are talking by the door,2,speech,audio_only,16000
/Users/devanshbansal/Desktop/ser/dataset/Audio_Speech_Actors_01-24/Actor_15/03-01-06-01-02-01-15.wav,03-01-06-01-02-01-15.wav,fearful,06,15,male,normal,2,Dogs are sitting by the door,1,speech,audio_only,16000
/Users/devanshbansal/Desktop/ser/dataset/Audio_Speech_Actors_01-24/Actor_15/03-01-06-01-02-02-15.wav,03-01-06-01-02-02-15.wav,fearful,06,15,male,normal,2,Dogs are sitting by the door,2,speech,audio_only,16000
/Users/devanshbansal/Desktop/ser/dataset/Audio_Speech_Actors_01-24/Actor_15/03-01-06-02-01-01-15.wav,03-01-06-02-01-01-15.wav,fearful,06,15,male,strong,1,Kids are talking by the door,1,speech,audio_only,16000
/Users/devanshbansal/Desktop/ser/dataset/Audio_Speech_Actors_01-24/Actor_15/03-01-06-02-01-02-15.wav,03-01-06-02-01-02-15.wav,fearful,06,15,male,strong,1,Kids are talking by the door,2,speech,audio_only,16000
/Users/devanshbansal/Desktop/ser/dataset/Audio_Speech_Actors_01-24/Actor_15/03-01-06-02-02-01-15.wav,03-01-06-02-02-01-15.wav,fearful,06,15,male,strong,2,Dogs are sitting by the door,1,speech,audio_only,16000
/Users/devanshbansal/Desktop/ser/dataset/Audio_Speech_Actors_01-24/Actor_15/03-01-06-02-02-02-15.wav,03-01-06-02-02-02-15.wav,fearful,06,15,male,strong,2,Dogs are sitting by the door,2,speech,audio_only,16000
/Users/devanshbansal/Desktop/ser/dataset/Audio_Speech_Actors_01-24/Actor_15/03-01-07-01-01-01-15.wav,03-01-07-01-01-01-15.wav,disgust,07,15,male,normal,1,Kids are talking by the door,1,speech,audio_only,16000
/Users/devanshbansal/Desktop/ser/dataset/Audio_Speech_Actors_01-24/Actor_15/03-01-07-01-01-02-15.wav,03-01-07-01-01-02-15.wav,disgust,07,15,male,normal,1,Kids are talking by the door,2,speech,audio_only,16000
/Users/devanshbansal/Desktop/ser/dataset/Audio_Speech_Actors_01-24/Actor_15/03-01-07-01-02-01-15.wav,03-01-07-01-02-01-15.wav,disgust,07,15,male,normal,2,Dogs are sitting by the door,1,speech,audio_only,16000
/Users/devanshbansal/Desktop/ser/dataset/Audio_Speech_Actors_01-24/Actor_15/03-01-07-01-02-02-15.wav,03-01-07-01-02-02-15.wav,disgust,07,15,male,normal,2,Dogs are sitting by the door,2,speech,audio_only,16000
/Users/devanshbansal/Desktop/ser/dataset/Audio_Speech_Actors_01-24/Actor_15/03-01-07-02-01-01-15.wav,03-01-07-02-01-01-15.wav,disgust,07,15,male,strong,1,Kids are talking by the door,1,speech,audio_only,16000
/Users/devanshbansal/Desktop/ser/dataset/Audio_Speech_Actors_01-24/Actor_15/03-01-07-02-01-02-15.wav,03-01-07-02-01-02-15.wav,disgust,07,15,male,strong,1,Kids are talking by the door,2,speech,audio_only,16000
/Users/devanshbansal/Desktop/ser/dataset/Audio_Speech_Actors_01-24/Actor_15/03-01-07-02-02-01-15.wav,03-01-07-02-02-01-15.wav,disgust,07,15,male,strong,2,Dogs are sitting by the door,1,speech,audio_only,16000
/Users/devanshbansal/Desktop/ser/dataset/Audio_Speech_Actors_01-24/Actor_15/03-01-07-02-02-02-15.wav,03-01-07-02-02-02-15.wav,disgust,07,15,male,strong,2,Dogs are sitting by the door,2,speech,audio_only,16000
/Users/devanshbansal/Desktop/ser/dataset/Audio_Speech_Actors_01-24/Actor_15/03-01-08-01-01-01-15.wav,03-01-08-01-01-01-15.wav,surprised,08,15,male,normal,1,Kids are talking by the door,1,speech,audio_only,16000
/Users/devanshbansal/Desktop/ser/dataset/Audio_Speech_Actors_01-24/Actor_15/03-01-08-01-01-02-15.wav,03-01-08-01-01-02-15.wav,surprised,08,15,male,normal,1,Kids are talking by the door,2,speech,audio_only,16000
/Users/devanshbansal/Desktop/ser/dataset/Audio_Speech_Actors_01-24/Actor_15/03-01-08-01-02-01-15.wav,03-01-08-01-02-01-15.wav,surprised,08,15,male,normal,2,Dogs are sitting by the door,1,speech,audio_only,16000
/Users/devanshbansal/Desktop/ser/dataset/Audio_Speech_Actors_01-24/Actor_15/03-01-08-01-02-02-15.wav,03-01-08-01-02-02-15.wav,surprised,08,15,male,normal,2,Dogs are sitting by the door,2,speech,audio_only,16000
/Users/devanshbansal/Desktop/ser/dataset/Audio_Speech_Actors_01-24/Actor_15/03-01-08-02-01-01-15.wav,03-01-08-02-01-01-15.wav,surprised,08,15,male,strong,1,Kids are talking by the door,1,speech,audio_only,16000
/Users/devanshbansal/Desktop/ser/dataset/Audio_Speech_Actors_01-24/Actor_15/03-01-08-02-01-02-15.wav,03-01-08-02-01-02-15.wav,surprised,08,15,male,strong,1,Kids are talking by the door,2,speech,audio_only,16000
/Users/devanshbansal/Desktop/ser/dataset/Audio_Speech_Actors_01-24/Actor_15/03-01-08-02-02-01-15.wav,03-01-08-02-02-01-15.wav,surprised,08,15,male,strong,2,Dogs are sitting by the door,1,speech,audio_only,16000
/Users/devanshbansal/Desktop/ser/dataset/Audio_Speech_Actors_01-24/Actor_15/03-01-08-02-02-02-15.wav,03-01-08-02-02-02-15.wav,surprised,08,15,male,strong,2,Dogs are sitting by the door,2,speech,audio_only,16000
/Users/devanshbansal/Desktop/ser/dataset/Audio_Speech_Actors_01-24/Actor_16/03-01-01-01-01-01-16.wav,03-01-01-01-01-01-16.wav,calm,01,16,female,normal,1,Kids are talking by the door,1,speech,audio_only,16000
/Users/devanshbansal/Desktop/ser/dataset/Audio_Speech_Actors_01-24/Actor_16/03-01-01-01-01-02-16.wav,03-01-01-01-01-02-16.wav,calm,01,16,female,normal,1,Kids are talking by the door,2,speech,audio_only,16000
/Users/devanshbansal/Desktop/ser/dataset/Audio_Speech_Actors_01-24/Actor_16/03-01-01-01-02-01-16.wav,03-01-01-01-02-01-16.wav,calm,01,16,female,normal,2,Dogs are sitting by the door,1,speech,audio_only,16000
/Users/devanshbansal/Desktop/ser/dataset/Audio_Speech_Actors_01-24/Actor_16/03-01-01-01-02-02-16.wav,03-01-01-01-02-02-16.wav,calm,01,16,female,normal,2,Dogs are sitting by the door,2,speech,audio_only,16000
/Users/devanshbansal/Desktop/ser/dataset/Audio_Speech_Actors_01-24/Actor_16/03-01-02-01-01-01-16.wav,03-01-02-01-01-01-16.wav,calm,02,16,female,normal,1,Kids are talking by the door,1,speech,audio_only,16000
/Users/devanshbansal/Desktop/ser/dataset/Audio_Speech_Actors_01-24/Actor_16/03-01-02-01-01-02-16.wav,03-01-02-01-01-02-16.wav,calm,02,16,female,normal,1,Kids are talking by the door,2,speech,audio_only,16000
/Users/devanshbansal/Desktop/ser/dataset/Audio_Speech_Actors_01-24/Actor_16/03-01-02-01-02-01-16.wav,03-01-02-01-02-01-16.wav,calm,02,16,female,normal,2,Dogs are sitting by the door,1,speech,audio_only,16000
/Users/devanshbansal/Desktop/ser/dataset/Audio_Speech_Actors_01-24/Actor_16/03-01-02-01-02-02-16.wav,03-01-02-01-02-02-16.wav,calm,02,16,female,normal,2,Dogs are sitting by the door,2,speech,audio_only,16000
/Users/devanshbansal/Desktop/ser/dataset/Audio_Speech_Actors_01-24/Actor_16/03-01-02-02-01-01-16.wav,03-01-02-02-01-01-16.wav,calm,02,16,female,strong,1,Kids are talking by the door,1,speech,audio_only,16000
/Users/devanshbansal/Desktop/ser/dataset/Audio_Speech_Actors_01-24/Actor_16/03-01-02-02-01-02-16.wav,03-01-02-02-01-02-16.wav,calm,02,16,female,strong,1,Kids are talking by the door,2,speech,audio_only,16000
/Users/devanshbansal/Desktop/ser/dataset/Audio_Speech_Actors_01-24/Actor_16/03-01-02-02-02-01-16.wav,03-01-02-02-02-01-16.wav,calm,02,16,female,strong,2,Dogs are sitting by the door,1,speech,audio_only,16000
/Users/devanshbansal/Desktop/ser/dataset/Audio_Speech_Actors_01-24/Actor_16/03-01-02-02-02-02-16.wav,03-01-02-02-02-02-16.wav,calm,02,16,female,strong,2,Dogs are sitting by the door,2,speech,audio_only,16000
/Users/devanshbansal/Desktop/ser/dataset/Audio_Speech_Actors_01-24/Actor_16/03-01-03-01-01-01-16.wav,03-01-03-01-01-01-16.wav,happy,03,16,female,normal,1,Kids are talking by the door,1,speech,audio_only,16000
/Users/devanshbansal/Desktop/ser/dataset/Audio_Speech_Actors_01-24/Actor_16/03-01-03-01-01-02-16.wav,03-01-03-01-01-02-16.wav,happy,03,16,female,normal,1,Kids are talking by the door,2,speech,audio_only,16000
/Users/devanshbansal/Desktop/ser/dataset/Audio_Speech_Actors_01-24/Actor_16/03-01-03-01-02-01-16.wav,03-01-03-01-02-01-16.wav,happy,03,16,female,normal,2,Dogs are sitting by the door,1,speech,audio_only,16000
/Users/devanshbansal/Desktop/ser/dataset/Audio_Speech_Actors_01-24/Actor_16/03-01-03-01-02-02-16.wav,03-01-03-01-02-02-16.wav,happy,03,16,female,normal,2,Dogs are sitting by the door,2,speech,audio_only,16000
/Users/devanshbansal/Desktop/ser/dataset/Audio_Speech_Actors_01-24/Actor_16/03-01-03-02-01-01-16.wav,03-01-03-02-01-01-16.wav,happy,03,16,female,strong,1,Kids are talking by the door,1,speech,audio_only,16000
/Users/devanshbansal/Desktop/ser/dataset/Audio_Speech_Actors_01-24/Actor_16/03-01-03-02-01-02-16.wav,03-01-03-02-01-02-16.wav,happy,03,16,female,strong,1,Kids are talking by the door,2,speech,audio_only,16000
/Users/devanshbansal/Desktop/ser/dataset/Audio_Speech_Actors_01-24/Actor_16/03-01-03-02-02-01-16.wav,03-01-03-02-02-01-16.wav,happy,03,16,female,strong,2,Dogs are sitting by the door,1,speech,audio_only,16000
/Users/devanshbansal/Desktop/ser/dataset/Audio_Speech_Actors_01-24/Actor_16/03-01-03-02-02-02-16.wav,03-01-03-02-02-02-16.wav,happy,03,16,female,strong,2,Dogs are sitting by the door,2,speech,audio_only,16000
/Users/devanshbansal/Desktop/ser/dataset/Audio_Speech_Actors_01-24/Actor_16/03-01-04-01-01-01-16.wav,03-01-04-01-01-01-16.wav,sad,04,16,female,normal,1,Kids are talking by the door,1,speech,audio_only,16000
/Users/devanshbansal/Desktop/ser/dataset/Audio_Speech_Actors_01-24/Actor_16/03-01-04-01-01-02-16.wav,03-01-04-01-01-02-16.wav,sad,04,16,female,normal,1,Kids are talking by the door,2,speech,audio_only,16000
/Users/devanshbansal/Desktop/ser/dataset/Audio_Speech_Actors_01-24/Actor_16/03-01-04-01-02-01-16.wav,03-01-04-01-02-01-16.wav,sad,04,16,female,normal,2,Dogs are sitting by the door,1,speech,audio_only,16000
/Users/devanshbansal/Desktop/ser/dataset/Audio_Speech_Actors_01-24/Actor_16/03-01-04-01-02-02-16.wav,03-01-04-01-02-02-16.wav,sad,04,16,female,normal,2,Dogs are sitting by the door,2,speech,audio_only,16000
/Users/devanshbansal/Desktop/ser/dataset/Audio_Speech_Actors_01-24/Actor_16/03-01-04-02-01-01-16.wav,03-01-04-02-01-01-16.wav,sad,04,16,female,strong,1,Kids are talking by the door,1,speech,audio_only,16000
/Users/devanshbansal/Desktop/ser/dataset/Audio_Speech_Actors_01-24/Actor_16/03-01-04-02-01-02-16.wav,03-01-04-02-01-02-16.wav,sad,04,16,female,strong,1,Kids are talking by the door,2,speech,audio_only,16000
/Users/devanshbansal/Desktop/ser/dataset/Audio_Speech_Actors_01-24/Actor_16/03-01-04-02-02-01-16.wav,03-01-04-02-02-01-16.wav,sad,04,16,female,strong,2,Dogs are sitting by the door,1,speech,audio_only,16000
/Users/devanshbansal/Desktop/ser/dataset/Audio_Speech_Actors_01-24/Actor_16/03-01-04-02-02-02-16.wav,03-01-04-02-02-02-16.wav,sad,04,16,female,strong,2,Dogs are sitting by the door,2,speech,audio_only,16000
/Users/devanshbansal/Desktop/ser/dataset/Audio_Speech_Actors_01-24/Actor_16/03-01-05-01-01-01-16.wav,03-01-05-01-01-01-16.wav,angry,05,16,female,normal,1,Kids are talking by the door,1,speech,audio_only,16000
/Users/devanshbansal/Desktop/ser/dataset/Audio_Speech_Actors_01-24/Actor_16/03-01-05-01-01-02-16.wav,03-01-05-01-01-02-16.wav,angry,05,16,female,normal,1,Kids are talking by the door,2,speech,audio_only,16000
/Users/devanshbansal/Desktop/ser/dataset/Audio_Speech_Actors_01-24/Actor_16/03-01-05-01-02-01-16.wav,03-01-05-01-02-01-16.wav,angry,05,16,female,normal,2,Dogs are sitting by the door,1,speech,audio_only,16000
/Users/devanshbansal/Desktop/ser/dataset/Audio_Speech_Actors_01-24/Actor_16/03-01-05-01-02-02-16.wav,03-01-05-01-02-02-16.wav,angry,05,16,female,normal,2,Dogs are sitting by the door,2,speech,audio_only,16000
/Users/devanshbansal/Desktop/ser/dataset/Audio_Speech_Actors_01-24/Actor_16/03-01-05-02-01-01-16.wav,03-01-05-02-01-01-16.wav,angry,05,16,female,strong,1,Kids are talking by the door,1,speech,audio_only,16000
/Users/devanshbansal/Desktop/ser/dataset/Audio_Speech_Actors_01-24/Actor_16/03-01-05-02-01-02-16.wav,03-01-05-02-01-02-16.wav,angry,05,16,female,strong,1,Kids are talking by the door,2,speech,audio_only,16000
/Users/devanshbansal/Desktop/ser/dataset/Audio_Speech_Actors_01-24/Actor_16/03-01-05-02-02-01-16.wav,03-01-05-02-02-01-16.wav,angry,05,16,female,strong,2,Dogs are sitting by the door,1,speech,audio_only,16000
/Users/devanshbansal/Desktop/ser/dataset/Audio_Speech_Actors_01-24/Actor_16/03-01-05-02-02-02-16.wav,03-01-05-02-02-02-16.wav,angry,05,16,female,strong,2,Dogs are sitting by the door,2,speech,audio_only,16000
/Users/devanshbansal/Desktop/ser/dataset/Audio_Speech_Actors_01-24/Actor_16/03-01-06-01-01-01-16.wav,03-01-06-01-01-01-16.wav,fearful,06,16,female,normal,1,Kids are talking by the door,1,speech,audio_only,16000
/Users/devanshbansal/Desktop/ser/dataset/Audio_Speech_Actors_01-24/Actor_16/03-01-06-01-01-02-16.wav,03-01-06-01-01-02-16.wav,fearful,06,16,female,normal,1,Kids are talking by the door,2,speech,audio_only,16000
/Users/devanshbansal/Desktop/ser/dataset/Audio_Speech_Actors_01-24/Actor_16/03-01-06-01-02-01-16.wav,03-01-06-01-02-01-16.wav,fearful,06,16,female,normal,2,Dogs are sitting by the door,1,speech,audio_only,16000
/Users/devanshbansal/Desktop/ser/dataset/Audio_Speech_Actors_01-24/Actor_16/03-01-06-01-02-02-16.wav,03-01-06-01-02-02-16.wav,fearful,06,16,female,normal,2,Dogs are sitting by the door,2,speech,audio_only,16000
/Users/devanshbansal/Desktop/ser/dataset/Audio_Speech_Actors_01-24/Actor_16/03-01-06-02-01-01-16.wav,03-01-06-02-01-01-16.wav,fearful,06,16,female,strong,1,Kids are talking by the door,1,speech,audio_only,16000
/Users/devanshbansal/Desktop/ser/dataset/Audio_Speech_Actors_01-24/Actor_16/03-01-06-02-01-02-16.wav,03-01-06-02-01-02-16.wav,fearful,06,16,female,strong,1,Kids are talking by the door,2,speech,audio_only,16000
/Users/devanshbansal/Desktop/ser/dataset/Audio_Speech_Actors_01-24/Actor_16/03-01-06-02-02-01-16.wav,03-01-06-02-02-01-16.wav,fearful,06,16,female,strong,2,Dogs are sitting by the door,1,speech,audio_only,16000
/Users/devanshbansal/Desktop/ser/dataset/Audio_Speech_Actors_01-24/Actor_16/03-01-06-02-02-02-16.wav,03-01-06-02-02-02-16.wav,fearful,06,16,female,strong,2,Dogs are sitting by the door,2,speech,audio_only,16000
/Users/devanshbansal/Desktop/ser/dataset/Audio_Speech_Actors_01-24/Actor_16/03-01-07-01-01-01-16.wav,03-01-07-01-01-01-16.wav,disgust,07,16,female,normal,1,Kids are talking by the door,1,speech,audio_only,16000
/Users/devanshbansal/Desktop/ser/dataset/Audio_Speech_Actors_01-24/Actor_16/03-01-07-01-01-02-16.wav,03-01-07-01-01-02-16.wav,disgust,07,16,female,normal,1,Kids are talking by the door,2,speech,audio_only,16000
/Users/devanshbansal/Desktop/ser/dataset/Audio_Speech_Actors_01-24/Actor_16/03-01-07-01-02-01-16.wav,03-01-07-01-02-01-16.wav,disgust,07,16,female,normal,2,Dogs are sitting by the door,1,speech,audio_only,16000
/Users/devanshbansal/Desktop/ser/dataset/Audio_Speech_Actors_01-24/Actor_16/03-01-07-01-02-02-16.wav,03-01-07-01-02-02-16.wav,disgust,07,16,female,normal,2,Dogs are sitting by the door,2,speech,audio_only,16000
/Users/devanshbansal/Desktop/ser/dataset/Audio_Speech_Actors_01-24/Actor_16/03-01-07-02-01-01-16.wav,03-01-07-02-01-01-16.wav,disgust,07,16,female,strong,1,Kids are talking by the door,1,speech,audio_only,16000
/Users/devanshbansal/Desktop/ser/dataset/Audio_Speech_Actors_01-24/Actor_16/03-01-07-02-01-02-16.wav,03-01-07-02-01-02-16.wav,disgust,07,16,female,strong,1,Kids are talking by the door,2,speech,audio_only,16000
/Users/devanshbansal/Desktop/ser/dataset/Audio_Speech_Actors_01-24/Actor_16/03-01-07-02-02-01-16.wav,03-01-07-02-02-01-16.wav,disgust,07,16,female,strong,2,Dogs are sitting by the door,1,speech,audio_only,16000
/Users/devanshbansal/Desktop/ser/dataset/Audio_Speech_Actors_01-24/Actor_16/03-01-07-02-02-02-16.wav,03-01-07-02-02-02-16.wav,disgust,07,16,female,strong,2,Dogs are sitting by the door,2,speech,audio_only,16000
/Users/devanshbansal/Desktop/ser/dataset/Audio_Speech_Actors_01-24/Actor_16/03-01-08-01-01-01-16.wav,03-01-08-01-01-01-16.wav,surprised,08,16,female,normal,1,Kids are talking by the door,1,speech,audio_only,16000
/Users/devanshbansal/Desktop/ser/dataset/Audio_Speech_Actors_01-24/Actor_16/03-01-08-01-01-02-16.wav,03-01-08-01-01-02-16.wav,surprised,08,16,female,normal,1,Kids are talking by the door,2,speech,audio_only,16000
/Users/devanshbansal/Desktop/ser/dataset/Audio_Speech_Actors_01-24/Actor_16/03-01-08-01-02-01-16.wav,03-01-08-01-02-01-16.wav,surprised,08,16,female,normal,2,Dogs are sitting by the door,1,speech,audio_only,16000
/Users/devanshbansal/Desktop/ser/dataset/Audio_Speech_Actors_01-24/Actor_16/03-01-08-01-02-02-16.wav,03-01-08-01-02-02-16.wav,surprised,08,16,female,normal,2,Dogs are sitting by the door,2,speech,audio_only,16000
/Users/devanshbansal/Desktop/ser/dataset/Audio_Speech_Actors_01-24/Actor_16/03-01-08-02-01-01-16.wav,03-01-08-02-01-01-16.wav,surprised,08,16,female,strong,1,Kids are talking by the door,1,speech,audio_only,16000
/Users/devanshbansal/Desktop/ser/dataset/Audio_Speech_Actors_01-24/Actor_16/03-01-08-02-01-02-16.wav,03-01-08-02-01-02-16.wav,surprised,08,16,female,strong,1,Kids are talking by the door,2,speech,audio_only,16000
/Users/devanshbansal/Desktop/ser/dataset/Audio_Speech_Actors_01-24/Actor_16/03-01-08-02-02-01-16.wav,03-01-08-02-02-01-16.wav,surprised,08,16,female,strong,2,Dogs are sitting by the door,1,speech,audio_only,16000
/Users/devanshbansal/Desktop/ser/dataset/Audio_Speech_Actors_01-24/Actor_16/03-01-08-02-02-02-16.wav,03-01-08-02-02-02-16.wav,surprised,08,16,female,strong,2,Dogs are sitting by the door,2,speech,audio_only,16000
/Users/devanshbansal/Desktop/ser/dataset/Audio_Speech_Actors_01-24/Actor_17/03-01-01-01-01-01-17.wav,03-01-01-01-01-01-17.wav,calm,01,17,male,normal,1,Kids are talking by the door,1,speech,audio_only,16000
/Users/devanshbansal/Desktop/ser/dataset/Audio_Speech_Actors_01-24/Actor_17/03-01-01-01-01-02-17.wav,03-01-01-01-01-02-17.wav,calm,01,17,male,normal,1,Kids are talking by the door,2,speech,audio_only,16000
/Users/devanshbansal/Desktop/ser/dataset/Audio_Speech_Actors_01-24/Actor_17/03-01-01-01-02-01-17.wav,03-01-01-01-02-01-17.wav,calm,01,17,male,normal,2,Dogs are sitting by the door,1,speech,audio_only,16000
/Users/devanshbansal/Desktop/ser/dataset/Audio_Speech_Actors_01-24/Actor_17/03-01-01-01-02-02-17.wav,03-01-01-01-02-02-17.wav,calm,01,17,male,normal,2,Dogs are sitting by the door,2,speech,audio_only,16000
/Users/devanshbansal/Desktop/ser/dataset/Audio_Speech_Actors_01-24/Actor_17/03-01-02-01-01-01-17.wav,03-01-02-01-01-01-17.wav,calm,02,17,male,normal,1,Kids are talking by the door,1,speech,audio_only,16000
/Users/devanshbansal/Desktop/ser/dataset/Audio_Speech_Actors_01-24/Actor_17/03-01-02-01-01-02-17.wav,03-01-02-01-01-02-17.wav,calm,02,17,male,normal,1,Kids are talking by the door,2,speech,audio_only,16000
/Users/devanshbansal/Desktop/ser/dataset/Audio_Speech_Actors_01-24/Actor_17/03-01-02-01-02-01-17.wav,03-01-02-01-02-01-17.wav,calm,02,17,male,normal,2,Dogs are sitting by the door,1,speech,audio_only,16000
/Users/devanshbansal/Desktop/ser/dataset/Audio_Speech_Actors_01-24/Actor_17/03-01-02-01-02-02-17.wav,03-01-02-01-02-02-17.wav,calm,02,17,male,normal,2,Dogs are sitting by the door,2,speech,audio_only,16000
/Users/devanshbansal/Desktop/ser/dataset/Audio_Speech_Actors_01-24/Actor_17/03-01-02-02-01-01-17.wav,03-01-02-02-01-01-17.wav,calm,02,17,male,strong,1,Kids are talking by the door,1,speech,audio_only,16000
/Users/devanshbansal/Desktop/ser/dataset/Audio_Speech_Actors_01-24/Actor_17/03-01-02-02-01-02-17.wav,03-01-02-02-01-02-17.wav,calm,02,17,male,strong,1,Kids are talking by the door,2,speech,audio_only,16000
/Users/devanshbansal/Desktop/ser/dataset/Audio_Speech_Actors_01-24/Actor_17/03-01-02-02-02-01-17.wav,03-01-02-02-02-01-17.wav,calm,02,17,male,strong,2,Dogs are sitting by the door,1,speech,audio_only,16000
/Users/devanshbansal/Desktop/ser/dataset/Audio_Speech_Actors_01-24/Actor_17/03-01-02-02-02-02-17.wav,03-01-02-02-02-02-17.wav,calm,02,17,male,strong,2,Dogs are sitting by the door,2,speech,audio_only,16000
/Users/devanshbansal/Desktop/ser/dataset/Audio_Speech_Actors_01-24/Actor_17/03-01-03-01-01-01-17.wav,03-01-03-01-01-01-17.wav,happy,03,17,male,normal,1,Kids are talking by the door,1,speech,audio_only,16000
/Users/devanshbansal/Desktop/ser/dataset/Audio_Speech_Actors_01-24/Actor_17/03-01-03-01-01-02-17.wav,03-01-03-01-01-02-17.wav,happy,03,17,male,normal,1,Kids are talking by the door,2,speech,audio_only,16000
/Users/devanshbansal/Desktop/ser/dataset/Audio_Speech_Actors_01-24/Actor_17/03-01-03-01-02-01-17.wav,03-01-03-01-02-01-17.wav,happy,03,17,male,normal,2,Dogs are sitting by the door,1,speech,audio_only,16000
/Users/devanshbansal/Desktop/ser/dataset/Audio_Speech_Actors_01-24/Actor_17/03-01-03-01-02-02-17.wav,03-01-03-01-02-02-17.wav,happy,03,17,male,normal,2,Dogs are sitting by the door,2,speech,audio_only,16000
/Users/devanshbansal/Desktop/ser/dataset/Audio_Speech_Actors_01-24/Actor_17/03-01-03-02-01-01-17.wav,03-01-03-02-01-01-17.wav,happy,03,17,male,strong,1,Kids are talking by the door,1,speech,audio_only,16000
/Users/devanshbansal/Desktop/ser/dataset/Audio_Speech_Actors_01-24/Actor_17/03-01-03-02-01-02-17.wav,03-01-03-02-01-02-17.wav,happy,03,17,male,strong,1,Kids are talking by the door,2,speech,audio_only,16000
/Users/devanshbansal/Desktop/ser/dataset/Audio_Speech_Actors_01-24/Actor_17/03-01-03-02-02-01-17.wav,03-01-03-02-02-01-17.wav,happy,03,17,male,strong,2,Dogs are sitting by the door,1,speech,audio_only,16000
/Users/devanshbansal/Desktop/ser/dataset/Audio_Speech_Actors_01-24/Actor_17/03-01-03-02-02-02-17.wav,03-01-03-02-02-02-17.wav,happy,03,17,male,strong,2,Dogs are sitting by the door,2,speech,audio_only,16000
/Users/devanshbansal/Desktop/ser/dataset/Audio_Speech_Actors_01-24/Actor_17/03-01-04-01-01-01-17.wav,03-01-04-01-01-01-17.wav,sad,04,17,male,normal,1,Kids are talking by the door,1,speech,audio_only,16000
/Users/devanshbansal/Desktop/ser/dataset/Audio_Speech_Actors_01-24/Actor_17/03-01-04-01-01-02-17.wav,03-01-04-01-01-02-17.wav,sad,04,17,male,normal,1,Kids are talking by the door,2,speech,audio_only,16000
/Users/devanshbansal/Desktop/ser/dataset/Audio_Speech_Actors_01-24/Actor_17/03-01-04-01-02-01-17.wav,03-01-04-01-02-01-17.wav,sad,04,17,male,normal,2,Dogs are sitting by the door,1,speech,audio_only,16000
/Users/devanshbansal/Desktop/ser/dataset/Audio_Speech_Actors_01-24/Actor_17/03-01-04-01-02-02-17.wav,03-01-04-01-02-02-17.wav,sad,04,17,male,normal,2,Dogs are sitting by the door,2,speech,audio_only,16000
/Users/devanshbansal/Desktop/ser/dataset/Audio_Speech_Actors_01-24/Actor_17/03-01-04-02-01-01-17.wav,03-01-04-02-01-01-17.wav,sad,04,17,male,strong,1,Kids are talking by the door,1,speech,audio_only,16000
/Users/devanshbansal/Desktop/ser/dataset/Audio_Speech_Actors_01-24/Actor_17/03-01-04-02-01-02-17.wav,03-01-04-02-01-02-17.wav,sad,04,17,male,strong,1,Kids are talking by the door,2,speech,audio_only,16000
/Users/devanshbansal/Desktop/ser/dataset/Audio_Speech_Actors_01-24/Actor_17/03-01-04-02-02-01-17.wav,03-01-04-02-02-01-17.wav,sad,04,17,male,strong,2,Dogs are sitting by the door,1,speech,audio_only,16000
/Users/devanshbansal/Desktop/ser/dataset/Audio_Speech_Actors_01-24/Actor_17/03-01-04-02-02-02-17.wav,03-01-04-02-02-02-17.wav,sad,04,17,male,strong,2,Dogs are sitting by the door,2,speech,audio_only,16000
/Users/devanshbansal/Desktop/ser/dataset/Audio_Speech_Actors_01-24/Actor_17/03-01-05-01-01-01-17.wav,03-01-05-01-01-01-17.wav,angry,05,17,male,normal,1,Kids are talking by the door,1,speech,audio_only,16000
/Users/devanshbansal/Desktop/ser/dataset/Audio_Speech_Actors_01-24/Actor_17/03-01-05-01-01-02-17.wav,03-01-05-01-01-02-17.wav,angry,05,17,male,normal,1,Kids are talking by the door,2,speech,audio_only,16000
/Users/devanshbansal/Desktop/ser/dataset/Audio_Speech_Actors_01-24/Actor_17/03-01-05-01-02-01-17.wav,03-01-05-01-02-01-17.wav,angry,05,17,male,normal,2,Dogs are sitting by the door,1,speech,audio_only,16000
/Users/devanshbansal/Desktop/ser/dataset/Audio_Speech_Actors_01-24/Actor_17/03-01-05-01-02-02-17.wav,03-01-05-01-02-02-17.wav,angry,05,17,male,normal,2,Dogs are sitting by the door,2,speech,audio_only,16000
/Users/devanshbansal/Desktop/ser/dataset/Audio_Speech_Actors_01-24/Actor_17/03-01-05-02-01-01-17.wav,03-01-05-02-01-01-17.wav,angry,05,17,male,strong,1,Kids are talking by the door,1,speech,audio_only,16000
/Users/devanshbansal/Desktop/ser/dataset/Audio_Speech_Actors_01-24/Actor_17/03-01-05-02-01-02-17.wav,03-01-05-02-01-02-17.wav,angry,05,17,male,strong,1,Kids are talking by the door,2,speech,audio_only,16000
/Users/devanshbansal/Desktop/ser/dataset/Audio_Speech_Actors_01-24/Actor_17/03-01-05-02-02-01-17.wav,03-01-05-02-02-01-17.wav,angry,05,17,male,strong,2,Dogs are sitting by the door,1,speech,audio_only,16000
/Users/devanshbansal/Desktop/ser/dataset/Audio_Speech_Actors_01-24/Actor_17/03-01-05-02-02-02-17.wav,03-01-05-02-02-02-17.wav,angry,05,17,male,strong,2,Dogs are sitting by the door,2,speech,audio_only,16000
/Users/devanshbansal/Desktop/ser/dataset/Audio_Speech_Actors_01-24/Actor_17/03-01-06-01-01-01-17.wav,03-01-06-01-01-01-17.wav,fearful,06,17,male,normal,1,Kids are talking by the door,1,speech,audio_only,16000
/Users/devanshbansal/Desktop/ser/dataset/Audio_Speech_Actors_01-24/Actor_17/03-01-06-01-01-02-17.wav,03-01-06-01-01-02-17.wav,fearful,06,17,male,normal,1,Kids are talking by the door,2,speech,audio_only,16000
/Users/devanshbansal/Desktop/ser/dataset/Audio_Speech_Actors_01-24/Actor_17/03-01-06-01-02-01-17.wav,03-01-06-01-02-01-17.wav,fearful,06,17,male,normal,2,Dogs are sitting by the door,1,speech,audio_only,16000
/Users/devanshbansal/Desktop/ser/dataset/Audio_Speech_Actors_01-24/Actor_17/03-01-06-01-02-02-17.wav,03-01-06-01-02-02-17.wav,fearful,06,17,male,normal,2,Dogs are sitting by the door,2,speech,audio_only,16000
/Users/devanshbansal/Desktop/ser/dataset/Audio_Speech_Actors_01-24/Actor_17/03-01-06-02-01-01-17.wav,03-01-06-02-01-01-17.wav,fearful,06,17,male,strong,1,Kids are talking by the door,1,speech,audio_only,16000
/Users/devanshbansal/Desktop/ser/dataset/Audio_Speech_Actors_01-24/Actor_17/03-01-06-02-01-02-17.wav,03-01-06-02-01-02-17.wav,fearful,06,17,male,strong,1,Kids are talking by the door,2,speech,audio_only,16000
/Users/devanshbansal/Desktop/ser/dataset/Audio_Speech_Actors_01-24/Actor_17/03-01-06-02-02-01-17.wav,03-01-06-02-02-01-17.wav,fearful,06,17,male,strong,2,Dogs are sitting by the door,1,speech,audio_only,16000
/Users/devanshbansal/Desktop/ser/dataset/Audio_Speech_Actors_01-24/Actor_17/03-01-06-02-02-02-17.wav,03-01-06-02-02-02-17.wav,fearful,06,17,male,strong,2,Dogs are sitting by the door,2,speech,audio_only,16000
/Users/devanshbansal/Desktop/ser/dataset/Audio_Speech_Actors_01-24/Actor_17/03-01-07-01-01-01-17.wav,03-01-07-01-01-01-17.wav,disgust,07,17,male,normal,1,Kids are talking by the door,1,speech,audio_only,16000
/Users/devanshbansal/Desktop/ser/dataset/Audio_Speech_Actors_01-24/Actor_17/03-01-07-01-01-02-17.wav,03-01-07-01-01-02-17.wav,disgust,07,17,male,normal,1,Kids are talking by the door,2,speech,audio_only,16000
/Users/devanshbansal/Desktop/ser/dataset/Audio_Speech_Actors_01-24/Actor_17/03-01-07-01-02-01-17.wav,03-01-07-01-02-01-17.wav,disgust,07,17,male,normal,2,Dogs are sitting by the door,1,speech,audio_only,16000
/Users/devanshbansal/Desktop/ser/dataset/Audio_Speech_Actors_01-24/Actor_17/03-01-07-01-02-02-17.wav,03-01-07-01-02-02-17.wav,disgust,07,17,male,normal,2,Dogs are sitting by the door,2,speech,audio_only,16000
/Users/devanshbansal/Desktop/ser/dataset/Audio_Speech_Actors_01-24/Actor_17/03-01-07-02-01-01-17.wav,03-01-07-02-01-01-17.wav,disgust,07,17,male,strong,1,Kids are talking by the door,1,speech,audio_only,16000
/Users/devanshbansal/Desktop/ser/dataset/Audio_Speech_Actors_01-24/Actor_17/03-01-07-02-01-02-17.wav,03-01-07-02-01-02-17.wav,disgust,07,17,male,strong,1,Kids are talking by the door,2,speech,audio_only,16000
/Users/devanshbansal/Desktop/ser/dataset/Audio_Speech_Actors_01-24/Actor_17/03-01-07-02-02-01-17.wav,03-01-07-02-02-01-17.wav,disgust,07,17,male,strong,2,Dogs are sitting by the door,1,speech,audio_only,16000
/Users/devanshbansal/Desktop/ser/dataset/Audio_Speech_Actors_01-24/Actor_17/03-01-07-02-02-02-17.wav,03-01-07-02-02-02-17.wav,disgust,07,17,male,strong,2,Dogs are sitting by the door,2,speech,audio_only,16000
/Users/devanshbansal/Desktop/ser/dataset/Audio_Speech_Actors_01-24/Actor_17/03-01-08-01-01-01-17.wav,03-01-08-01-01-01-17.wav,surprised,08,17,male,normal,1,Kids are talking by the door,1,speech,audio_only,16000
/Users/devanshbansal/Desktop/ser/dataset/Audio_Speech_Actors_01-24/Actor_17/03-01-08-01-01-02-17.wav,03-01-08-01-01-02-17.wav,surprised,08,17,male,normal,1,Kids are talking by the door,2,speech,audio_only,16000
/Users/devanshbansal/Desktop/ser/dataset/Audio_Speech_Actors_01-24/Actor_17/03-01-08-01-02-01-17.wav,03-01-08-01-02-01-17.wav,surprised,08,17,male,normal,2,Dogs are sitting by the door,1,speech,audio_only,16000
/Users/devanshbansal/Desktop/ser/dataset/Audio_Speech_Actors_01-24/Actor_17/03-01-08-01-02-02-17.wav,03-01-08-01-02-02-17.wav,surprised,08,17,male,normal,2,Dogs are sitting by the door,2,speech,audio_only,16000
/Users/devanshbansal/Desktop/ser/dataset/Audio_Speech_Actors_01-24/Actor_17/03-01-08-02-01-01-17.wav,03-01-08-02-01-01-17.wav,surprised,08,17,male,strong,1,Kids are talking by the door,1,speech,audio_only,16000
/Users/devanshbansal/Desktop/ser/dataset/Audio_Speech_Actors_01-24/Actor_17/03-01-08-02-01-02-17.wav,03-01-08-02-01-02-17.wav,surprised,08,17,male,strong,1,Kids are talking by the door,2,speech,audio_only,16000
/Users/devanshbansal/Desktop/ser/dataset/Audio_Speech_Actors_01-24/Actor_17/03-01-08-02-02-01-17.wav,03-01-08-02-02-01-17.wav,surprised,08,17,male,strong,2,Dogs are sitting by the door,1,speech,audio_only,16000
/Users/devanshbansal/Desktop/ser/dataset/Audio_Speech_Actors_01-24/Actor_17/03-01-08-02-02-02-17.wav,03-01-08-02-02-02-17.wav,surprised,08,17,male,strong,2,Dogs are sitting by the door,2,speech,audio_only,16000
/Users/devanshbansal/Desktop/ser/dataset/Audio_Speech_Actors_01-24/Actor_18/03-01-01-01-01-01-18.wav,03-01-01-01-01-01-18.wav,calm,01,18,female,normal,1,Kids are talking by the door,1,speech,audio_only,16000
/Users/devanshbansal/Desktop/ser/dataset/Audio_Speech_Actors_01-24/Actor_18/03-01-01-01-01-02-18.wav,03-01-01-01-01-02-18.wav,calm,01,18,female,normal,1,Kids are talking by the door,2,speech,audio_only,16000
/Users/devanshbansal/Desktop/ser/dataset/Audio_Speech_Actors_01-24/Actor_18/03-01-01-01-02-01-18.wav,03-01-01-01-02-01-18.wav,calm,01,18,female,normal,2,Dogs are sitting by the door,1,speech,audio_only,16000
/Users/devanshbansal/Desktop/ser/dataset/Audio_Speech_Actors_01-24/Actor_18/03-01-01-01-02-02-18.wav,03-01-01-01-02-02-18.wav,calm,01,18,female,normal,2,Dogs are sitting by the door,2,speech,audio_only,16000
/Users/devanshbansal/Desktop/ser/dataset/Audio_Speech_Actors_01-24/Actor_18/03-01-02-01-01-01-18.wav,03-01-02-01-01-01-18.wav,calm,02,18,female,normal,1,Kids are talking by the door,1,speech,audio_only,16000
/Users/devanshbansal/Desktop/ser/dataset/Audio_Speech_Actors_01-24/Actor_18/03-01-02-01-01-02-18.wav,03-01-02-01-01-02-18.wav,calm,02,18,female,normal,1,Kids are talking by the door,2,speech,audio_only,16000
/Users/devanshbansal/Desktop/ser/dataset/Audio_Speech_Actors_01-24/Actor_18/03-01-02-01-02-01-18.wav,03-01-02-01-02-01-18.wav,calm,02,18,female,normal,2,Dogs are sitting by the door,1,speech,audio_only,16000
/Users/devanshbansal/Desktop/ser/dataset/Audio_Speech_Actors_01-24/Actor_18/03-01-02-01-02-02-18.wav,03-01-02-01-02-02-18.wav,calm,02,18,female,normal,2,Dogs are sitting by the door,2,speech,audio_only,16000
/Users/devanshbansal/Desktop/ser/dataset/Audio_Speech_Actors_01-24/Actor_18/03-01-02-02-01-01-18.wav,03-01-02-02-01-01-18.wav,calm,02,18,female,strong,1,Kids are talking by the door,1,speech,audio_only,16000
/Users/devanshbansal/Desktop/ser/dataset/Audio_Speech_Actors_01-24/Actor_18/03-01-02-02-01-02-18.wav,03-01-02-02-01-02-18.wav,calm,02,18,female,strong,1,Kids are talking by the door,2,speech,audio_only,16000
/Users/devanshbansal/Desktop/ser/dataset/Audio_Speech_Actors_01-24/Actor_18/03-01-02-02-02-01-18.wav,03-01-02-02-02-01-18.wav,calm,02,18,female,strong,2,Dogs are sitting by the door,1,speech,audio_only,16000
/Users/devanshbansal/Desktop/ser/dataset/Audio_Speech_Actors_01-24/Actor_18/03-01-02-02-02-02-18.wav,03-01-02-02-02-02-18.wav,calm,02,18,female,strong,2,Dogs are sitting by the door,2,speech,audio_only,16000
/Users/devanshbansal/Desktop/ser/dataset/Audio_Speech_Actors_01-24/Actor_18/03-01-03-01-01-01-18.wav,03-01-03-01-01-01-18.wav,happy,03,18,female,normal,1,Kids are talking by the door,1,speech,audio_only,16000
/Users/devanshbansal/Desktop/ser/dataset/Audio_Speech_Actors_01-24/Actor_18/03-01-03-01-01-02-18.wav,03-01-03-01-01-02-18.wav,happy,03,18,female,normal,1,Kids are talking by the door,2,speech,audio_only,16000
/Users/devanshbansal/Desktop/ser/dataset/Audio_Speech_Actors_01-24/Actor_18/03-01-03-01-02-01-18.wav,03-01-03-01-02-01-18.wav,happy,03,18,female,normal,2,Dogs are sitting by the door,1,speech,audio_only,16000
/Users/devanshbansal/Desktop/ser/dataset/Audio_Speech_Actors_01-24/Actor_18/03-01-03-01-02-02-18.wav,03-01-03-01-02-02-18.wav,happy,03,18,female,normal,2,Dogs are sitting by the door,2,speech,audio_only,16000
/Users/devanshbansal/Desktop/ser/dataset/Audio_Speech_Actors_01-24/Actor_18/03-01-03-02-01-01-18.wav,03-01-03-02-01-01-18.wav,happy,03,18,female,strong,1,Kids are talking by the door,1,speech,audio_only,16000
/Users/devanshbansal/Desktop/ser/dataset/Audio_Speech_Actors_01-24/Actor_18/03-01-03-02-01-02-18.wav,03-01-03-02-01-02-18.wav,happy,03,18,female,strong,1,Kids are talking by the door,2,speech,audio_only,16000
/Users/devanshbansal/Desktop/ser/dataset/Audio_Speech_Actors_01-24/Actor_18/03-01-03-02-02-01-18.wav,03-01-03-02-02-01-18.wav,happy,03,18,female,strong,2,Dogs are sitting by the door,1,speech,audio_only,16000
/Users/devanshbansal/Desktop/ser/dataset/Audio_Speech_Actors_01-24/Actor_18/03-01-03-02-02-02-18.wav,03-01-03-02-02-02-18.wav,happy,03,18,female,strong,2,Dogs are sitting by the door,2,speech,audio_only,16000
/Users/devanshbansal/Desktop/ser/dataset/Audio_Speech_Actors_01-24/Actor_18/03-01-04-01-01-01-18.wav,03-01-04-01-01-01-18.wav,sad,04,18,female,normal,1,Kids are talking by the door,1,speech,audio_only,16000
/Users/devanshbansal/Desktop/ser/dataset/Audio_Speech_Actors_01-24/Actor_18/03-01-04-01-01-02-18.wav,03-01-04-01-01-02-18.wav,sad,04,18,female,normal,1,Kids are talking by the door,2,speech,audio_only,16000
/Users/devanshbansal/Desktop/ser/dataset/Audio_Speech_Actors_01-24/Actor_18/03-01-04-01-02-01-18.wav,03-01-04-01-02-01-18.wav,sad,04,18,female,normal,2,Dogs are sitting by the door,1,speech,audio_only,16000
/Users/devanshbansal/Desktop/ser/dataset/Audio_Speech_Actors_01-24/Actor_18/03-01-04-01-02-02-18.wav,03-01-04-01-02-02-18.wav,sad,04,18,female,normal,2,Dogs are sitting by the door,2,speech,audio_only,16000
/Users/devanshbansal/Desktop/ser/dataset/Audio_Speech_Actors_01-24/Actor_18/03-01-04-02-01-01-18.wav,03-01-04-02-01-01-18.wav,sad,04,18,female,strong,1,Kids are talking by the door,1,speech,audio_only,16000
/Users/devanshbansal/Desktop/ser/dataset/Audio_Speech_Actors_01-24/Actor_18/03-01-04-02-01-02-18.wav,03-01-04-02-01-02-18.wav,sad,04,18,female,strong,1,Kids are talking by the door,2,speech,audio_only,16000
/Users/devanshbansal/Desktop/ser/dataset/Audio_Speech_Actors_01-24/Actor_18/03-01-04-02-02-01-18.wav,03-01-04-02-02-01-18.wav,sad,04,18,female,strong,2,Dogs are sitting by the door,1,speech,audio_only,16000
/Users/devanshbansal/Desktop/ser/dataset/Audio_Speech_Actors_01-24/Actor_18/03-01-04-02-02-02-18.wav,03-01-04-02-02-02-18.wav,sad,04,18,female,strong,2,Dogs are sitting by the door,2,speech,audio_only,16000
/Users/devanshbansal/Desktop/ser/dataset/Audio_Speech_Actors_01-24/Actor_18/03-01-05-01-01-01-18.wav,03-01-05-01-01-01-18.wav,angry,05,18,female,normal,1,Kids are talking by the door,1,speech,audio_only,16000
/Users/devanshbansal/Desktop/ser/dataset/Audio_Speech_Actors_01-24/Actor_18/03-01-05-01-01-02-18.wav,03-01-05-01-01-02-18.wav,angry,05,18,female,normal,1,Kids are talking by the door,2,speech,audio_only,16000
/Users/devanshbansal/Desktop/ser/dataset/Audio_Speech_Actors_01-24/Actor_18/03-01-05-01-02-01-18.wav,03-01-05-01-02-01-18.wav,angry,05,18,female,normal,2,Dogs are sitting by the door,1,speech,audio_only,16000
/Users/devanshbansal/Desktop/ser/dataset/Audio_Speech_Actors_01-24/Actor_18/03-01-05-01-02-02-18.wav,03-01-05-01-02-02-18.wav,angry,05,18,female,normal,2,Dogs are sitting by the door,2,speech,audio_only,16000
/Users/devanshbansal/Desktop/ser/dataset/Audio_Speech_Actors_01-24/Actor_18/03-01-05-02-01-01-18.wav,03-01-05-02-01-01-18.wav,angry,05,18,female,strong,1,Kids are talking by the door,1,speech,audio_only,16000
/Users/devanshbansal/Desktop/ser/dataset/Audio_Speech_Actors_01-24/Actor_18/03-01-05-02-01-02-18.wav,03-01-05-02-01-02-18.wav,angry,05,18,female,strong,1,Kids are talking by the door,2,speech,audio_only,16000
/Users/devanshbansal/Desktop/ser/dataset/Audio_Speech_Actors_01-24/Actor_18/03-01-05-02-02-01-18.wav,03-01-05-02-02-01-18.wav,angry,05,18,female,strong,2,Dogs are sitting by the door,1,speech,audio_only,16000
/Users/devanshbansal/Desktop/ser/dataset/Audio_Speech_Actors_01-24/Actor_18/03-01-05-02-02-02-18.wav,03-01-05-02-02-02-18.wav,angry,05,18,female,strong,2,Dogs are sitting by the door,2,speech,audio_only,16000
/Users/devanshbansal/Desktop/ser/dataset/Audio_Speech_Actors_01-24/Actor_18/03-01-06-01-01-01-18.wav,03-01-06-01-01-01-18.wav,fearful,06,18,female,normal,1,Kids are talking by the door,1,speech,audio_only,16000
/Users/devanshbansal/Desktop/ser/dataset/Audio_Speech_Actors_01-24/Actor_18/03-01-06-01-01-02-18.wav,03-01-06-01-01-02-18.wav,fearful,06,18,female,normal,1,Kids are talking by the door,2,speech,audio_only,16000
/Users/devanshbansal/Desktop/ser/dataset/Audio_Speech_Actors_01-24/Actor_18/03-01-06-01-02-01-18.wav,03-01-06-01-02-01-18.wav,fearful,06,18,female,normal,2,Dogs are sitting by the door,1,speech,audio_only,16000
/Users/devanshbansal/Desktop/ser/dataset/Audio_Speech_Actors_01-24/Actor_18/03-01-06-01-02-02-18.wav,03-01-06-01-02-02-18.wav,fearful,06,18,female,normal,2,Dogs are sitting by the door,2,speech,audio_only,16000
/Users/devanshbansal/Desktop/ser/dataset/Audio_Speech_Actors_01-24/Actor_18/03-01-06-02-01-01-18.wav,03-01-06-02-01-01-18.wav,fearful,06,18,female,strong,1,Kids are talking by the door,1,speech,audio_only,16000
/Users/devanshbansal/Desktop/ser/dataset/Audio_Speech_Actors_01-24/Actor_18/03-01-06-02-01-02-18.wav,03-01-06-02-01-02-18.wav,fearful,06,18,female,strong,1,Kids are talking by the door,2,speech,audio_only,16000
/Users/devanshbansal/Desktop/ser/dataset/Audio_Speech_Actors_01-24/Actor_18/03-01-06-02-02-01-18.wav,03-01-06-02-02-01-18.wav,fearful,06,18,female,strong,2,Dogs are sitting by the door,1,speech,audio_only,16000
/Users/devanshbansal/Desktop/ser/dataset/Audio_Speech_Actors_01-24/Actor_18/03-01-06-02-02-02-18.wav,03-01-06-02-02-02-18.wav,fearful,06,18,female,strong,2,Dogs are sitting by the door,2,speech,audio_only,16000
/Users/devanshbansal/Desktop/ser/dataset/Audio_Speech_Actors_01-24/Actor_18/03-01-07-01-01-01-18.wav,03-01-07-01-01-01-18.wav,disgust,07,18,female,normal,1,Kids are talking by the door,1,speech,audio_only,16000
/Users/devanshbansal/Desktop/ser/dataset/Audio_Speech_Actors_01-24/Actor_18/03-01-07-01-01-02-18.wav,03-01-07-01-01-02-18.wav,disgust,07,18,female,normal,1,Kids are talking by the door,2,speech,audio_only,16000
/Users/devanshbansal/Desktop/ser/dataset/Audio_Speech_Actors_01-24/Actor_18/03-01-07-01-02-01-18.wav,03-01-07-01-02-01-18.wav,disgust,07,18,female,normal,2,Dogs are sitting by the door,1,speech,audio_only,16000
/Users/devanshbansal/Desktop/ser/dataset/Audio_Speech_Actors_01-24/Actor_18/03-01-07-01-02-02-18.wav,03-01-07-01-02-02-18.wav,disgust,07,18,female,normal,2,Dogs are sitting by the door,2,speech,audio_only,16000
/Users/devanshbansal/Desktop/ser/dataset/Audio_Speech_Actors_01-24/Actor_18/03-01-07-02-01-01-18.wav,03-01-07-02-01-01-18.wav,disgust,07,18,female,strong,1,Kids are talking by the door,1,speech,audio_only,16000
/Users/devanshbansal/Desktop/ser/dataset/Audio_Speech_Actors_01-24/Actor_18/03-01-07-02-01-02-18.wav,03-01-07-02-01-02-18.wav,disgust,07,18,female,strong,1,Kids are talking by the door,2,speech,audio_only,16000
/Users/devanshbansal/Desktop/ser/dataset/Audio_Speech_Actors_01-24/Actor_18/03-01-07-02-02-01-18.wav,03-01-07-02-02-01-18.wav,disgust,07,18,female,strong,2,Dogs are sitting by the door,1,speech,audio_only,16000
/Users/devanshbansal/Desktop/ser/dataset/Audio_Speech_Actors_01-24/Actor_18/03-01-07-02-02-02-18.wav,03-01-07-02-02-02-18.wav,disgust,07,18,female,strong,2,Dogs are sitting by the door,2,speech,audio_only,16000
/Users/devanshbansal/Desktop/ser/dataset/Audio_Speech_Actors_01-24/Actor_18/03-01-08-01-01-01-18.wav,03-01-08-01-01-01-18.wav,surprised,08,18,female,normal,1,Kids are talking by the door,1,speech,audio_only,16000
/Users/devanshbansal/Desktop/ser/dataset/Audio_Speech_Actors_01-24/Actor_18/03-01-08-01-01-02-18.wav,03-01-08-01-01-02-18.wav,surprised,08,18,female,normal,1,Kids are talking by the door,2,speech,audio_only,16000
/Users/devanshbansal/Desktop/ser/dataset/Audio_Speech_Actors_01-24/Actor_18/03-01-08-01-02-01-18.wav,03-01-08-01-02-01-18.wav,surprised,08,18,female,normal,2,Dogs are sitting by the door,1,speech,audio_only,16000
/Users/devanshbansal/Desktop/ser/dataset/Audio_Speech_Actors_01-24/Actor_18/03-01-08-01-02-02-18.wav,03-01-08-01-02-02-18.wav,surprised,08,18,female,normal,2,Dogs are sitting by the door,2,speech,audio_only,16000
/Users/devanshbansal/Desktop/ser/dataset/Audio_Speech_Actors_01-24/Actor_18/03-01-08-02-01-01-18.wav,03-01-08-02-01-01-18.wav,surprised,08,18,female,strong,1,Kids are talking by the door,1,speech,audio_only,16000
/Users/devanshbansal/Desktop/ser/dataset/Audio_Speech_Actors_01-24/Actor_18/03-01-08-02-01-02-18.wav,03-01-08-02-01-02-18.wav,surprised,08,18,female,strong,1,Kids are talking by the door,2,speech,audio_only,16000
/Users/devanshbansal/Desktop/ser/dataset/Audio_Speech_Actors_01-24/Actor_18/03-01-08-02-02-01-18.wav,03-01-08-02-02-01-18.wav,surprised,08,18,female,strong,2,Dogs are sitting by the door,1,speech,audio_only,16000
/Users/devanshbansal/Desktop/ser/dataset/Audio_Speech_Actors_01-24/Actor_18/03-01-08-02-02-02-18.wav,03-01-08-02-02-02-18.wav,surprised,08,18,female,strong,2,Dogs are sitting by the door,2,speech,audio_only,16000
/Users/devanshbansal/Desktop/ser/dataset/Audio_Speech_Actors_01-24/Actor_19/03-01-01-01-01-01-19.wav,03-01-01-01-01-01-19.wav,calm,01,19,male,normal,1,Kids are talking by the door,1,speech,audio_only,16000
/Users/devanshbansal/Desktop/ser/dataset/Audio_Speech_Actors_01-24/Actor_19/03-01-01-01-01-02-19.wav,03-01-01-01-01-02-19.wav,calm,01,19,male,normal,1,Kids are talking by the door,2,speech,audio_only,16000
/Users/devanshbansal/Desktop/ser/dataset/Audio_Speech_Actors_01-24/Actor_19/03-01-01-01-02-01-19.wav,03-01-01-01-02-01-19.wav,calm,01,19,male,normal,2,Dogs are sitting by the door,1,speech,audio_only,16000
/Users/devanshbansal/Desktop/ser/dataset/Audio_Speech_Actors_01-24/Actor_19/03-01-01-01-02-02-19.wav,03-01-01-01-02-02-19.wav,calm,01,19,male,normal,2,Dogs are sitting by the door,2,speech,audio_only,16000
/Users/devanshbansal/Desktop/ser/dataset/Audio_Speech_Actors_01-24/Actor_19/03-01-02-01-01-01-19.wav,03-01-02-01-01-01-19.wav,calm,02,19,male,normal,1,Kids are talking by the door,1,speech,audio_only,16000
/Users/devanshbansal/Desktop/ser/dataset/Audio_Speech_Actors_01-24/Actor_19/03-01-02-01-01-02-19.wav,03-01-02-01-01-02-19.wav,calm,02,19,male,normal,1,Kids are talking by the door,2,speech,audio_only,16000
/Users/devanshbansal/Desktop/ser/dataset/Audio_Speech_Actors_01-24/Actor_19/03-01-02-01-02-01-19.wav,03-01-02-01-02-01-19.wav,calm,02,19,male,normal,2,Dogs are sitting by the door,1,speech,audio_only,16000
/Users/devanshbansal/Desktop/ser/dataset/Audio_Speech_Actors_01-24/Actor_19/03-01-02-01-02-02-19.wav,03-01-02-01-02-02-19.wav,calm,02,19,male,normal,2,Dogs are sitting by the door,2,speech,audio_only,16000
/Users/devanshbansal/Desktop/ser/dataset/Audio_Speech_Actors_01-24/Actor_19/03-01-02-02-01-01-19.wav,03-01-02-02-01-01-19.wav,calm,02,19,male,strong,1,Kids are talking by the door,1,speech,audio_only,16000
/Users/devanshbansal/Desktop/ser/dataset/Audio_Speech_Actors_01-24/Actor_19/03-01-02-02-01-02-19.wav,03-01-02-02-01-02-19.wav,calm,02,19,male,strong,1,Kids are talking by the door,2,speech,audio_only,16000
/Users/devanshbansal/Desktop/ser/dataset/Audio_Speech_Actors_01-24/Actor_19/03-01-02-02-02-01-19.wav,03-01-02-02-02-01-19.wav,calm,02,19,male,strong,2,Dogs are sitting by the door,1,speech,audio_only,16000
/Users/devanshbansal/Desktop/ser/dataset/Audio_Speech_Actors_01-24/Actor_19/03-01-02-02-02-02-19.wav,03-01-02-02-02-02-19.wav,calm,02,19,male,strong,2,Dogs are sitting by the door,2,speech,audio_only,16000
/Users/devanshbansal/Desktop/ser/dataset/Audio_Speech_Actors_01-24/Actor_19/03-01-03-01-01-01-19.wav,03-01-03-01-01-01-19.wav,happy,03,19,male,normal,1,Kids are talking by the door,1,speech,audio_only,16000
/Users/devanshbansal/Desktop/ser/dataset/Audio_Speech_Actors_01-24/Actor_19/03-01-03-01-01-02-19.wav,03-01-03-01-01-02-19.wav,happy,03,19,male,normal,1,Kids are talking by the door,2,speech,audio_only,16000
/Users/devanshbansal/Desktop/ser/dataset/Audio_Speech_Actors_01-24/Actor_19/03-01-03-01-02-01-19.wav,03-01-03-01-02-01-19.wav,happy,03,19,male,normal,2,Dogs are sitting by the door,1,speech,audio_only,16000
/Users/devanshbansal/Desktop/ser/dataset/Audio_Speech_Actors_01-24/Actor_19/03-01-03-01-02-02-19.wav,03-01-03-01-02-02-19.wav,happy,03,19,male,normal,2,Dogs are sitting by the door,2,speech,audio_only,16000
/Users/devanshbansal/Desktop/ser/dataset/Audio_Speech_Actors_01-24/Actor_19/03-01-03-02-01-01-19.wav,03-01-03-02-01-01-19.wav,happy,03,19,male,strong,1,Kids are talking by the door,1,speech,audio_only,16000
/Users/devanshbansal/Desktop/ser/dataset/Audio_Speech_Actors_01-24/Actor_19/03-01-03-02-01-02-19.wav,03-01-03-02-01-02-19.wav,happy,03,19,male,strong,1,Kids are talking by the door,2,speech,audio_only,16000
/Users/devanshbansal/Desktop/ser/dataset/Audio_Speech_Actors_01-24/Actor_19/03-01-03-02-02-01-19.wav,03-01-03-02-02-01-19.wav,happy,03,19,male,strong,2,Dogs are sitting by the door,1,speech,audio_only,16000
/Users/devanshbansal/Desktop/ser/dataset/Audio_Speech_Actors_01-24/Actor_19/03-01-03-02-02-02-19.wav,03-01-03-02-02-02-19.wav,happy,03,19,male,strong,2,Dogs are sitting by the door,2,speech,audio_only,16000
/Users/devanshbansal/Desktop/ser/dataset/Audio_Speech_Actors_01-24/Actor_19/03-01-04-01-01-01-19.wav,03-01-04-01-01-01-19.wav,sad,04,19,male,normal,1,Kids are talking by the door,1,speech,audio_only,16000
/Users/devanshbansal/Desktop/ser/dataset/Audio_Speech_Actors_01-24/Actor_19/03-01-04-01-01-02-19.wav,03-01-04-01-01-02-19.wav,sad,04,19,male,normal,1,Kids are talking by the door,2,speech,audio_only,16000
/Users/devanshbansal/Desktop/ser/dataset/Audio_Speech_Actors_01-24/Actor_19/03-01-04-01-02-01-19.wav,03-01-04-01-02-01-19.wav,sad,04,19,male,normal,2,Dogs are sitting by the door,1,speech,audio_only,16000
/Users/devanshbansal/Desktop/ser/dataset/Audio_Speech_Actors_01-24/Actor_19/03-01-04-01-02-02-19.wav,03-01-04-01-02-02-19.wav,sad,04,19,male,normal,2,Dogs are sitting by the door,2,speech,audio_only,16000
/Users/devanshbansal/Desktop/ser/dataset/Audio_Speech_Actors_01-24/Actor_19/03-01-04-02-01-01-19.wav,03-01-04-02-01-01-19.wav,sad,04,19,male,strong,1,Kids are talking by the door,1,speech,audio_only,16000
/Users/devanshbansal/Desktop/ser/dataset/Audio_Speech_Actors_01-24/Actor_19/03-01-04-02-01-02-19.wav,03-01-04-02-01-02-19.wav,sad,04,19,male,strong,1,Kids are talking by the door,2,speech,audio_only,16000
/Users/devanshbansal/Desktop/ser/dataset/Audio_Speech_Actors_01-24/Actor_19/03-01-04-02-02-01-19.wav,03-01-04-02-02-01-19.wav,sad,04,19,male,strong,2,Dogs are sitting by the door,1,speech,audio_only,16000
/Users/devanshbansal/Desktop/ser/dataset/Audio_Speech_Actors_01-24/Actor_19/03-01-04-02-02-02-19.wav,03-01-04-02-02-02-19.wav,sad,04,19,male,strong,2,Dogs are sitting by the door,2,speech,audio_only,16000
/Users/devanshbansal/Desktop/ser/dataset/Audio_Speech_Actors_01-24/Actor_19/03-01-05-01-01-01-19.wav,03-01-05-01-01-01-19.wav,angry,05,19,male,normal,1,Kids are talking by the door,1,speech,audio_only,16000
/Users/devanshbansal/Desktop/ser/dataset/Audio_Speech_Actors_01-24/Actor_19/03-01-05-01-01-02-19.wav,03-01-05-01-01-02-19.wav,angry,05,19,male,normal,1,Kids are talking by the door,2,speech,audio_only,16000
/Users/devanshbansal/Desktop/ser/dataset/Audio_Speech_Actors_01-24/Actor_19/03-01-05-01-02-01-19.wav,03-01-05-01-02-01-19.wav,angry,05,19,male,normal,2,Dogs are sitting by the door,1,speech,audio_only,16000
/Users/devanshbansal/Desktop/ser/dataset/Audio_Speech_Actors_01-24/Actor_19/03-01-05-01-02-02-19.wav,03-01-05-01-02-02-19.wav,angry,05,19,male,normal,2,Dogs are sitting by the door,2,speech,audio_only,16000
/Users/devanshbansal/Desktop/ser/dataset/Audio_Speech_Actors_01-24/Actor_19/03-01-05-02-01-01-19.wav,03-01-05-02-01-01-19.wav,angry,05,19,male,strong,1,Kids are talking by the door,1,speech,audio_only,16000
/Users/devanshbansal/Desktop/ser/dataset/Audio_Speech_Actors_01-24/Actor_19/03-01-05-02-01-02-19.wav,03-01-05-02-01-02-19.wav,angry,05,19,male,strong,1,Kids are talking by the door,2,speech,audio_only,16000
/Users/devanshbansal/Desktop/ser/dataset/Audio_Speech_Actors_01-24/Actor_19/03-01-05-02-02-01-19.wav,03-01-05-02-02-01-19.wav,angry,05,19,male,strong,2,Dogs are sitting by the door,1,speech,audio_only,16000
/Users/devanshbansal/Desktop/ser/dataset/Audio_Speech_Actors_01-24/Actor_19/03-01-05-02-02-02-19.wav,03-01-05-02-02-02-19.wav,angry,05,19,male,strong,2,Dogs are sitting by the door,2,speech,audio_only,16000
/Users/devanshbansal/Desktop/ser/dataset/Audio_Speech_Actors_01-24/Actor_19/03-01-06-01-01-01-19.wav,03-01-06-01-01-01-19.wav,fearful,06,19,male,normal,1,Kids are talking by the door,1,speech,audio_only,16000
/Users/devanshbansal/Desktop/ser/dataset/Audio_Speech_Actors_01-24/Actor_19/03-01-06-01-01-02-19.wav,03-01-06-01-01-02-19.wav,fearful,06,19,male,normal,1,Kids are talking by the door,2,speech,audio_only,16000
/Users/devanshbansal/Desktop/ser/dataset/Audio_Speech_Actors_01-24/Actor_19/03-01-06-01-02-01-19.wav,03-01-06-01-02-01-19.wav,fearful,06,19,male,normal,2,Dogs are sitting by the door,1,speech,audio_only,16000
/Users/devanshbansal/Desktop/ser/dataset/Audio_Speech_Actors_01-24/Actor_19/03-01-06-01-02-02-19.wav,03-01-06-01-02-02-19.wav,fearful,06,19,male,normal,2,Dogs are sitting by the door,2,speech,audio_only,16000
/Users/devanshbansal/Desktop/ser/dataset/Audio_Speech_Actors_01-24/Actor_19/03-01-06-02-01-01-19.wav,03-01-06-02-01-01-19.wav,fearful,06,19,male,strong,1,Kids are talking by the door,1,speech,audio_only,16000
/Users/devanshbansal/Desktop/ser/dataset/Audio_Speech_Actors_01-24/Actor_19/03-01-06-02-01-02-19.wav,03-01-06-02-01-02-19.wav,fearful,06,19,male,strong,1,Kids are talking by the door,2,speech,audio_only,16000
/Users/devanshbansal/Desktop/ser/dataset/Audio_Speech_Actors_01-24/Actor_19/03-01-06-02-02-01-19.wav,03-01-06-02-02-01-19.wav,fearful,06,19,male,strong,2,Dogs are sitting by the door,1,speech,audio_only,16000
/Users/devanshbansal/Desktop/ser/dataset/Audio_Speech_Actors_01-24/Actor_19/03-01-06-02-02-02-19.wav,03-01-06-02-02-02-19.wav,fearful,06,19,male,strong,2,Dogs are sitting by the door,2,speech,audio_only,16000
/Users/devanshbansal/Desktop/ser/dataset/Audio_Speech_Actors_01-24/Actor_19/03-01-07-01-01-01-19.wav,03-01-07-01-01-01-19.wav,disgust,07,19,male,normal,1,Kids are talking by the door,1,speech,audio_only,16000
/Users/devanshbansal/Desktop/ser/dataset/Audio_Speech_Actors_01-24/Actor_19/03-01-07-01-01-02-19.wav,03-01-07-01-01-02-19.wav,disgust,07,19,male,normal,1,Kids are talking by the door,2,speech,audio_only,16000
/Users/devanshbansal/Desktop/ser/dataset/Audio_Speech_Actors_01-24/Actor_19/03-01-07-01-02-01-19.wav,03-01-07-01-02-01-19.wav,disgust,07,19,male,normal,2,Dogs are sitting by the door,1,speech,audio_only,16000
/Users/devanshbansal/Desktop/ser/dataset/Audio_Speech_Actors_01-24/Actor_19/03-01-07-01-02-02-19.wav,03-01-07-01-02-02-19.wav,disgust,07,19,male,normal,2,Dogs are sitting by the door,2,speech,audio_only,16000
/Users/devanshbansal/Desktop/ser/dataset/Audio_Speech_Actors_01-24/Actor_19/03-01-07-02-01-01-19.wav,03-01-07-02-01-01-19.wav,disgust,07,19,male,strong,1,Kids are talking by the door,1,speech,audio_only,16000
/Users/devanshbansal/Desktop/ser/dataset/Audio_Speech_Actors_01-24/Actor_19/03-01-07-02-01-02-19.wav,03-01-07-02-01-02-19.wav,disgust,07,19,male,strong,1,Kids are talking by the door,2,speech,audio_only,16000
/Users/devanshbansal/Desktop/ser/dataset/Audio_Speech_Actors_01-24/Actor_19/03-01-07-02-02-01-19.wav,03-01-07-02-02-01-19.wav,disgust,07,19,male,strong,2,Dogs are sitting by the door,1,speech,audio_only,16000
/Users/devanshbansal/Desktop/ser/dataset/Audio_Speech_Actors_01-24/Actor_19/03-01-07-02-02-02-19.wav,03-01-07-02-02-02-19.wav,disgust,07,19,male,strong,2,Dogs are sitting by the door,2,speech,audio_only,16000
/Users/devanshbansal/Desktop/ser/dataset/Audio_Speech_Actors_01-24/Actor_19/03-01-08-01-01-01-19.wav,03-01-08-01-01-01-19.wav,surprised,08,19,male,normal,1,Kids are talking by the door,1,speech,audio_only,16000
/Users/devanshbansal/Desktop/ser/dataset/Audio_Speech_Actors_01-24/Actor_19/03-01-08-01-01-02-19.wav,03-01-08-01-01-02-19.wav,surprised,08,19,male,normal,1,Kids are talking by the door,2,speech,audio_only,16000
/Users/devanshbansal/Desktop/ser/dataset/Audio_Speech_Actors_01-24/Actor_19/03-01-08-01-02-01-19.wav,03-01-08-01-02-01-19.wav,surprised,08,19,male,normal,2,Dogs are sitting by the door,1,speech,audio_only,16000
/Users/devanshbansal/Desktop/ser/dataset/Audio_Speech_Actors_01-24/Actor_19/03-01-08-01-02-02-19.wav,03-01-08-01-02-02-19.wav,surprised,08,19,male,normal,2,Dogs are sitting by the door,2,speech,audio_only,16000
/Users/devanshbansal/Desktop/ser/dataset/Audio_Speech_Actors_01-24/Actor_19/03-01-08-02-01-01-19.wav,03-01-08-02-01-01-19.wav,surprised,08,19,male,strong,1,Kids are talking by the door,1,speech,audio_only,16000
/Users/devanshbansal/Desktop/ser/dataset/Audio_Speech_Actors_01-24/Actor_19/03-01-08-02-01-02-19.wav,03-01-08-02-01-02-19.wav,surprised,08,19,male,strong,1,Kids are talking by the door,2,speech,audio_only,16000
/Users/devanshbansal/Desktop/ser/dataset/Audio_Speech_Actors_01-24/Actor_19/03-01-08-02-02-01-19.wav,03-01-08-02-02-01-19.wav,surprised,08,19,male,strong,2,Dogs are sitting by the door,1,speech,audio_only,16000
/Users/devanshbansal/Desktop/ser/dataset/Audio_Speech_Actors_01-24/Actor_19/03-01-08-02-02-02-19.wav,03-01-08-02-02-02-19.wav,surprised,08,19,male,strong,2,Dogs are sitting by the door,2,speech,audio_only,16000
/Users/devanshbansal/Desktop/ser/dataset/Audio_Speech_Actors_01-24/Actor_20/03-01-01-01-01-01-20.wav,03-01-01-01-01-01-20.wav,calm,01,20,female,normal,1,Kids are talking by the door,1,speech,audio_only,16000
/Users/devanshbansal/Desktop/ser/dataset/Audio_Speech_Actors_01-24/Actor_20/03-01-01-01-01-02-20.wav,03-01-01-01-01-02-20.wav,calm,01,20,female,normal,1,Kids are talking by the door,2,speech,audio_only,16000
/Users/devanshbansal/Desktop/ser/dataset/Audio_Speech_Actors_01-24/Actor_20/03-01-01-01-02-01-20.wav,03-01-01-01-02-01-20.wav,calm,01,20,female,normal,2,Dogs are sitting by the door,1,speech,audio_only,16000
/Users/devanshbansal/Desktop/ser/dataset/Audio_Speech_Actors_01-24/Actor_20/03-01-01-01-02-02-20.wav,03-01-01-01-02-02-20.wav,calm,01,20,female,normal,2,Dogs are sitting by the door,2,speech,audio_only,16000
/Users/devanshbansal/Desktop/ser/dataset/Audio_Speech_Actors_01-24/Actor_20/03-01-02-01-01-01-20.wav,03-01-02-01-01-01-20.wav,calm,02,20,female,normal,1,Kids are talking by the door,1,speech,audio_only,16000
/Users/devanshbansal/Desktop/ser/dataset/Audio_Speech_Actors_01-24/Actor_20/03-01-02-01-01-02-20.wav,03-01-02-01-01-02-20.wav,calm,02,20,female,normal,1,Kids are talking by the door,2,speech,audio_only,16000
/Users/devanshbansal/Desktop/ser/dataset/Audio_Speech_Actors_01-24/Actor_20/03-01-02-01-02-01-20.wav,03-01-02-01-02-01-20.wav,calm,02,20,female,normal,2,Dogs are sitting by the door,1,speech,audio_only,16000
/Users/devanshbansal/Desktop/ser/dataset/Audio_Speech_Actors_01-24/Actor_20/03-01-02-01-02-02-20.wav,03-01-02-01-02-02-20.wav,calm,02,20,female,normal,2,Dogs are sitting by the door,2,speech,audio_only,16000
/Users/devanshbansal/Desktop/ser/dataset/Audio_Speech_Actors_01-24/Actor_20/03-01-02-02-01-01-20.wav,03-01-02-02-01-01-20.wav,calm,02,20,female,strong,1,Kids are talking by the door,1,speech,audio_only,16000
/Users/devanshbansal/Desktop/ser/dataset/Audio_Speech_Actors_01-24/Actor_20/03-01-02-02-01-02-20.wav,03-01-02-02-01-02-20.wav,calm,02,20,female,strong,1,Kids are talking by the door,2,speech,audio_only,16000
/Users/devanshbansal/Desktop/ser/dataset/Audio_Speech_Actors_01-24/Actor_20/03-01-02-02-02-01-20.wav,03-01-02-02-02-01-20.wav,calm,02,20,female,strong,2,Dogs are sitting by the door,1,speech,audio_only,16000
/Users/devanshbansal/Desktop/ser/dataset/Audio_Speech_Actors_01-24/Actor_20/03-01-02-02-02-02-20.wav,03-01-02-02-02-02-20.wav,calm,02,20,female,strong,2,Dogs are sitting by the door,2,speech,audio_only,16000
/Users/devanshbansal/Desktop/ser/dataset/Audio_Speech_Actors_01-24/Actor_20/03-01-03-01-01-01-20.wav,03-01-03-01-01-01-20.wav,happy,03,20,female,normal,1,Kids are talking by the door,1,speech,audio_only,16000
/Users/devanshbansal/Desktop/ser/dataset/Audio_Speech_Actors_01-24/Actor_20/03-01-03-01-01-02-20.wav,03-01-03-01-01-02-20.wav,happy,03,20,female,normal,1,Kids are talking by the door,2,speech,audio_only,16000
/Users/devanshbansal/Desktop/ser/dataset/Audio_Speech_Actors_01-24/Actor_20/03-01-03-01-02-01-20.wav,03-01-03-01-02-01-20.wav,happy,03,20,female,normal,2,Dogs are sitting by the door,1,speech,audio_only,16000
/Users/devanshbansal/Desktop/ser/dataset/Audio_Speech_Actors_01-24/Actor_20/03-01-03-01-02-02-20.wav,03-01-03-01-02-02-20.wav,happy,03,20,female,normal,2,Dogs are sitting by the door,2,speech,audio_only,16000
/Users/devanshbansal/Desktop/ser/dataset/Audio_Speech_Actors_01-24/Actor_20/03-01-03-02-01-01-20.wav,03-01-03-02-01-01-20.wav,happy,03,20,female,strong,1,Kids are talking by the door,1,speech,audio_only,16000
/Users/devanshbansal/Desktop/ser/dataset/Audio_Speech_Actors_01-24/Actor_20/03-01-03-02-01-02-20.wav,03-01-03-02-01-02-20.wav,happy,03,20,female,strong,1,Kids are talking by the door,2,speech,audio_only,16000
/Users/devanshbansal/Desktop/ser/dataset/Audio_Speech_Actors_01-24/Actor_20/03-01-03-02-02-01-20.wav,03-01-03-02-02-01-20.wav,happy,03,20,female,strong,2,Dogs are sitting by the door,1,speech,audio_only,16000
/Users/devanshbansal/Desktop/ser/dataset/Audio_Speech_Actors_01-24/Actor_20/03-01-03-02-02-02-20.wav,03-01-03-02-02-02-20.wav,happy,03,20,female,strong,2,Dogs are sitting by the door,2,speech,audio_only,16000
/Users/devanshbansal/Desktop/ser/dataset/Audio_Speech_Actors_01-24/Actor_20/03-01-04-01-01-01-20.wav,03-01-04-01-01-01-20.wav,sad,04,20,female,normal,1,Kids are talking by the door,1,speech,audio_only,16000
/Users/devanshbansal/Desktop/ser/dataset/Audio_Speech_Actors_01-24/Actor_20/03-01-04-01-01-02-20.wav,03-01-04-01-01-02-20.wav,sad,04,20,female,normal,1,Kids are talking by the door,2,speech,audio_only,16000
/Users/devanshbansal/Desktop/ser/dataset/Audio_Speech_Actors_01-24/Actor_20/03-01-04-01-02-01-20.wav,03-01-04-01-02-01-20.wav,sad,04,20,female,normal,2,Dogs are sitting by the door,1,speech,audio_only,16000
/Users/devanshbansal/Desktop/ser/dataset/Audio_Speech_Actors_01-24/Actor_20/03-01-04-01-02-02-20.wav,03-01-04-01-02-02-20.wav,sad,04,20,female,normal,2,Dogs are sitting by the door,2,speech,audio_only,16000
/Users/devanshbansal/Desktop/ser/dataset/Audio_Speech_Actors_01-24/Actor_20/03-01-04-02-01-01-20.wav,03-01-04-02-01-01-20.wav,sad,04,20,female,strong,1,Kids are talking by the door,1,speech,audio_only,16000
/Users/devanshbansal/Desktop/ser/dataset/Audio_Speech_Actors_01-24/Actor_20/03-01-04-02-01-02-20.wav,03-01-04-02-01-02-20.wav,sad,04,20,female,strong,1,Kids are talking by the door,2,speech,audio_only,16000
/Users/devanshbansal/Desktop/ser/dataset/Audio_Speech_Actors_01-24/Actor_20/03-01-04-02-02-01-20.wav,03-01-04-02-02-01-20.wav,sad,04,20,female,strong,2,Dogs are sitting by the door,1,speech,audio_only,16000
/Users/devanshbansal/Desktop/ser/dataset/Audio_Speech_Actors_01-24/Actor_20/03-01-04-02-02-02-20.wav,03-01-04-02-02-02-20.wav,sad,04,20,female,strong,2,Dogs are sitting by the door,2,speech,audio_only,16000
/Users/devanshbansal/Desktop/ser/dataset/Audio_Speech_Actors_01-24/Actor_20/03-01-05-01-01-01-20.wav,03-01-05-01-01-01-20.wav,angry,05,20,female,normal,1,Kids are talking by the door,1,speech,audio_only,16000
/Users/devanshbansal/Desktop/ser/dataset/Audio_Speech_Actors_01-24/Actor_20/03-01-05-01-01-02-20.wav,03-01-05-01-01-02-20.wav,angry,05,20,female,normal,1,Kids are talking by the door,2,speech,audio_only,16000
/Users/devanshbansal/Desktop/ser/dataset/Audio_Speech_Actors_01-24/Actor_20/03-01-05-01-02-01-20.wav,03-01-05-01-02-01-20.wav,angry,05,20,female,normal,2,Dogs are sitting by the door,1,speech,audio_only,16000
/Users/devanshbansal/Desktop/ser/dataset/Audio_Speech_Actors_01-24/Actor_20/03-01-05-01-02-02-20.wav,03-01-05-01-02-02-20.wav,angry,05,20,female,normal,2,Dogs are sitting by the door,2,speech,audio_only,16000
/Users/devanshbansal/Desktop/ser/dataset/Audio_Speech_Actors_01-24/Actor_20/03-01-05-02-01-01-20.wav,03-01-05-02-01-01-20.wav,angry,05,20,female,strong,1,Kids are talking by the door,1,speech,audio_only,16000
/Users/devanshbansal/Desktop/ser/dataset/Audio_Speech_Actors_01-24/Actor_20/03-01-05-02-01-02-20.wav,03-01-05-02-01-02-20.wav,angry,05,20,female,strong,1,Kids are talking by the door,2,speech,audio_only,16000
/Users/devanshbansal/Desktop/ser/dataset/Audio_Speech_Actors_01-24/Actor_20/03-01-05-02-02-01-20.wav,03-01-05-02-02-01-20.wav,angry,05,20,female,strong,2,Dogs are sitting by the door,1,speech,audio_only,16000
/Users/devanshbansal/Desktop/ser/dataset/Audio_Speech_Actors_01-24/Actor_20/03-01-05-02-02-02-20.wav,03-01-05-02-02-02-20.wav,angry,05,20,female,strong,2,Dogs are sitting by the door,2,speech,audio_only,16000
/Users/devanshbansal/Desktop/ser/dataset/Audio_Speech_Actors_01-24/Actor_20/03-01-06-01-01-01-20.wav,03-01-06-01-01-01-20.wav,fearful,06,20,female,normal,1,Kids are talking by the door,1,speech,audio_only,16000
/Users/devanshbansal/Desktop/ser/dataset/Audio_Speech_Actors_01-24/Actor_20/03-01-06-01-01-02-20.wav,03-01-06-01-01-02-20.wav,fearful,06,20,female,normal,1,Kids are talking by the door,2,speech,audio_only,16000
/Users/devanshbansal/Desktop/ser/dataset/Audio_Speech_Actors_01-24/Actor_20/03-01-06-01-02-01-20.wav,03-01-06-01-02-01-20.wav,fearful,06,20,female,normal,2,Dogs are sitting by the door,1,speech,audio_only,16000
/Users/devanshbansal/Desktop/ser/dataset/Audio_Speech_Actors_01-24/Actor_20/03-01-06-01-02-02-20.wav,03-01-06-01-02-02-20.wav,fearful,06,20,female,normal,2,Dogs are sitting by the door,2,speech,audio_only,16000
/Users/devanshbansal/Desktop/ser/dataset/Audio_Speech_Actors_01-24/Actor_20/03-01-06-02-01-01-20.wav,03-01-06-02-01-01-20.wav,fearful,06,20,female,strong,1,Kids are talking by the door,1,speech,audio_only,16000
/Users/devanshbansal/Desktop/ser/dataset/Audio_Speech_Actors_01-24/Actor_20/03-01-06-02-01-02-20.wav,03-01-06-02-01-02-20.wav,fearful,06,20,female,strong,1,Kids are talking by the door,2,speech,audio_only,16000
/Users/devanshbansal/Desktop/ser/dataset/Audio_Speech_Actors_01-24/Actor_20/03-01-06-02-02-01-20.wav,03-01-06-02-02-01-20.wav,fearful,06,20,female,strong,2,Dogs are sitting by the door,1,speech,audio_only,16000
/Users/devanshbansal/Desktop/ser/dataset/Audio_Speech_Actors_01-24/Actor_20/03-01-06-02-02-02-20.wav,03-01-06-02-02-02-20.wav,fearful,06,20,female,strong,2,Dogs are sitting by the door,2,speech,audio_only,16000
/Users/devanshbansal/Desktop/ser/dataset/Audio_Speech_Actors_01-24/Actor_20/03-01-07-01-01-01-20.wav,03-01-07-01-01-01-20.wav,disgust,07,20,female,normal,1,Kids are talking by the door,1,speech,audio_only,16000
/Users/devanshbansal/Desktop/ser/dataset/Audio_Speech_Actors_01-24/Actor_20/03-01-07-01-01-02-20.wav,03-01-07-01-01-02-20.wav,disgust,07,20,female,normal,1,Kids are talking by the door,2,speech,audio_only,16000
/Users/devanshbansal/Desktop/ser/dataset/Audio_Speech_Actors_01-24/Actor_20/03-01-07-01-02-01-20.wav,03-01-07-01-02-01-20.wav,disgust,07,20,female,normal,2,Dogs are sitting by the door,1,speech,audio_only,16000
/Users/devanshbansal/Desktop/ser/dataset/Audio_Speech_Actors_01-24/Actor_20/03-01-07-01-02-02-20.wav,03-01-07-01-02-02-20.wav,disgust,07,20,female,normal,2,Dogs are sitting by the door,2,speech,audio_only,16000
/Users/devanshbansal/Desktop/ser/dataset/Audio_Speech_Actors_01-24/Actor_20/03-01-07-02-01-01-20.wav,03-01-07-02-01-01-20.wav,disgust,07,20,female,strong,1,Kids are talking by the door,1,speech,audio_only,16000
/Users/devanshbansal/Desktop/ser/dataset/Audio_Speech_Actors_01-24/Actor_20/03-01-07-02-01-02-20.wav,03-01-07-02-01-02-20.wav,disgust,07,20,female,strong,1,Kids are talking by the door,2,speech,audio_only,16000
/Users/devanshbansal/Desktop/ser/dataset/Audio_Speech_Actors_01-24/Actor_20/03-01-07-02-02-01-20.wav,03-01-07-02-02-01-20.wav,disgust,07,20,female,strong,2,Dogs are sitting by the door,1,speech,audio_only,16000
/Users/devanshbansal/Desktop/ser/dataset/Audio_Speech_Actors_01-24/Actor_20/03-01-07-02-02-02-20.wav,03-01-07-02-02-02-20.wav,disgust,07,20,female,strong,2,Dogs are sitting by the door,2,speech,audio_only,16000
/Users/devanshbansal/Desktop/ser/dataset/Audio_Speech_Actors_01-24/Actor_20/03-01-08-01-01-01-20.wav,03-01-08-01-01-01-20.wav,surprised,08,20,female,normal,1,Kids are talking by the door,1,speech,audio_only,16000
/Users/devanshbansal/Desktop/ser/dataset/Audio_Speech_Actors_01-24/Actor_20/03-01-08-01-01-02-20.wav,03-01-08-01-01-02-20.wav,surprised,08,20,female,normal,1,Kids are talking by the door,2,speech,audio_only,16000
/Users/devanshbansal/Desktop/ser/dataset/Audio_Speech_Actors_01-24/Actor_20/03-01-08-01-02-01-20.wav,03-01-08-01-02-01-20.wav,surprised,08,20,female,normal,2,Dogs are sitting by the door,1,speech,audio_only,16000
/Users/devanshbansal/Desktop/ser/dataset/Audio_Speech_Actors_01-24/Actor_20/03-01-08-01-02-02-20.wav,03-01-08-01-02-02-20.wav,surprised,08,20,female,normal,2,Dogs are sitting by the door,2,speech,audio_only,16000
/Users/devanshbansal/Desktop/ser/dataset/Audio_Speech_Actors_01-24/Actor_20/03-01-08-02-01-01-20.wav,03-01-08-02-01-01-20.wav,surprised,08,20,female,strong,1,Kids are talking by the door,1,speech,audio_only,16000
/Users/devanshbansal/Desktop/ser/dataset/Audio_Speech_Actors_01-24/Actor_20/03-01-08-02-01-02-20.wav,03-01-08-02-01-02-20.wav,surprised,08,20,female,strong,1,Kids are talking by the door,2,speech,audio_only,16000
/Users/devanshbansal/Desktop/ser/dataset/Audio_Speech_Actors_01-24/Actor_20/03-01-08-02-02-01-20.wav,03-01-08-02-02-01-20.wav,surprised,08,20,female,strong,2,Dogs are sitting by the door,1,speech,audio_only,16000
/Users/devanshbansal/Desktop/ser/dataset/Audio_Speech_Actors_01-24/Actor_20/03-01-08-02-02-02-20.wav,03-01-08-02-02-02-20.wav,surprised,08,20,female,strong,2,Dogs are sitting by the door,2,speech,audio_only,16000
/Users/devanshbansal/Desktop/ser/dataset/Audio_Speech_Actors_01-24/Actor_21/03-01-01-01-01-01-21.wav,03-01-01-01-01-01-21.wav,calm,01,21,male,normal,1,Kids are talking by the door,1,speech,audio_only,16000
/Users/devanshbansal/Desktop/ser/dataset/Audio_Speech_Actors_01-24/Actor_21/03-01-01-01-01-02-21.wav,03-01-01-01-01-02-21.wav,calm,01,21,male,normal,1,Kids are talking by the door,2,speech,audio_only,16000
/Users/devanshbansal/Desktop/ser/dataset/Audio_Speech_Actors_01-24/Actor_21/03-01-01-01-02-01-21.wav,03-01-01-01-02-01-21.wav,calm,01,21,male,normal,2,Dogs are sitting by the door,1,speech,audio_only,16000
/Users/devanshbansal/Desktop/ser/dataset/Audio_Speech_Actors_01-24/Actor_21/03-01-01-01-02-02-21.wav,03-01-01-01-02-02-21.wav,calm,01,21,male,normal,2,Dogs are sitting by the door,2,speech,audio_only,16000
/Users/devanshbansal/Desktop/ser/dataset/Audio_Speech_Actors_01-24/Actor_21/03-01-02-01-01-01-21.wav,03-01-02-01-01-01-21.wav,calm,02,21,male,normal,1,Kids are talking by the door,1,speech,audio_only,16000
/Users/devanshbansal/Desktop/ser/dataset/Audio_Speech_Actors_01-24/Actor_21/03-01-02-01-01-02-21.wav,03-01-02-01-01-02-21.wav,calm,02,21,male,normal,1,Kids are talking by the door,2,speech,audio_only,16000
/Users/devanshbansal/Desktop/ser/dataset/Audio_Speech_Actors_01-24/Actor_21/03-01-02-01-02-01-21.wav,03-01-02-01-02-01-21.wav,calm,02,21,male,normal,2,Dogs are sitting by the door,1,speech,audio_only,16000
/Users/devanshbansal/Desktop/ser/dataset/Audio_Speech_Actors_01-24/Actor_21/03-01-02-01-02-02-21.wav,03-01-02-01-02-02-21.wav,calm,02,21,male,normal,2,Dogs are sitting by the door,2,speech,audio_only,16000
/Users/devanshbansal/Desktop/ser/dataset/Audio_Speech_Actors_01-24/Actor_21/03-01-02-02-01-01-21.wav,03-01-02-02-01-01-21.wav,calm,02,21,male,strong,1,Kids are talking by the door,1,speech,audio_only,16000
/Users/devanshbansal/Desktop/ser/dataset/Audio_Speech_Actors_01-24/Actor_21/03-01-02-02-01-02-21.wav,03-01-02-02-01-02-21.wav,calm,02,21,male,strong,1,Kids are talking by the door,2,speech,audio_only,16000
/Users/devanshbansal/Desktop/ser/dataset/Audio_Speech_Actors_01-24/Actor_21/03-01-02-02-02-01-21.wav,03-01-02-02-02-01-21.wav,calm,02,21,male,strong,2,Dogs are sitting by the door,1,speech,audio_only,16000
/Users/devanshbansal/Desktop/ser/dataset/Audio_Speech_Actors_01-24/Actor_21/03-01-02-02-02-02-21.wav,03-01-02-02-02-02-21.wav,calm,02,21,male,strong,2,Dogs are sitting by the door,2,speech,audio_only,16000
/Users/devanshbansal/Desktop/ser/dataset/Audio_Speech_Actors_01-24/Actor_21/03-01-03-01-01-01-21.wav,03-01-03-01-01-01-21.wav,happy,03,21,male,normal,1,Kids are talking by the door,1,speech,audio_only,16000
/Users/devanshbansal/Desktop/ser/dataset/Audio_Speech_Actors_01-24/Actor_21/03-01-03-01-01-02-21.wav,03-01-03-01-01-02-21.wav,happy,03,21,male,normal,1,Kids are talking by the door,2,speech,audio_only,16000
/Users/devanshbansal/Desktop/ser/dataset/Audio_Speech_Actors_01-24/Actor_21/03-01-03-01-02-01-21.wav,03-01-03-01-02-01-21.wav,happy,03,21,male,normal,2,Dogs are sitting by the door,1,speech,audio_only,16000
/Users/devanshbansal/Desktop/ser/dataset/Audio_Speech_Actors_01-24/Actor_21/03-01-03-01-02-02-21.wav,03-01-03-01-02-02-21.wav,happy,03,21,male,normal,2,Dogs are sitting by the door,2,speech,audio_only,16000
/Users/devanshbansal/Desktop/ser/dataset/Audio_Speech_Actors_01-24/Actor_21/03-01-03-02-01-01-21.wav,03-01-03-02-01-01-21.wav,happy,03,21,male,strong,1,Kids are talking by the door,1,speech,audio_only,16000
/Users/devanshbansal/Desktop/ser/dataset/Audio_Speech_Actors_01-24/Actor_21/03-01-03-02-01-02-21.wav,03-01-03-02-01-02-21.wav,happy,03,21,male,strong,1,Kids are talking by the door,2,speech,audio_only,16000
/Users/devanshbansal/Desktop/ser/dataset/Audio_Speech_Actors_01-24/Actor_21/03-01-03-02-02-01-21.wav,03-01-03-02-02-01-21.wav,happy,03,21,male,strong,2,Dogs are sitting by the door,1,speech,audio_only,16000
/Users/devanshbansal/Desktop/ser/dataset/Audio_Speech_Actors_01-24/Actor_21/03-01-03-02-02-02-21.wav,03-01-03-02-02-02-21.wav,happy,03,21,male,strong,2,Dogs are sitting by the door,2,speech,audio_only,16000
/Users/devanshbansal/Desktop/ser/dataset/Audio_Speech_Actors_01-24/Actor_21/03-01-04-01-01-01-21.wav,03-01-04-01-01-01-21.wav,sad,04,21,male,normal,1,Kids are talking by the door,1,speech,audio_only,16000
/Users/devanshbansal/Desktop/ser/dataset/Audio_Speech_Actors_01-24/Actor_21/03-01-04-01-01-02-21.wav,03-01-04-01-01-02-21.wav,sad,04,21,male,normal,1,Kids are talking by the door,2,speech,audio_only,16000
/Users/devanshbansal/Desktop/ser/dataset/Audio_Speech_Actors_01-24/Actor_21/03-01-04-01-02-01-21.wav,03-01-04-01-02-01-21.wav,sad,04,21,male,normal,2,Dogs are sitting by the door,1,speech,audio_only,16000
/Users/devanshbansal/Desktop/ser/dataset/Audio_Speech_Actors_01-24/Actor_21/03-01-04-01-02-02-21.wav,03-01-04-01-02-02-21.wav,sad,04,21,male,normal,2,Dogs are sitting by the door,2,speech,audio_only,16000
/Users/devanshbansal/Desktop/ser/dataset/Audio_Speech_Actors_01-24/Actor_21/03-01-04-02-01-01-21.wav,03-01-04-02-01-01-21.wav,sad,04,21,male,strong,1,Kids are talking by the door,1,speech,audio_only,16000
/Users/devanshbansal/Desktop/ser/dataset/Audio_Speech_Actors_01-24/Actor_21/03-01-04-02-01-02-21.wav,03-01-04-02-01-02-21.wav,sad,04,21,male,strong,1,Kids are talking by the door,2,speech,audio_only,16000
/Users/devanshbansal/Desktop/ser/dataset/Audio_Speech_Actors_01-24/Actor_21/03-01-04-02-02-01-21.wav,03-01-04-02-02-01-21.wav,sad,04,21,male,strong,2,Dogs are sitting by the door,1,speech,audio_only,16000
/Users/devanshbansal/Desktop/ser/dataset/Audio_Speech_Actors_01-24/Actor_21/03-01-04-02-02-02-21.wav,03-01-04-02-02-02-21.wav,sad,04,21,male,strong,2,Dogs are sitting by the door,2,speech,audio_only,16000
/Users/devanshbansal/Desktop/ser/dataset/Audio_Speech_Actors_01-24/Actor_21/03-01-05-01-01-01-21.wav,03-01-05-01-01-01-21.wav,angry,05,21,male,normal,1,Kids are talking by the door,1,speech,audio_only,16000
/Users/devanshbansal/Desktop/ser/dataset/Audio_Speech_Actors_01-24/Actor_21/03-01-05-01-01-02-21.wav,03-01-05-01-01-02-21.wav,angry,05,21,male,normal,1,Kids are talking by the door,2,speech,audio_only,16000
/Users/devanshbansal/Desktop/ser/dataset/Audio_Speech_Actors_01-24/Actor_21/03-01-05-01-02-01-21.wav,03-01-05-01-02-01-21.wav,angry,05,21,male,normal,2,Dogs are sitting by the door,1,speech,audio_only,16000
/Users/devanshbansal/Desktop/ser/dataset/Audio_Speech_Actors_01-24/Actor_21/03-01-05-01-02-02-21.wav,03-01-05-01-02-02-21.wav,angry,05,21,male,normal,2,Dogs are sitting by the door,2,speech,audio_only,16000
/Users/devanshbansal/Desktop/ser/dataset/Audio_Speech_Actors_01-24/Actor_21/03-01-05-02-01-01-21.wav,03-01-05-02-01-01-21.wav,angry,05,21,male,strong,1,Kids are talking by the door,1,speech,audio_only,16000
/Users/devanshbansal/Desktop/ser/dataset/Audio_Speech_Actors_01-24/Actor_21/03-01-05-02-01-02-21.wav,03-01-05-02-01-02-21.wav,angry,05,21,male,strong,1,Kids are talking by the door,2,speech,audio_only,16000
/Users/devanshbansal/Desktop/ser/dataset/Audio_Speech_Actors_01-24/Actor_21/03-01-05-02-02-01-21.wav,03-01-05-02-02-01-21.wav,angry,05,21,male,strong,2,Dogs are sitting by the door,1,speech,audio_only,16000
/Users/devanshbansal/Desktop/ser/dataset/Audio_Speech_Actors_01-24/Actor_21/03-01-05-02-02-02-21.wav,03-01-05-02-02-02-21.wav,angry,05,21,male,strong,2,Dogs are sitting by the door,2,speech,audio_only,16000
/Users/devanshbansal/Desktop/ser/dataset/Audio_Speech_Actors_01-24/Actor_21/03-01-06-01-01-01-21.wav,03-01-06-01-01-01-21.wav,fearful,06,21,male,normal,1,Kids are talking by the door,1,speech,audio_only,16000
/Users/devanshbansal/Desktop/ser/dataset/Audio_Speech_Actors_01-24/Actor_21/03-01-06-01-01-02-21.wav,03-01-06-01-01-02-21.wav,fearful,06,21,male,normal,1,Kids are talking by the door,2,speech,audio_only,16000
/Users/devanshbansal/Desktop/ser/dataset/Audio_Speech_Actors_01-24/Actor_21/03-01-06-01-02-01-21.wav,03-01-06-01-02-01-21.wav,fearful,06,21,male,normal,2,Dogs are sitting by the door,1,speech,audio_only,16000
/Users/devanshbansal/Desktop/ser/dataset/Audio_Speech_Actors_01-24/Actor_21/03-01-06-01-02-02-21.wav,03-01-06-01-02-02-21.wav,fearful,06,21,male,normal,2,Dogs are sitting by the door,2,speech,audio_only,16000
/Users/devanshbansal/Desktop/ser/dataset/Audio_Speech_Actors_01-24/Actor_21/03-01-06-02-01-01-21.wav,03-01-06-02-01-01-21.wav,fearful,06,21,male,strong,1,Kids are talking by the door,1,speech,audio_only,16000
/Users/devanshbansal/Desktop/ser/dataset/Audio_Speech_Actors_01-24/Actor_21/03-01-06-02-01-02-21.wav,03-01-06-02-01-02-21.wav,fearful,06,21,male,strong,1,Kids are talking by the door,2,speech,audio_only,16000
/Users/devanshbansal/Desktop/ser/dataset/Audio_Speech_Actors_01-24/Actor_21/03-01-06-02-02-01-21.wav,03-01-06-02-02-01-21.wav,fearful,06,21,male,strong,2,Dogs are sitting by the door,1,speech,audio_only,16000
/Users/devanshbansal/Desktop/ser/dataset/Audio_Speech_Actors_01-24/Actor_21/03-01-06-02-02-02-21.wav,03-01-06-02-02-02-21.wav,fearful,06,21,male,strong,2,Dogs are sitting by the door,2,speech,audio_only,16000
/Users/devanshbansal/Desktop/ser/dataset/Audio_Speech_Actors_01-24/Actor_21/03-01-07-01-01-01-21.wav,03-01-07-01-01-01-21.wav,disgust,07,21,male,normal,1,Kids are talking by the door,1,speech,audio_only,16000
/Users/devanshbansal/Desktop/ser/dataset/Audio_Speech_Actors_01-24/Actor_21/03-01-07-01-01-02-21.wav,03-01-07-01-01-02-21.wav,disgust,07,21,male,normal,1,Kids are talking by the door,2,speech,audio_only,16000
/Users/devanshbansal/Desktop/ser/dataset/Audio_Speech_Actors_01-24/Actor_21/03-01-07-01-02-01-21.wav,03-01-07-01-02-01-21.wav,disgust,07,21,male,normal,2,Dogs are sitting by the door,1,speech,audio_only,16000
/Users/devanshbansal/Desktop/ser/dataset/Audio_Speech_Actors_01-24/Actor_21/03-01-07-01-02-02-21.wav,03-01-07-01-02-02-21.wav,disgust,07,21,male,normal,2,Dogs are sitting by the door,2,speech,audio_only,16000
/Users/devanshbansal/Desktop/ser/dataset/Audio_Speech_Actors_01-24/Actor_21/03-01-07-02-01-01-21.wav,03-01-07-02-01-01-21.wav,disgust,07,21,male,strong,1,Kids are talking by the door,1,speech,audio_only,16000
/Users/devanshbansal/Desktop/ser/dataset/Audio_Speech_Actors_01-24/Actor_21/03-01-07-02-01-02-21.wav,03-01-07-02-01-02-21.wav,disgust,07,21,male,strong,1,Kids are talking by the door,2,speech,audio_only,16000
/Users/devanshbansal/Desktop/ser/dataset/Audio_Speech_Actors_01-24/Actor_21/03-01-07-02-02-01-21.wav,03-01-07-02-02-01-21.wav,disgust,07,21,male,strong,2,Dogs are sitting by the door,1,speech,audio_only,16000
/Users/devanshbansal/Desktop/ser/dataset/Audio_Speech_Actors_01-24/Actor_21/03-01-07-02-02-02-21.wav,03-01-07-02-02-02-21.wav,disgust,07,21,male,strong,2,Dogs are sitting by the door,2,speech,audio_only,16000
/Users/devanshbansal/Desktop/ser/dataset/Audio_Speech_Actors_01-24/Actor_21/03-01-08-01-01-01-21.wav,03-01-08-01-01-01-21.wav,surprised,08,21,male,normal,1,Kids are talking by the door,1,speech,audio_only,16000
/Users/devanshbansal/Desktop/ser/dataset/Audio_Speech_Actors_01-24/Actor_21/03-01-08-01-01-02-21.wav,03-01-08-01-01-02-21.wav,surprised,08,21,male,normal,1,Kids are talking by the door,2,speech,audio_only,16000
/Users/devanshbansal/Desktop/ser/dataset/Audio_Speech_Actors_01-24/Actor_21/03-01-08-01-02-01-21.wav,03-01-08-01-02-01-21.wav,surprised,08,21,male,normal,2,Dogs are sitting by the door,1,speech,audio_only,16000
/Users/devanshbansal/Desktop/ser/dataset/Audio_Speech_Actors_01-24/Actor_21/03-01-08-01-02-02-21.wav,03-01-08-01-02-02-21.wav,surprised,08,21,male,normal,2,Dogs are sitting by the door,2,speech,audio_only,16000
/Users/devanshbansal/Desktop/ser/dataset/Audio_Speech_Actors_01-24/Actor_21/03-01-08-02-01-01-21.wav,03-01-08-02-01-01-21.wav,surprised,08,21,male,strong,1,Kids are talking by the door,1,speech,audio_only,16000
/Users/devanshbansal/Desktop/ser/dataset/Audio_Speech_Actors_01-24/Actor_21/03-01-08-02-01-02-21.wav,03-01-08-02-01-02-21.wav,surprised,08,21,male,strong,1,Kids are talking by the door,2,speech,audio_only,16000
/Users/devanshbansal/Desktop/ser/dataset/Audio_Speech_Actors_01-24/Actor_21/03-01-08-02-02-01-21.wav,03-01-08-02-02-01-21.wav,surprised,08,21,male,strong,2,Dogs are sitting by the door,1,speech,audio_only,16000
/Users/devanshbansal/Desktop/ser/dataset/Audio_Speech_Actors_01-24/Actor_21/03-01-08-02-02-02-21.wav,03-01-08-02-02-02-21.wav,surprised,08,21,male,strong,2,Dogs are sitting by the door,2,speech,audio_only,16000
/Users/devanshbansal/Desktop/ser/dataset/Audio_Speech_Actors_01-24/Actor_22/03-01-01-01-01-01-22.wav,03-01-01-01-01-01-22.wav,calm,01,22,female,normal,1,Kids are talking by the door,1,speech,audio_only,16000
/Users/devanshbansal/Desktop/ser/dataset/Audio_Speech_Actors_01-24/Actor_22/03-01-01-01-01-02-22.wav,03-01-01-01-01-02-22.wav,calm,01,22,female,normal,1,Kids are talking by the door,2,speech,audio_only,16000
/Users/devanshbansal/Desktop/ser/dataset/Audio_Speech_Actors_01-24/Actor_22/03-01-01-01-02-01-22.wav,03-01-01-01-02-01-22.wav,calm,01,22,female,normal,2,Dogs are sitting by the door,1,speech,audio_only,16000
/Users/devanshbansal/Desktop/ser/dataset/Audio_Speech_Actors_01-24/Actor_22/03-01-01-01-02-02-22.wav,03-01-01-01-02-02-22.wav,calm,01,22,female,normal,2,Dogs are sitting by the door,2,speech,audio_only,16000
/Users/devanshbansal/Desktop/ser/dataset/Audio_Speech_Actors_01-24/Actor_22/03-01-02-01-01-01-22.wav,03-01-02-01-01-01-22.wav,calm,02,22,female,normal,1,Kids are talking by the door,1,speech,audio_only,16000
/Users/devanshbansal/Desktop/ser/dataset/Audio_Speech_Actors_01-24/Actor_22/03-01-02-01-01-02-22.wav,03-01-02-01-01-02-22.wav,calm,02,22,female,normal,1,Kids are talking by the door,2,speech,audio_only,16000
/Users/devanshbansal/Desktop/ser/dataset/Audio_Speech_Actors_01-24/Actor_22/03-01-02-01-02-01-22.wav,03-01-02-01-02-01-22.wav,calm,02,22,female,normal,2,Dogs are sitting by the door,1,speech,audio_only,16000
/Users/devanshbansal/Desktop/ser/dataset/Audio_Speech_Actors_01-24/Actor_22/03-01-02-01-02-02-22.wav,03-01-02-01-02-02-22.wav,calm,02,22,female,normal,2,Dogs are sitting by the door,2,speech,audio_only,16000
/Users/devanshbansal/Desktop/ser/dataset/Audio_Speech_Actors_01-24/Actor_22/03-01-02-02-01-01-22.wav,03-01-02-02-01-01-22.wav,calm,02,22,female,strong,1,Kids are talking by the door,1,speech,audio_only,16000
/Users/devanshbansal/Desktop/ser/dataset/Audio_Speech_Actors_01-24/Actor_22/03-01-02-02-01-02-22.wav,03-01-02-02-01-02-22.wav,calm,02,22,female,strong,1,Kids are talking by the door,2,speech,audio_only,16000
/Users/devanshbansal/Desktop/ser/dataset/Audio_Speech_Actors_01-24/Actor_22/03-01-02-02-02-01-22.wav,03-01-02-02-02-01-22.wav,calm,02,22,female,strong,2,Dogs are sitting by the door,1,speech,audio_only,16000
/Users/devanshbansal/Desktop/ser/dataset/Audio_Speech_Actors_01-24/Actor_22/03-01-02-02-02-02-22.wav,03-01-02-02-02-02-22.wav,calm,02,22,female,strong,2,Dogs are sitting by the door,2,speech,audio_only,16000
/Users/devanshbansal/Desktop/ser/dataset/Audio_Speech_Actors_01-24/Actor_22/03-01-03-01-01-01-22.wav,03-01-03-01-01-01-22.wav,happy,03,22,female,normal,1,Kids are talking by the door,1,speech,audio_only,16000
/Users/devanshbansal/Desktop/ser/dataset/Audio_Speech_Actors_01-24/Actor_22/03-01-03-01-01-02-22.wav,03-01-03-01-01-02-22.wav,happy,03,22,female,normal,1,Kids are talking by the door,2,speech,audio_only,16000
/Users/devanshbansal/Desktop/ser/dataset/Audio_Speech_Actors_01-24/Actor_22/03-01-03-01-02-01-22.wav,03-01-03-01-02-01-22.wav,happy,03,22,female,normal,2,Dogs are sitting by the door,1,speech,audio_only,16000
/Users/devanshbansal/Desktop/ser/dataset/Audio_Speech_Actors_01-24/Actor_22/03-01-03-01-02-02-22.wav,03-01-03-01-02-02-22.wav,happy,03,22,female,normal,2,Dogs are sitting by the door,2,speech,audio_only,16000
/Users/devanshbansal/Desktop/ser/dataset/Audio_Speech_Actors_01-24/Actor_22/03-01-03-02-01-01-22.wav,03-01-03-02-01-01-22.wav,happy,03,22,female,strong,1,Kids are talking by the door,1,speech,audio_only,16000
/Users/devanshbansal/Desktop/ser/dataset/Audio_Speech_Actors_01-24/Actor_22/03-01-03-02-01-02-22.wav,03-01-03-02-01-02-22.wav,happy,03,22,female,strong,1,Kids are talking by the door,2,speech,audio_only,16000
/Users/devanshbansal/Desktop/ser/dataset/Audio_Speech_Actors_01-24/Actor_22/03-01-03-02-02-01-22.wav,03-01-03-02-02-01-22.wav,happy,03,22,female,strong,2,Dogs are sitting by the door,1,speech,audio_only,16000
/Users/devanshbansal/Desktop/ser/dataset/Audio_Speech_Actors_01-24/Actor_22/03-01-03-02-02-02-22.wav,03-01-03-02-02-02-22.wav,happy,03,22,female,strong,2,Dogs are sitting by the door,2,speech,audio_only,16000
/Users/devanshbansal/Desktop/ser/dataset/Audio_Speech_Actors_01-24/Actor_22/03-01-04-01-01-01-22.wav,03-01-04-01-01-01-22.wav,sad,04,22,female,normal,1,Kids are talking by the door,1,speech,audio_only,16000
/Users/devanshbansal/Desktop/ser/dataset/Audio_Speech_Actors_01-24/Actor_22/03-01-04-01-01-02-22.wav,03-01-04-01-01-02-22.wav,sad,04,22,female,normal,1,Kids are talking by the door,2,speech,audio_only,16000
/Users/devanshbansal/Desktop/ser/dataset/Audio_Speech_Actors_01-24/Actor_22/03-01-04-01-02-01-22.wav,03-01-04-01-02-01-22.wav,sad,04,22,female,normal,2,Dogs are sitting by the door,1,speech,audio_only,16000
/Users/devanshbansal/Desktop/ser/dataset/Audio_Speech_Actors_01-24/Actor_22/03-01-04-01-02-02-22.wav,03-01-04-01-02-02-22.wav,sad,04,22,female,normal,2,Dogs are sitting by the door,2,speech,audio_only,16000
/Users/devanshbansal/Desktop/ser/dataset/Audio_Speech_Actors_01-24/Actor_22/03-01-04-02-01-01-22.wav,03-01-04-02-01-01-22.wav,sad,04,22,female,strong,1,Kids are talking by the door,1,speech,audio_only,16000
/Users/devanshbansal/Desktop/ser/dataset/Audio_Speech_Actors_01-24/Actor_22/03-01-04-02-01-02-22.wav,03-01-04-02-01-02-22.wav,sad,04,22,female,strong,1,Kids are talking by the door,2,speech,audio_only,16000
/Users/devanshbansal/Desktop/ser/dataset/Audio_Speech_Actors_01-24/Actor_22/03-01-04-02-02-01-22.wav,03-01-04-02-02-01-22.wav,sad,04,22,female,strong,2,Dogs are sitting by the door,1,speech,audio_only,16000
/Users/devanshbansal/Desktop/ser/dataset/Audio_Speech_Actors_01-24/Actor_22/03-01-04-02-02-02-22.wav,03-01-04-02-02-02-22.wav,sad,04,22,female,strong,2,Dogs are sitting by the door,2,speech,audio_only,16000
/Users/devanshbansal/Desktop/ser/dataset/Audio_Speech_Actors_01-24/Actor_22/03-01-05-01-01-01-22.wav,03-01-05-01-01-01-22.wav,angry,05,22,female,normal,1,Kids are talking by the door,1,speech,audio_only,16000
/Users/devanshbansal/Desktop/ser/dataset/Audio_Speech_Actors_01-24/Actor_22/03-01-05-01-01-02-22.wav,03-01-05-01-01-02-22.wav,angry,05,22,female,normal,1,Kids are talking by the door,2,speech,audio_only,16000
/Users/devanshbansal/Desktop/ser/dataset/Audio_Speech_Actors_01-24/Actor_22/03-01-05-01-02-01-22.wav,03-01-05-01-02-01-22.wav,angry,05,22,female,normal,2,Dogs are sitting by the door,1,speech,audio_only,16000
/Users/devanshbansal/Desktop/ser/dataset/Audio_Speech_Actors_01-24/Actor_22/03-01-05-01-02-02-22.wav,03-01-05-01-02-02-22.wav,angry,05,22,female,normal,2,Dogs are sitting by the door,2,speech,audio_only,16000
/Users/devanshbansal/Desktop/ser/dataset/Audio_Speech_Actors_01-24/Actor_22/03-01-05-02-01-01-22.wav,03-01-05-02-01-01-22.wav,angry,05,22,female,strong,1,Kids are talking by the door,1,speech,audio_only,16000
/Users/devanshbansal/Desktop/ser/dataset/Audio_Speech_Actors_01-24/Actor_22/03-01-05-02-01-02-22.wav,03-01-05-02-01-02-22.wav,angry,05,22,female,strong,1,Kids are talking by the door,2,speech,audio_only,16000
/Users/devanshbansal/Desktop/ser/dataset/Audio_Speech_Actors_01-24/Actor_22/03-01-05-02-02-01-22.wav,03-01-05-02-02-01-22.wav,angry,05,22,female,strong,2,Dogs are sitting by the door,1,speech,audio_only,16000
/Users/devanshbansal/Desktop/ser/dataset/Audio_Speech_Actors_01-24/Actor_22/03-01-05-02-02-02-22.wav,03-01-05-02-02-02-22.wav,angry,05,22,female,strong,2,Dogs are sitting by the door,2,speech,audio_only,16000
/Users/devanshbansal/Desktop/ser/dataset/Audio_Speech_Actors_01-24/Actor_22/03-01-06-01-01-01-22.wav,03-01-06-01-01-01-22.wav,fearful,06,22,female,normal,1,Kids are talking by the door,1,speech,audio_only,16000
/Users/devanshbansal/Desktop/ser/dataset/Audio_Speech_Actors_01-24/Actor_22/03-01-06-01-01-02-22.wav,03-01-06-01-01-02-22.wav,fearful,06,22,female,normal,1,Kids are talking by the door,2,speech,audio_only,16000
/Users/devanshbansal/Desktop/ser/dataset/Audio_Speech_Actors_01-24/Actor_22/03-01-06-01-02-01-22.wav,03-01-06-01-02-01-22.wav,fearful,06,22,female,normal,2,Dogs are sitting by the door,1,speech,audio_only,16000
/Users/devanshbansal/Desktop/ser/dataset/Audio_Speech_Actors_01-24/Actor_22/03-01-06-01-02-02-22.wav,03-01-06-01-02-02-22.wav,fearful,06,22,female,normal,2,Dogs are sitting by the door,2,speech,audio_only,16000
/Users/devanshbansal/Desktop/ser/dataset/Audio_Speech_Actors_01-24/Actor_22/03-01-06-02-01-01-22.wav,03-01-06-02-01-01-22.wav,fearful,06,22,female,strong,1,Kids are talking by the door,1,speech,audio_only,16000
/Users/devanshbansal/Desktop/ser/dataset/Audio_Speech_Actors_01-24/Actor_22/03-01-06-02-01-02-22.wav,03-01-06-02-01-02-22.wav,fearful,06,22,female,strong,1,Kids are talking by the door,2,speech,audio_only,16000
/Users/devanshbansal/Desktop/ser/dataset/Audio_Speech_Actors_01-24/Actor_22/03-01-06-02-02-01-22.wav,03-01-06-02-02-01-22.wav,fearful,06,22,female,strong,2,Dogs are sitting by the door,1,speech,audio_only,16000
/Users/devanshbansal/Desktop/ser/dataset/Audio_Speech_Actors_01-24/Actor_22/03-01-06-02-02-02-22.wav,03-01-06-02-02-02-22.wav,fearful,06,22,female,strong,2,Dogs are sitting by the door,2,speech,audio_only,16000
/Users/devanshbansal/Desktop/ser/dataset/Audio_Speech_Actors_01-24/Actor_22/03-01-07-01-01-01-22.wav,03-01-07-01-01-01-22.wav,disgust,07,22,female,normal,1,Kids are talking by the door,1,speech,audio_only,16000
/Users/devanshbansal/Desktop/ser/dataset/Audio_Speech_Actors_01-24/Actor_22/03-01-07-01-01-02-22.wav,03-01-07-01-01-02-22.wav,disgust,07,22,female,normal,1,Kids are talking by the door,2,speech,audio_only,16000
/Users/devanshbansal/Desktop/ser/dataset/Audio_Speech_Actors_01-24/Actor_22/03-01-07-01-02-01-22.wav,03-01-07-01-02-01-22.wav,disgust,07,22,female,normal,2,Dogs are sitting by the door,1,speech,audio_only,16000
/Users/devanshbansal/Desktop/ser/dataset/Audio_Speech_Actors_01-24/Actor_22/03-01-07-01-02-02-22.wav,03-01-07-01-02-02-22.wav,disgust,07,22,female,normal,2,Dogs are sitting by the door,2,speech,audio_only,16000
/Users/devanshbansal/Desktop/ser/dataset/Audio_Speech_Actors_01-24/Actor_22/03-01-07-02-01-01-22.wav,03-01-07-02-01-01-22.wav,disgust,07,22,female,strong,1,Kids are talking by the door,1,speech,audio_only,16000
/Users/devanshbansal/Desktop/ser/dataset/Audio_Speech_Actors_01-24/Actor_22/03-01-07-02-01-02-22.wav,03-01-07-02-01-02-22.wav,disgust,07,22,female,strong,1,Kids are talking by the door,2,speech,audio_only,16000
/Users/devanshbansal/Desktop/ser/dataset/Audio_Speech_Actors_01-24/Actor_22/03-01-07-02-02-01-22.wav,03-01-07-02-02-01-22.wav,disgust,07,22,female,strong,2,Dogs are sitting by the door,1,speech,audio_only,16000
/Users/devanshbansal/Desktop/ser/dataset/Audio_Speech_Actors_01-24/Actor_22/03-01-07-02-02-02-22.wav,03-01-07-02-02-02-22.wav,disgust,07,22,female,strong,2,Dogs are sitting by the door,2,speech,audio_only,16000
/Users/devanshbansal/Desktop/ser/dataset/Audio_Speech_Actors_01-24/Actor_22/03-01-08-01-01-01-22.wav,03-01-08-01-01-01-22.wav,surprised,08,22,female,normal,1,Kids are talking by the door,1,speech,audio_only,16000
/Users/devanshbansal/Desktop/ser/dataset/Audio_Speech_Actors_01-24/Actor_22/03-01-08-01-01-02-22.wav,03-01-08-01-01-02-22.wav,surprised,08,22,female,normal,1,Kids are talking by the door,2,speech,audio_only,16000
/Users/devanshbansal/Desktop/ser/dataset/Audio_Speech_Actors_01-24/Actor_22/03-01-08-01-02-01-22.wav,03-01-08-01-02-01-22.wav,surprised,08,22,female,normal,2,Dogs are sitting by the door,1,speech,audio_only,16000
/Users/devanshbansal/Desktop/ser/dataset/Audio_Speech_Actors_01-24/Actor_22/03-01-08-01-02-02-22.wav,03-01-08-01-02-02-22.wav,surprised,08,22,female,normal,2,Dogs are sitting by the door,2,speech,audio_only,16000
/Users/devanshbansal/Desktop/ser/dataset/Audio_Speech_Actors_01-24/Actor_22/03-01-08-02-01-01-22.wav,03-01-08-02-01-01-22.wav,surprised,08,22,female,strong,1,Kids are talking by the door,1,speech,audio_only,16000
/Users/devanshbansal/Desktop/ser/dataset/Audio_Speech_Actors_01-24/Actor_22/03-01-08-02-01-02-22.wav,03-01-08-02-01-02-22.wav,surprised,08,22,female,strong,1,Kids are talking by the door,2,speech,audio_only,16000
/Users/devanshbansal/Desktop/ser/dataset/Audio_Speech_Actors_01-24/Actor_22/03-01-08-02-02-01-22.wav,03-01-08-02-02-01-22.wav,surprised,08,22,female,strong,2,Dogs are sitting by the door,1,speech,audio_only,16000
/Users/devanshbansal/Desktop/ser/dataset/Audio_Speech_Actors_01-24/Actor_22/03-01-08-02-02-02-22.wav,03-01-08-02-02-02-22.wav,surprised,08,22,female,strong,2,Dogs are sitting by the door,2,speech,audio_only,16000
/Users/devanshbansal/Desktop/ser/dataset/Audio_Speech_Actors_01-24/Actor_23/03-01-01-01-01-01-23.wav,03-01-01-01-01-01-23.wav,calm,01,23,male,normal,1,Kids are talking by the door,1,speech,audio_only,16000
/Users/devanshbansal/Desktop/ser/dataset/Audio_Speech_Actors_01-24/Actor_23/03-01-01-01-01-02-23.wav,03-01-01-01-01-02-23.wav,calm,01,23,male,normal,1,Kids are talking by the door,2,speech,audio_only,16000
/Users/devanshbansal/Desktop/ser/dataset/Audio_Speech_Actors_01-24/Actor_23/03-01-01-01-02-01-23.wav,03-01-01-01-02-01-23.wav,calm,01,23,male,normal,2,Dogs are sitting by the door,1,speech,audio_only,16000
/Users/devanshbansal/Desktop/ser/dataset/Audio_Speech_Actors_01-24/Actor_23/03-01-01-01-02-02-23.wav,03-01-01-01-02-02-23.wav,calm,01,23,male,normal,2,Dogs are sitting by the door,2,speech,audio_only,16000
/Users/devanshbansal/Desktop/ser/dataset/Audio_Speech_Actors_01-24/Actor_23/03-01-02-01-01-01-23.wav,03-01-02-01-01-01-23.wav,calm,02,23,male,normal,1,Kids are talking by the door,1,speech,audio_only,16000
/Users/devanshbansal/Desktop/ser/dataset/Audio_Speech_Actors_01-24/Actor_23/03-01-02-01-01-02-23.wav,03-01-02-01-01-02-23.wav,calm,02,23,male,normal,1,Kids are talking by the door,2,speech,audio_only,16000
/Users/devanshbansal/Desktop/ser/dataset/Audio_Speech_Actors_01-24/Actor_23/03-01-02-01-02-01-23.wav,03-01-02-01-02-01-23.wav,calm,02,23,male,normal,2,Dogs are sitting by the door,1,speech,audio_only,16000
/Users/devanshbansal/Desktop/ser/dataset/Audio_Speech_Actors_01-24/Actor_23/03-01-02-01-02-02-23.wav,03-01-02-01-02-02-23.wav,calm,02,23,male,normal,2,Dogs are sitting by the door,2,speech,audio_only,16000
/Users/devanshbansal/Desktop/ser/dataset/Audio_Speech_Actors_01-24/Actor_23/03-01-02-02-01-01-23.wav,03-01-02-02-01-01-23.wav,calm,02,23,male,strong,1,Kids are talking by the door,1,speech,audio_only,16000
/Users/devanshbansal/Desktop/ser/dataset/Audio_Speech_Actors_01-24/Actor_23/03-01-02-02-01-02-23.wav,03-01-02-02-01-02-23.wav,calm,02,23,male,strong,1,Kids are talking by the door,2,speech,audio_only,16000
/Users/devanshbansal/Desktop/ser/dataset/Audio_Speech_Actors_01-24/Actor_23/03-01-02-02-02-01-23.wav,03-01-02-02-02-01-23.wav,calm,02,23,male,strong,2,Dogs are sitting by the door,1,speech,audio_only,16000
/Users/devanshbansal/Desktop/ser/dataset/Audio_Speech_Actors_01-24/Actor_23/03-01-02-02-02-02-23.wav,03-01-02-02-02-02-23.wav,calm,02,23,male,strong,2,Dogs are sitting by the door,2,speech,audio_only,16000
/Users/devanshbansal/Desktop/ser/dataset/Audio_Speech_Actors_01-24/Actor_23/03-01-03-01-01-01-23.wav,03-01-03-01-01-01-23.wav,happy,03,23,male,normal,1,Kids are talking by the door,1,speech,audio_only,16000
/Users/devanshbansal/Desktop/ser/dataset/Audio_Speech_Actors_01-24/Actor_23/03-01-03-01-01-02-23.wav,03-01-03-01-01-02-23.wav,happy,03,23,male,normal,1,Kids are talking by the door,2,speech,audio_only,16000
/Users/devanshbansal/Desktop/ser/dataset/Audio_Speech_Actors_01-24/Actor_23/03-01-03-01-02-01-23.wav,03-01-03-01-02-01-23.wav,happy,03,23,male,normal,2,Dogs are sitting by the door,1,speech,audio_only,16000
/Users/devanshbansal/Desktop/ser/dataset/Audio_Speech_Actors_01-24/Actor_23/03-01-03-01-02-02-23.wav,03-01-03-01-02-02-23.wav,happy,03,23,male,normal,2,Dogs are sitting by the door,2,speech,audio_only,16000
/Users/devanshbansal/Desktop/ser/dataset/Audio_Speech_Actors_01-24/Actor_23/03-01-03-02-01-01-23.wav,03-01-03-02-01-01-23.wav,happy,03,23,male,strong,1,Kids are talking by the door,1,speech,audio_only,16000
/Users/devanshbansal/Desktop/ser/dataset/Audio_Speech_Actors_01-24/Actor_23/03-01-03-02-01-02-23.wav,03-01-03-02-01-02-23.wav,happy,03,23,male,strong,1,Kids are talking by the door,2,speech,audio_only,16000
/Users/devanshbansal/Desktop/ser/dataset/Audio_Speech_Actors_01-24/Actor_23/03-01-03-02-02-01-23.wav,03-01-03-02-02-01-23.wav,happy,03,23,male,strong,2,Dogs are sitting by the door,1,speech,audio_only,16000
/Users/devanshbansal/Desktop/ser/dataset/Audio_Speech_Actors_01-24/Actor_23/03-01-03-02-02-02-23.wav,03-01-03-02-02-02-23.wav,happy,03,23,male,strong,2,Dogs are sitting by the door,2,speech,audio_only,16000
/Users/devanshbansal/Desktop/ser/dataset/Audio_Speech_Actors_01-24/Actor_23/03-01-04-01-01-01-23.wav,03-01-04-01-01-01-23.wav,sad,04,23,male,normal,1,Kids are talking by the door,1,speech,audio_only,16000
/Users/devanshbansal/Desktop/ser/dataset/Audio_Speech_Actors_01-24/Actor_23/03-01-04-01-01-02-23.wav,03-01-04-01-01-02-23.wav,sad,04,23,male,normal,1,Kids are talking by the door,2,speech,audio_only,16000
/Users/devanshbansal/Desktop/ser/dataset/Audio_Speech_Actors_01-24/Actor_23/03-01-04-01-02-01-23.wav,03-01-04-01-02-01-23.wav,sad,04,23,male,normal,2,Dogs are sitting by the door,1,speech,audio_only,16000
/Users/devanshbansal/Desktop/ser/dataset/Audio_Speech_Actors_01-24/Actor_23/03-01-04-01-02-02-23.wav,03-01-04-01-02-02-23.wav,sad,04,23,male,normal,2,Dogs are sitting by the door,2,speech,audio_only,16000
/Users/devanshbansal/Desktop/ser/dataset/Audio_Speech_Actors_01-24/Actor_23/03-01-04-02-01-01-23.wav,03-01-04-02-01-01-23.wav,sad,04,23,male,strong,1,Kids are talking by the door,1,speech,audio_only,16000
/Users/devanshbansal/Desktop/ser/dataset/Audio_Speech_Actors_01-24/Actor_23/03-01-04-02-01-02-23.wav,03-01-04-02-01-02-23.wav,sad,04,23,male,strong,1,Kids are talking by the door,2,speech,audio_only,16000
/Users/devanshbansal/Desktop/ser/dataset/Audio_Speech_Actors_01-24/Actor_23/03-01-04-02-02-01-23.wav,03-01-04-02-02-01-23.wav,sad,04,23,male,strong,2,Dogs are sitting by the door,1,speech,audio_only,16000
/Users/devanshbansal/Desktop/ser/dataset/Audio_Speech_Actors_01-24/Actor_23/03-01-04-02-02-02-23.wav,03-01-04-02-02-02-23.wav,sad,04,23,male,strong,2,Dogs are sitting by the door,2,speech,audio_only,16000
/Users/devanshbansal/Desktop/ser/dataset/Audio_Speech_Actors_01-24/Actor_23/03-01-05-01-01-01-23.wav,03-01-05-01-01-01-23.wav,angry,05,23,male,normal,1,Kids are talking by the door,1,speech,audio_only,16000
/Users/devanshbansal/Desktop/ser/dataset/Audio_Speech_Actors_01-24/Actor_23/03-01-05-01-01-02-23.wav,03-01-05-01-01-02-23.wav,angry,05,23,male,normal,1,Kids are talking by the door,2,speech,audio_only,16000
/Users/devanshbansal/Desktop/ser/dataset/Audio_Speech_Actors_01-24/Actor_23/03-01-05-01-02-01-23.wav,03-01-05-01-02-01-23.wav,angry,05,23,male,normal,2,Dogs are sitting by the door,1,speech,audio_only,16000
/Users/devanshbansal/Desktop/ser/dataset/Audio_Speech_Actors_01-24/Actor_23/03-01-05-01-02-02-23.wav,03-01-05-01-02-02-23.wav,angry,05,23,male,normal,2,Dogs are sitting by the door,2,speech,audio_only,16000
/Users/devanshbansal/Desktop/ser/dataset/Audio_Speech_Actors_01-24/Actor_23/03-01-05-02-01-01-23.wav,03-01-05-02-01-01-23.wav,angry,05,23,male,strong,1,Kids are talking by the door,1,speech,audio_only,16000
/Users/devanshbansal/Desktop/ser/dataset/Audio_Speech_Actors_01-24/Actor_23/03-01-05-02-01-02-23.wav,03-01-05-02-01-02-23.wav,angry,05,23,male,strong,1,Kids are talking by the door,2,speech,audio_only,16000
/Users/devanshbansal/Desktop/ser/dataset/Audio_Speech_Actors_01-24/Actor_23/03-01-05-02-02-01-23.wav,03-01-05-02-02-01-23.wav,angry,05,23,male,strong,2,Dogs are sitting by the door,1,speech,audio_only,16000
/Users/devanshbansal/Desktop/ser/dataset/Audio_Speech_Actors_01-24/Actor_23/03-01-05-02-02-02-23.wav,03-01-05-02-02-02-23.wav,angry,05,23,male,strong,2,Dogs are sitting by the door,2,speech,audio_only,16000
/Users/devanshbansal/Desktop/ser/dataset/Audio_Speech_Actors_01-24/Actor_23/03-01-06-01-01-01-23.wav,03-01-06-01-01-01-23.wav,fearful,06,23,male,normal,1,Kids are talking by the door,1,speech,audio_only,16000
/Users/devanshbansal/Desktop/ser/dataset/Audio_Speech_Actors_01-24/Actor_23/03-01-06-01-01-02-23.wav,03-01-06-01-01-02-23.wav,fearful,06,23,male,normal,1,Kids are talking by the door,2,speech,audio_only,16000
/Users/devanshbansal/Desktop/ser/dataset/Audio_Speech_Actors_01-24/Actor_23/03-01-06-01-02-01-23.wav,03-01-06-01-02-01-23.wav,fearful,06,23,male,normal,2,Dogs are sitting by the door,1,speech,audio_only,16000
/Users/devanshbansal/Desktop/ser/dataset/Audio_Speech_Actors_01-24/Actor_23/03-01-06-01-02-02-23.wav,03-01-06-01-02-02-23.wav,fearful,06,23,male,normal,2,Dogs are sitting by the door,2,speech,audio_only,16000
/Users/devanshbansal/Desktop/ser/dataset/Audio_Speech_Actors_01-24/Actor_23/03-01-06-02-01-01-23.wav,03-01-06-02-01-01-23.wav,fearful,06,23,male,strong,1,Kids are talking by the door,1,speech,audio_only,16000
/Users/devanshbansal/Desktop/ser/dataset/Audio_Speech_Actors_01-24/Actor_23/03-01-06-02-01-02-23.wav,03-01-06-02-01-02-23.wav,fearful,06,23,male,strong,1,Kids are talking by the door,2,speech,audio_only,16000
/Users/devanshbansal/Desktop/ser/dataset/Audio_Speech_Actors_01-24/Actor_23/03-01-06-02-02-01-23.wav,03-01-06-02-02-01-23.wav,fearful,06,23,male,strong,2,Dogs are sitting by the door,1,speech,audio_only,16000
/Users/devanshbansal/Desktop/ser/dataset/Audio_Speech_Actors_01-24/Actor_23/03-01-06-02-02-02-23.wav,03-01-06-02-02-02-23.wav,fearful,06,23,male,strong,2,Dogs are sitting by the door,2,speech,audio_only,16000
/Users/devanshbansal/Desktop/ser/dataset/Audio_Speech_Actors_01-24/Actor_23/03-01-07-01-01-01-23.wav,03-01-07-01-01-01-23.wav,disgust,07,23,male,normal,1,Kids are talking by the door,1,speech,audio_only,16000
/Users/devanshbansal/Desktop/ser/dataset/Audio_Speech_Actors_01-24/Actor_23/03-01-07-01-01-02-23.wav,03-01-07-01-01-02-23.wav,disgust,07,23,male,normal,1,Kids are talking by the door,2,speech,audio_only,16000
/Users/devanshbansal/Desktop/ser/dataset/Audio_Speech_Actors_01-24/Actor_23/03-01-07-01-02-01-23.wav,03-01-07-01-02-01-23.wav,disgust,07,23,male,normal,2,Dogs are sitting by the door,1,speech,audio_only,16000
/Users/devanshbansal/Desktop/ser/dataset/Audio_Speech_Actors_01-24/Actor_23/03-01-07-01-02-02-23.wav,03-01-07-01-02-02-23.wav,disgust,07,23,male,normal,2,Dogs are sitting by the door,2,speech,audio_only,16000
/Users/devanshbansal/Desktop/ser/dataset/Audio_Speech_Actors_01-24/Actor_23/03-01-07-02-01-01-23.wav,03-01-07-02-01-01-23.wav,disgust,07,23,male,strong,1,Kids are talking by the door,1,speech,audio_only,16000
/Users/devanshbansal/Desktop/ser/dataset/Audio_Speech_Actors_01-24/Actor_23/03-01-07-02-01-02-23.wav,03-01-07-02-01-02-23.wav,disgust,07,23,male,strong,1,Kids are talking by the door,2,speech,audio_only,16000
/Users/devanshbansal/Desktop/ser/dataset/Audio_Speech_Actors_01-24/Actor_23/03-01-07-02-02-01-23.wav,03-01-07-02-02-01-23.wav,disgust,07,23,male,strong,2,Dogs are sitting by the door,1,speech,audio_only,16000
/Users/devanshbansal/Desktop/ser/dataset/Audio_Speech_Actors_01-24/Actor_23/03-01-07-02-02-02-23.wav,03-01-07-02-02-02-23.wav,disgust,07,23,male,strong,2,Dogs are sitting by the door,2,speech,audio_only,16000
/Users/devanshbansal/Desktop/ser/dataset/Audio_Speech_Actors_01-24/Actor_23/03-01-08-01-01-01-23.wav,03-01-08-01-01-01-23.wav,surprised,08,23,male,normal,1,Kids are talking by the door,1,speech,audio_only,16000
/Users/devanshbansal/Desktop/ser/dataset/Audio_Speech_Actors_01-24/Actor_23/03-01-08-01-01-02-23.wav,03-01-08-01-01-02-23.wav,surprised,08,23,male,normal,1,Kids are talking by the door,2,speech,audio_only,16000
/Users/devanshbansal/Desktop/ser/dataset/Audio_Speech_Actors_01-24/Actor_23/03-01-08-01-02-01-23.wav,03-01-08-01-02-01-23.wav,surprised,08,23,male,normal,2,Dogs are sitting by the door,1,speech,audio_only,16000
/Users/devanshbansal/Desktop/ser/dataset/Audio_Speech_Actors_01-24/Actor_23/03-01-08-01-02-02-23.wav,03-01-08-01-02-02-23.wav,surprised,08,23,male,normal,2,Dogs are sitting by the door,2,speech,audio_only,16000
/Users/devanshbansal/Desktop/ser/dataset/Audio_Speech_Actors_01-24/Actor_23/03-01-08-02-01-01-23.wav,03-01-08-02-01-01-23.wav,surprised,08,23,male,strong,1,Kids are talking by the door,1,speech,audio_only,16000
/Users/devanshbansal/Desktop/ser/dataset/Audio_Speech_Actors_01-24/Actor_23/03-01-08-02-01-02-23.wav,03-01-08-02-01-02-23.wav,surprised,08,23,male,strong,1,Kids are talking by the door,2,speech,audio_only,16000
/Users/devanshbansal/Desktop/ser/dataset/Audio_Speech_Actors_01-24/Actor_23/03-01-08-02-02-01-23.wav,03-01-08-02-02-01-23.wav,surprised,08,23,male,strong,2,Dogs are sitting by the door,1,speech,audio_only,16000
/Users/devanshbansal/Desktop/ser/dataset/Audio_Speech_Actors_01-24/Actor_23/03-01-08-02-02-02-23.wav,03-01-08-02-02-02-23.wav,surprised,08,23,male,strong,2,Dogs are sitting by the door,2,speech,audio_only,16000
/Users/devanshbansal/Desktop/ser/dataset/Audio_Speech_Actors_01-24/Actor_24/03-01-01-01-01-01-24.wav,03-01-01-01-01-01-24.wav,calm,01,24,female,normal,1,Kids are talking by the door,1,speech,audio_only,16000
/Users/devanshbansal/Desktop/ser/dataset/Audio_Speech_Actors_01-24/Actor_24/03-01-01-01-01-02-24.wav,03-01-01-01-01-02-24.wav,calm,01,24,female,normal,1,Kids are talking by the door,2,speech,audio_only,16000
/Users/devanshbansal/Desktop/ser/dataset/Audio_Speech_Actors_01-24/Actor_24/03-01-01-01-02-01-24.wav,03-01-01-01-02-01-24.wav,calm,01,24,female,normal,2,Dogs are sitting by the door,1,speech,audio_only,16000
/Users/devanshbansal/Desktop/ser/dataset/Audio_Speech_Actors_01-24/Actor_24/03-01-01-01-02-02-24.wav,03-01-01-01-02-02-24.wav,calm,01,24,female,normal,2,Dogs are sitting by the door,2,speech,audio_only,16000
/Users/devanshbansal/Desktop/ser/dataset/Audio_Speech_Actors_01-24/Actor_24/03-01-02-01-01-01-24.wav,03-01-02-01-01-01-24.wav,calm,02,24,female,normal,1,Kids are talking by the door,1,speech,audio_only,16000
/Users/devanshbansal/Desktop/ser/dataset/Audio_Speech_Actors_01-24/Actor_24/03-01-02-01-01-02-24.wav,03-01-02-01-01-02-24.wav,calm,02,24,female,normal,1,Kids are talking by the door,2,speech,audio_only,16000
/Users/devanshbansal/Desktop/ser/dataset/Audio_Speech_Actors_01-24/Actor_24/03-01-02-01-02-01-24.wav,03-01-02-01-02-01-24.wav,calm,02,24,female,normal,2,Dogs are sitting by the door,1,speech,audio_only,16000
/Users/devanshbansal/Desktop/ser/dataset/Audio_Speech_Actors_01-24/Actor_24/03-01-02-01-02-02-24.wav,03-01-02-01-02-02-24.wav,calm,02,24,female,normal,2,Dogs are sitting by the door,2,speech,audio_only,16000
/Users/devanshbansal/Desktop/ser/dataset/Audio_Speech_Actors_01-24/Actor_24/03-01-02-02-01-01-24.wav,03-01-02-02-01-01-24.wav,calm,02,24,female,strong,1,Kids are talking by the door,1,speech,audio_only,16000
/Users/devanshbansal/Desktop/ser/dataset/Audio_Speech_Actors_01-24/Actor_24/03-01-02-02-01-02-24.wav,03-01-02-02-01-02-24.wav,calm,02,24,female,strong,1,Kids are talking by the door,2,speech,audio_only,16000
/Users/devanshbansal/Desktop/ser/dataset/Audio_Speech_Actors_01-24/Actor_24/03-01-02-02-02-01-24.wav,03-01-02-02-02-01-24.wav,calm,02,24,female,strong,2,Dogs are sitting by the door,1,speech,audio_only,16000
/Users/devanshbansal/Desktop/ser/dataset/Audio_Speech_Actors_01-24/Actor_24/03-01-02-02-02-02-24.wav,03-01-02-02-02-02-24.wav,calm,02,24,female,strong,2,Dogs are sitting by the door,2,speech,audio_only,16000
/Users/devanshbansal/Desktop/ser/dataset/Audio_Speech_Actors_01-24/Actor_24/03-01-03-01-01-01-24.wav,03-01-03-01-01-01-24.wav,happy,03,24,female,normal,1,Kids are talking by the door,1,speech,audio_only,16000
/Users/devanshbansal/Desktop/ser/dataset/Audio_Speech_Actors_01-24/Actor_24/03-01-03-01-01-02-24.wav,03-01-03-01-01-02-24.wav,happy,03,24,female,normal,1,Kids are talking by the door,2,speech,audio_only,16000
/Users/devanshbansal/Desktop/ser/dataset/Audio_Speech_Actors_01-24/Actor_24/03-01-03-01-02-01-24.wav,03-01-03-01-02-01-24.wav,happy,03,24,female,normal,2,Dogs are sitting by the door,1,speech,audio_only,16000
/Users/devanshbansal/Desktop/ser/dataset/Audio_Speech_Actors_01-24/Actor_24/03-01-03-01-02-02-24.wav,03-01-03-01-02-02-24.wav,happy,03,24,female,normal,2,Dogs are sitting by the door,2,speech,audio_only,16000
/Users/devanshbansal/Desktop/ser/dataset/Audio_Speech_Actors_01-24/Actor_24/03-01-03-02-01-01-24.wav,03-01-03-02-01-01-24.wav,happy,03,24,female,strong,1,Kids are talking by the door,1,speech,audio_only,16000
/Users/devanshbansal/Desktop/ser/dataset/Audio_Speech_Actors_01-24/Actor_24/03-01-03-02-01-02-24.wav,03-01-03-02-01-02-24.wav,happy,03,24,female,strong,1,Kids are talking by the door,2,speech,audio_only,16000
/Users/devanshbansal/Desktop/ser/dataset/Audio_Speech_Actors_01-24/Actor_24/03-01-03-02-02-01-24.wav,03-01-03-02-02-01-24.wav,happy,03,24,female,strong,2,Dogs are sitting by the door,1,speech,audio_only,16000
/Users/devanshbansal/Desktop/ser/dataset/Audio_Speech_Actors_01-24/Actor_24/03-01-03-02-02-02-24.wav,03-01-03-02-02-02-24.wav,happy,03,24,female,strong,2,Dogs are sitting by the door,2,speech,audio_only,16000
/Users/devanshbansal/Desktop/ser/dataset/Audio_Speech_Actors_01-24/Actor_24/03-01-04-01-01-01-24.wav,03-01-04-01-01-01-24.wav,sad,04,24,female,normal,1,Kids are talking by the door,1,speech,audio_only,16000
/Users/devanshbansal/Desktop/ser/dataset/Audio_Speech_Actors_01-24/Actor_24/03-01-04-01-01-02-24.wav,03-01-04-01-01-02-24.wav,sad,04,24,female,normal,1,Kids are talking by the door,2,speech,audio_only,16000
/Users/devanshbansal/Desktop/ser/dataset/Audio_Speech_Actors_01-24/Actor_24/03-01-04-01-02-01-24.wav,03-01-04-01-02-01-24.wav,sad,04,24,female,normal,2,Dogs are sitting by the door,1,speech,audio_only,16000
/Users/devanshbansal/Desktop/ser/dataset/Audio_Speech_Actors_01-24/Actor_24/03-01-04-01-02-02-24.wav,03-01-04-01-02-02-24.wav,sad,04,24,female,normal,2,Dogs are sitting by the door,2,speech,audio_only,16000
/Users/devanshbansal/Desktop/ser/dataset/Audio_Speech_Actors_01-24/Actor_24/03-01-04-02-01-01-24.wav,03-01-04-02-01-01-24.wav,sad,04,24,female,strong,1,Kids are talking by the door,1,speech,audio_only,16000
/Users/devanshbansal/Desktop/ser/dataset/Audio_Speech_Actors_01-24/Actor_24/03-01-04-02-01-02-24.wav,03-01-04-02-01-02-24.wav,sad,04,24,female,strong,1,Kids are talking by the door,2,speech,audio_only,16000
/Users/devanshbansal/Desktop/ser/dataset/Audio_Speech_Actors_01-24/Actor_24/03-01-04-02-02-01-24.wav,03-01-04-02-02-01-24.wav,sad,04,24,female,strong,2,Dogs are sitting by the door,1,speech,audio_only,16000
/Users/devanshbansal/Desktop/ser/dataset/Audio_Speech_Actors_01-24/Actor_24/03-01-04-02-02-02-24.wav,03-01-04-02-02-02-24.wav,sad,04,24,female,strong,2,Dogs are sitting by the door,2,speech,audio_only,16000
/Users/devanshbansal/Desktop/ser/dataset/Audio_Speech_Actors_01-24/Actor_24/03-01-05-01-01-01-24.wav,03-01-05-01-01-01-24.wav,angry,05,24,female,normal,1,Kids are talking by the door,1,speech,audio_only,16000
/Users/devanshbansal/Desktop/ser/dataset/Audio_Speech_Actors_01-24/Actor_24/03-01-05-01-01-02-24.wav,03-01-05-01-01-02-24.wav,angry,05,24,female,normal,1,Kids are talking by the door,2,speech,audio_only,16000
/Users/devanshbansal/Desktop/ser/dataset/Audio_Speech_Actors_01-24/Actor_24/03-01-05-01-02-01-24.wav,03-01-05-01-02-01-24.wav,angry,05,24,female,normal,2,Dogs are sitting by the door,1,speech,audio_only,16000
/Users/devanshbansal/Desktop/ser/dataset/Audio_Speech_Actors_01-24/Actor_24/03-01-05-01-02-02-24.wav,03-01-05-01-02-02-24.wav,angry,05,24,female,normal,2,Dogs are sitting by the door,2,speech,audio_only,16000
/Users/devanshbansal/Desktop/ser/dataset/Audio_Speech_Actors_01-24/Actor_24/03-01-05-02-01-01-24.wav,03-01-05-02-01-01-24.wav,angry,05,24,female,strong,1,Kids are talking by the door,1,speech,audio_only,16000
/Users/devanshbansal/Desktop/ser/dataset/Audio_Speech_Actors_01-24/Actor_24/03-01-05-02-01-02-24.wav,03-01-05-02-01-02-24.wav,angry,05,24,female,strong,1,Kids are talking by the door,2,speech,audio_only,16000
/Users/devanshbansal/Desktop/ser/dataset/Audio_Speech_Actors_01-24/Actor_24/03-01-05-02-02-01-24.wav,03-01-05-02-02-01-24.wav,angry,05,24,female,strong,2,Dogs are sitting by the door,1,speech,audio_only,16000
/Users/devanshbansal/Desktop/ser/dataset/Audio_Speech_Actors_01-24/Actor_24/03-01-05-02-02-02-24.wav,03-01-05-02-02-02-24.wav,angry,05,24,female,strong,2,Dogs are sitting by the door,2,speech,audio_only,16000
/Users/devanshbansal/Desktop/ser/dataset/Audio_Speech_Actors_01-24/Actor_24/03-01-06-01-01-01-24.wav,03-01-06-01-01-01-24.wav,fearful,06,24,female,normal,1,Kids are talking by the door,1,speech,audio_only,16000
/Users/devanshbansal/Desktop/ser/dataset/Audio_Speech_Actors_01-24/Actor_24/03-01-06-01-01-02-24.wav,03-01-06-01-01-02-24.wav,fearful,06,24,female,normal,1,Kids are talking by the door,2,speech,audio_only,16000
/Users/devanshbansal/Desktop/ser/dataset/Audio_Speech_Actors_01-24/Actor_24/03-01-06-01-02-01-24.wav,03-01-06-01-02-01-24.wav,fearful,06,24,female,normal,2,Dogs are sitting by the door,1,speech,audio_only,16000
/Users/devanshbansal/Desktop/ser/dataset/Audio_Speech_Actors_01-24/Actor_24/03-01-06-01-02-02-24.wav,03-01-06-01-02-02-24.wav,fearful,06,24,female,normal,2,Dogs are sitting by the door,2,speech,audio_only,16000
/Users/devanshbansal/Desktop/ser/dataset/Audio_Speech_Actors_01-24/Actor_24/03-01-06-02-01-01-24.wav,03-01-06-02-01-01-24.wav,fearful,06,24,female,strong,1,Kids are talking by the door,1,speech,audio_only,16000
/Users/devanshbansal/Desktop/ser/dataset/Audio_Speech_Actors_01-24/Actor_24/03-01-06-02-01-02-24.wav,03-01-06-02-01-02-24.wav,fearful,06,24,female,strong,1,Kids are talking by the door,2,speech,audio_only,16000
/Users/devanshbansal/Desktop/ser/dataset/Audio_Speech_Actors_01-24/Actor_24/03-01-06-02-02-01-24.wav,03-01-06-02-02-01-24.wav,fearful,06,24,female,strong,2,Dogs are sitting by the door,1,speech,audio_only,16000
/Users/devanshbansal/Desktop/ser/dataset/Audio_Speech_Actors_01-24/Actor_24/03-01-06-02-02-02-24.wav,03-01-06-02-02-02-24.wav,fearful,06,24,female,strong,2,Dogs are sitting by the door,2,speech,audio_only,16000
/Users/devanshbansal/Desktop/ser/dataset/Audio_Speech_Actors_01-24/Actor_24/03-01-07-01-01-01-24.wav,03-01-07-01-01-01-24.wav,disgust,07,24,female,normal,1,Kids are talking by the door,1,speech,audio_only,16000
/Users/devanshbansal/Desktop/ser/dataset/Audio_Speech_Actors_01-24/Actor_24/03-01-07-01-01-02-24.wav,03-01-07-01-01-02-24.wav,disgust,07,24,female,normal,1,Kids are talking by the door,2,speech,audio_only,16000
/Users/devanshbansal/Desktop/ser/dataset/Audio_Speech_Actors_01-24/Actor_24/03-01-07-01-02-01-24.wav,03-01-07-01-02-01-24.wav,disgust,07,24,female,normal,2,Dogs are sitting by the door,1,speech,audio_only,16000
/Users/devanshbansal/Desktop/ser/dataset/Audio_Speech_Actors_01-24/Actor_24/03-01-07-01-02-02-24.wav,03-01-07-01-02-02-24.wav,disgust,07,24,female,normal,2,Dogs are sitting by the door,2,speech,audio_only,16000
/Users/devanshbansal/Desktop/ser/dataset/Audio_Speech_Actors_01-24/Actor_24/03-01-07-02-01-01-24.wav,03-01-07-02-01-01-24.wav,disgust,07,24,female,strong,1,Kids are talking by the door,1,speech,audio_only,16000
/Users/devanshbansal/Desktop/ser/dataset/Audio_Speech_Actors_01-24/Actor_24/03-01-07-02-01-02-24.wav,03-01-07-02-01-02-24.wav,disgust,07,24,female,strong,1,Kids are talking by the door,2,speech,audio_only,16000
/Users/devanshbansal/Desktop/ser/dataset/Audio_Speech_Actors_01-24/Actor_24/03-01-07-02-02-01-24.wav,03-01-07-02-02-01-24.wav,disgust,07,24,female,strong,2,Dogs are sitting by the door,1,speech,audio_only,16000
/Users/devanshbansal/Desktop/ser/dataset/Audio_Speech_Actors_01-24/Actor_24/03-01-07-02-02-02-24.wav,03-01-07-02-02-02-24.wav,disgust,07,24,female,strong,2,Dogs are sitting by the door,2,speech,audio_only,16000
/Users/devanshbansal/Desktop/ser/dataset/Audio_Speech_Actors_01-24/Actor_24/03-01-08-01-01-01-24.wav,03-01-08-01-01-01-24.wav,surprised,08,24,female,normal,1,Kids are talking by the door,1,speech,audio_only,16000
/Users/devanshbansal/Desktop/ser/dataset/Audio_Speech_Actors_01-24/Actor_24/03-01-08-01-01-02-24.wav,03-01-08-01-01-02-24.wav,surprised,08,24,female,normal,1,Kids are talking by the door,2,speech,audio_only,16000
/Users/devanshbansal/Desktop/ser/dataset/Audio_Speech_Actors_01-24/Actor_24/03-01-08-01-02-01-24.wav,03-01-08-01-02-01-24.wav,surprised,08,24,female,normal,2,Dogs are sitting by the door,1,speech,audio_only,16000
/Users/devanshbansal/Desktop/ser/dataset/Audio_Speech_Actors_01-24/Actor_24/03-01-08-01-02-02-24.wav,03-01-08-01-02-02-24.wav,surprised,08,24,female,normal,2,Dogs are sitting by the door,2,speech,audio_only,16000
/Users/devanshbansal/Desktop/ser/dataset/Audio_Speech_Actors_01-24/Actor_24/03-01-08-02-01-01-24.wav,03-01-08-02-01-01-24.wav,surprised,08,24,female,strong,1,Kids are talking by the door,1,speech,audio_only,16000
/Users/devanshbansal/Desktop/ser/dataset/Audio_Speech_Actors_01-24/Actor_24/03-01-08-02-01-02-24.wav,03-01-08-02-01-02-24.wav,surprised,08,24,female,strong,1,Kids are talking by the door,2,speech,audio_only,16000
/Users/devanshbansal/Desktop/ser/dataset/Audio_Speech_Actors_01-24/Actor_24/03-01-08-02-02-01-24.wav,03-01-08-02-02-01-24.wav,surprised,08,24,female,strong,2,Dogs are sitting by the door,1,speech,audio_only,16000
/Users/devanshbansal/Desktop/ser/dataset/Audio_Speech_Actors_01-24/Actor_24/03-01-08-02-02-02-24.wav,03-01-08-02-02-02-24.wav,surprised,08,24,female,strong,2,Dogs are sitting by the door,2,speech,audio_only,16000
