file_path,filename,emotion,emotion_code,actor,gender,intensity,statement,statement_text,repetition,vocal_channel,modality,sample_rate,num_samples,duration,rms_energy
/Users/devanshbansal/Desktop/ser/dataset/Audio_Speech_Actors_01-24/Actor_01/03-01-01-01-01-01-01.wav,03-01-01-01-01-01-01.wav,calm,01,1,male,normal,1,Kids are talking by the door,1,speech,audio_only,48000.0,158558.0,3.3032916666666665,0.004000635351985693
/Users/devanshbansal/Desktop/ser/dataset/Audio_Speech_Actors_01-24/Actor_01/03-01-01-01-01-02-01.wav,03-01-01-01-01-02-01.wav,calm,01,1,male,normal,1,Kids are talking by the door,2,speech,audio_only,48000.0,160160.0,3.3366666666666664,0.004283341113477945
/Users/devanshbansal/Desktop/ser/dataset/Audio_Speech_Actors_01-24/Actor_01/03-01-01-01-02-01-01.wav,03-01-01-01-02-01-01.wav,calm,01,1,male,normal,2,Dogs are sitting by the door,1,speech,audio_only,48000.0,156956.0,3.2699166666666666,0.0050836047157645226
/Users/devanshbansal/Desktop/ser/dataset/Audio_Speech_Actors_01-24/Actor_01/03-01-01-01-02-02-01.wav,03-01-01-01-02-02-01.wav,calm,01,1,male,normal,2,Dogs are sitting by the door,2,speech,audio_only,48000.0,152152.0,3.1698333333333335,0.004886147566139698
/Users/devanshbansal/Desktop/ser/dataset/Audio_Speech_Actors_01-24/Actor_01/03-01-02-01-01-01-01.wav,03-01-02-01-01-01-01.wav,calm,02,1,male,normal,1,Kids are talking by the door,1,speech,audio_only,48000.0,169769.0,3.5368541666666666,0.002956344746053219
/Users/devanshbansal/Desktop/ser/dataset/Audio_Speech_Actors_01-24/Actor_01/03-01-02-01-01-02-01.wav,03-01-02-01-01-02-01.wav,calm,02,1,male,normal,1,Kids are talking by the door,2,speech,audio_only,48000.0,172972.0,3.6035833333333334,0.0030847270973026752
/Users/devanshbansal/Desktop/ser/dataset/Audio_Speech_Actors_01-24/Actor_01/03-01-02-01-02-01-01.wav,03-01-02-01-02-01-01.wav,calm,02,1,male,normal,2,Dogs are sitting by the door,1,speech,audio_only,48000.0,168168.0,3.5035,0.004294505342841148
/Users/devanshbansal/Desktop/ser/dataset/Audio_Speech_Actors_01-24/Actor_01/03-01-02-01-02-02-01.wav,03-01-02-01-02-02-01.wav,calm,02,1,male,normal,2,Dogs are sitting by the door,2,speech,audio_only,48000.0,166567.0,3.4701458333333335,0.0045143011957407
/Users/devanshbansal/Desktop/ser/dataset/Audio_Speech_Actors_01-24/Actor_01/03-01-02-02-01-01-01.wav,03-01-02-02-01-01-01.wav,calm,02,1,male,strong,1,Kids are talking by the door,1,speech,audio_only,48000.0,177778.0,3.703708333333333,0.002413610927760601
/Users/devanshbansal/Desktop/ser/dataset/Audio_Speech_Actors_01-24/Actor_01/03-01-02-02-01-02-01.wav,03-01-02-02-01-02-01.wav,calm,02,1,male,strong,1,Kids are talking by the door,2,speech,audio_only,48000.0,192192.0,4.004,0.0026412159204483032
/Users/devanshbansal/Desktop/ser/dataset/Audio_Speech_Actors_01-24/Actor_01/03-01-02-02-02-01-01.wav,03-01-02-02-02-01-01.wav,calm,02,1,male,strong,2,Dogs are sitting by the door,1,speech,audio_only,48000.0,201802.0,4.204208333333334,0.003099818015471101
/Users/devanshbansal/Desktop/ser/dataset/Audio_Speech_Actors_01-24/Actor_01/03-01-02-02-02-02-01.wav,03-01-02-02-02-02-01.wav,calm,02,1,male,strong,2,Dogs are sitting by the door,2,speech,audio_only,48000.0,192192.0,4.004,0.003410901175811887
/Users/devanshbansal/Desktop/ser/dataset/Audio_Speech_Actors_01-24/Actor_01/03-01-03-01-01-01-01.wav,03-01-03-01-01-01-01.wav,happy,03,1,male,normal,1,Kids are talking by the door,1,speech,audio_only,48000.0,166567.0,3.4701458333333335,0.007172900252044201
/Users/devanshbansal/Desktop/ser/dataset/Audio_Speech_Actors_01-24/Actor_01/03-01-03-01-01-02-01.wav,03-01-03-01-01-02-01.wav,happy,03,1,male,normal,1,Kids are talking by the door,2,speech,audio_only,48000.0,166566.0,3.470125,0.008320282213389874
/Users/devanshbansal/Desktop/ser/dataset/Audio_Speech_Actors_01-24/Actor_01/03-01-03-01-02-01-01.wav,03-01-03-01-02-01-01.wav,happy,03,1,male,normal,2,Dogs are sitting by the door,1,speech,audio_only,48000.0,169769.0,3.5368541666666666,0.006409137509763241
/Users/devanshbansal/Desktop/ser/dataset/Audio_Speech_Actors_01-24/Actor_01/03-01-03-01-02-02-01.wav,03-01-03-01-02-02-01.wav,happy,03,1,male,normal,2,Dogs are sitting by the door,2,speech,audio_only,48000.0,177778.0,3.703708333333333,0.005991647485643625
/Users/devanshbansal/Desktop/ser/dataset/Audio_Speech_Actors_01-24/Actor_01/03-01-03-02-01-01-01.wav,03-01-03-02-01-01-01.wav,happy,03,1,male,strong,1,Kids are talking by the door,1,speech,audio_only,48000.0,176176.0,3.6703333333333332,0.01103049237281084
/Users/devanshbansal/Desktop/ser/dataset/Audio_Speech_Actors_01-24/Actor_01/03-01-03-02-01-02-01.wav,03-01-03-02-01-02-01.wav,happy,03,1,male,strong,1,Kids are talking by the door,2,speech,audio_only,48000.0,174574.0,3.6369583333333333,0.014462556689977646
/Users/devanshbansal/Desktop/ser/dataset/Audio_Speech_Actors_01-24/Actor_01/03-01-03-02-02-01-01.wav,03-01-03-02-02-01-01.wav,happy,03,1,male,strong,2,Dogs are sitting by the door,1,speech,audio_only,48000.0,188988.0,3.93725,0.017518894746899605
/Users/devanshbansal/Desktop/ser/dataset/Audio_Speech_Actors_01-24/Actor_01/03-01-03-02-02-02-01.wav,03-01-03-02-02-02-01.wav,happy,03,1,male,strong,2,Dogs are sitting by the door,2,speech,audio_only,48000.0,188989.0,3.9372708333333333,0.01633586920797825
/Users/devanshbansal/Desktop/ser/dataset/Audio_Speech_Actors_01-24/Actor_01/03-01-04-01-01-01-01.wav,03-01-04-01-01-01-01.wav,sad,04,1,male,normal,1,Kids are talking by the door,1,speech,audio_only,48000.0,184184.0,3.8371666666666666,0.0037387192714959383
/Users/devanshbansal/Desktop/ser/dataset/Audio_Speech_Actors_01-24/Actor_01/03-01-04-01-01-02-01.wav,03-01-04-01-01-02-01.wav,sad,04,1,male,normal,1,Kids are talking by the door,2,speech,audio_only,48000.0,171371.0,3.5702291666666666,0.003480493789538741
/Users/devanshbansal/Desktop/ser/dataset/Audio_Speech_Actors_01-24/Actor_01/03-01-04-01-02-01-01.wav,03-01-04-01-02-01-01.wav,sad,04,1,male,normal,2,Dogs are sitting by the door,1,speech,audio_only,48000.0,168168.0,3.5035,0.003021057927981019
/Users/devanshbansal/Desktop/ser/dataset/Audio_Speech_Actors_01-24/Actor_01/03-01-04-01-02-02-01.wav,03-01-04-01-02-02-01.wav,sad,04,1,male,normal,2,Dogs are sitting by the door,2,speech,audio_only,48000.0,161762.0,3.370041666666667,0.003945899195969105
/Users/devanshbansal/Desktop/ser/dataset/Audio_Speech_Actors_01-24/Actor_01/03-01-04-02-01-01-01.wav,03-01-04-02-01-01-01.wav,sad,04,1,male,strong,1,Kids are talking by the door,1,speech,audio_only,48000.0,182582.0,3.8037916666666667,0.004732837434858084
/Users/devanshbansal/Desktop/ser/dataset/Audio_Speech_Actors_01-24/Actor_01/03-01-04-02-01-02-01.wav,03-01-04-02-01-02-01.wav,sad,04,1,male,strong,1,Kids are talking by the door,2,speech,audio_only,48000.0,177778.0,3.703708333333333,0.008611271157860756
/Users/devanshbansal/Desktop/ser/dataset/Audio_Speech_Actors_01-24/Actor_01/03-01-04-02-02-01-01.wav,03-01-04-02-02-01-01.wav,sad,04,1,male,strong,2,Dogs are sitting by the door,1,speech,audio_only,48000.0,179380.0,3.7370833333333335,0.008392269723117352
/Users/devanshbansal/Desktop/ser/dataset/Audio_Speech_Actors_01-24/Actor_01/03-01-04-02-02-02-01.wav,03-01-04-02-02-02-01.wav,sad,04,1,male,strong,2,Dogs are sitting by the door,2,speech,audio_only,48000.0,179379.0,3.7370625,0.0097658047452569
/Users/devanshbansal/Desktop/ser/dataset/Audio_Speech_Actors_01-24/Actor_01/03-01-05-01-01-01-01.wav,03-01-05-01-01-01-01.wav,angry,05,1,male,normal,1,Kids are talking by the door,1,speech,audio_only,48000.0,185786.0,3.8705416666666665,0.015064570121467113
/Users/devanshbansal/Desktop/ser/dataset/Audio_Speech_Actors_01-24/Actor_01/03-01-05-01-01-02-01.wav,03-01-05-01-01-02-01.wav,angry,05,1,male,normal,1,Kids are talking by the door,2,speech,audio_only,48000.0,188989.0,3.9372708333333333,0.015829281881451607
/Users/devanshbansal/Desktop/ser/dataset/Audio_Speech_Actors_01-24/Actor_01/03-01-05-01-02-01-01.wav,03-01-05-01-02-01-01.wav,angry,05,1,male,normal,2,Dogs are sitting by the door,1,speech,audio_only,48000.0,168168.0,3.5035,0.012078898027539253
/Users/devanshbansal/Desktop/ser/dataset/Audio_Speech_Actors_01-24/Actor_01/03-01-05-01-02-02-01.wav,03-01-05-01-02-02-01.wav,angry,05,1,male,normal,2,Dogs are sitting by the door,2,speech,audio_only,48000.0,179379.0,3.7370625,0.01865324191749096
/Users/devanshbansal/Desktop/ser/dataset/Audio_Speech_Actors_01-24/Actor_01/03-01-05-02-01-01-01.wav,03-01-05-02-01-01-01.wav,angry,05,1,male,strong,1,Kids are talking by the door,1,speech,audio_only,48000.0,196997.0,4.104104166666667,0.08897252380847931
/Users/devanshbansal/Desktop/ser/dataset/Audio_Speech_Actors_01-24/Actor_01/03-01-05-02-01-02-01.wav,03-01-05-02-01-02-01.wav,angry,05,1,male,strong,1,Kids are talking by the door,2,speech,audio_only,48000.0,209810.0,4.371041666666667,0.05375795438885689
/Users/devanshbansal/Desktop/ser/dataset/Audio_Speech_Actors_01-24/Actor_01/03-01-05-02-02-01-01.wav,03-01-05-02-02-01-01.wav,angry,05,1,male,strong,2,Dogs are sitting by the door,1,speech,audio_only,48000.0,198598.0,4.137458333333333,0.05624742433428764
/Users/devanshbansal/Desktop/ser/dataset/Audio_Speech_Actors_01-24/Actor_01/03-01-05-02-02-02-01.wav,03-01-05-02-02-02-01.wav,angry,05,1,male,strong,2,Dogs are sitting by the door,2,speech,audio_only,48000.0,213013.0,4.437770833333333,0.14970125257968903
/Users/devanshbansal/Desktop/ser/dataset/Audio_Speech_Actors_01-24/Actor_01/03-01-06-01-01-01-01.wav,03-01-06-01-01-01-01.wav,fearful,06,1,male,normal,1,Kids are talking by the door,1,speech,audio_only,48000.0,176176.0,3.6703333333333332,0.010111521929502487
/Users/devanshbansal/Desktop/ser/dataset/Audio_Speech_Actors_01-24/Actor_01/03-01-06-01-01-02-01.wav,03-01-06-01-01-02-01.wav,fearful,06,1,male,normal,1,Kids are talking by the door,2,speech,audio_only,48000.0,174575.0,3.636979166666667,0.009289662353694439
/Users/devanshbansal/Desktop/ser/dataset/Audio_Speech_Actors_01-24/Actor_01/03-01-06-01-02-01-01.wav,03-01-06-01-02-01-01.wav,fearful,06,1,male,normal,2,Dogs are sitting by the door,1,speech,audio_only,48000.0,164965.0,3.4367708333333336,0.008191191591322422
/Users/devanshbansal/Desktop/ser/dataset/Audio_Speech_Actors_01-24/Actor_01/03-01-06-01-02-02-01.wav,03-01-06-01-02-02-01.wav,fearful,06,1,male,normal,2,Dogs are sitting by the door,2,speech,audio_only,48000.0,177777.0,3.7036875,0.007422902621328831
/Users/devanshbansal/Desktop/ser/dataset/Audio_Speech_Actors_01-24/Actor_01/03-01-06-02-01-01-01.wav,03-01-06-02-01-01-01.wav,fearful,06,1,male,strong,1,Kids are talking by the door,1,speech,audio_only,48000.0,240240.0,5.005,0.03109271451830864
/Users/devanshbansal/Desktop/ser/dataset/Audio_Speech_Actors_01-24/Actor_01/03-01-06-02-01-02-01.wav,03-01-06-02-01-02-01.wav,fearful,06,1,male,strong,1,Kids are talking by the door,2,speech,audio_only,48000.0,203403.0,4.2375625,0.0401754193007946
/Users/devanshbansal/Desktop/ser/dataset/Audio_Speech_Actors_01-24/Actor_01/03-01-06-02-02-01-01.wav,03-01-06-02-02-01-01.wav,fearful,06,1,male,strong,2,Dogs are sitting by the door,1,speech,audio_only,48000.0,190590.0,3.970625,0.06285861879587173
/Users/devanshbansal/Desktop/ser/dataset/Audio_Speech_Actors_01-24/Actor_01/03-01-06-02-02-02-01.wav,03-01-06-02-02-02-01.wav,fearful,06,1,male,strong,2,Dogs are sitting by the door,2,speech,audio_only,48000.0,187388.0,3.9039166666666665,0.042862869799137115
/Users/devanshbansal/Desktop/ser/dataset/Audio_Speech_Actors_01-24/Actor_01/03-01-07-01-01-01-01.wav,03-01-07-01-01-01-01.wav,disgust,07,1,male,normal,1,Kids are talking by the door,1,speech,audio_only,48000.0,185785.0,3.8705208333333334,0.0044189984910190105
/Users/devanshbansal/Desktop/ser/dataset/Audio_Speech_Actors_01-24/Actor_01/03-01-07-01-01-02-01.wav,03-01-07-01-01-02-01.wav,disgust,07,1,male,normal,1,Kids are talking by the door,2,speech,audio_only,48000.0,187387.0,3.9038958333333333,0.005243483930826187
/Users/devanshbansal/Desktop/ser/dataset/Audio_Speech_Actors_01-24/Actor_01/03-01-07-01-02-01-01.wav,03-01-07-01-02-01-01.wav,disgust,07,1,male,normal,2,Dogs are sitting by the door,1,speech,audio_only,48000.0,187387.0,3.9038958333333333,0.004453281871974468
/Users/devanshbansal/Desktop/ser/dataset/Audio_Speech_Actors_01-24/Actor_01/03-01-07-01-02-02-01.wav,03-01-07-01-02-02-01.wav,disgust,07,1,male,normal,2,Dogs are sitting by the door,2,speech,audio_only,48000.0,184184.0,3.8371666666666666,0.004891569726169109
/Users/devanshbansal/Desktop/ser/dataset/Audio_Speech_Actors_01-24/Actor_01/03-01-07-02-01-01-01.wav,03-01-07-02-01-01-01.wav,disgust,07,1,male,strong,1,Kids are talking by the door,1,speech,audio_only,48000.0,206606.0,4.304291666666667,0.02072794921696186
/Users/devanshbansal/Desktop/ser/dataset/Audio_Speech_Actors_01-24/Actor_01/03-01-07-02-01-02-01.wav,03-01-07-02-01-02-01.wav,disgust,07,1,male,strong,1,Kids are talking by the door,2,speech,audio_only,48000.0,196997.0,4.104104166666667,0.020742490887641907
/Users/devanshbansal/Desktop/ser/dataset/Audio_Speech_Actors_01-24/Actor_01/03-01-07-02-02-01-01.wav,03-01-07-02-02-01-01.wav,disgust,07,1,male,strong,2,Dogs are sitting by the door,1,speech,audio_only,48000.0,193794.0,4.037375,0.019093841314315796
/Users/devanshbansal/Desktop/ser/dataset/Audio_Speech_Actors_01-24/Actor_01/03-01-07-02-02-02-01.wav,03-01-07-02-02-02-01.wav,disgust,07,1,male,strong,2,Dogs are sitting by the door,2,speech,audio_only,48000.0,209809.0,4.371020833333334,0.019441118463873863
/Users/devanshbansal/Desktop/ser/dataset/Audio_Speech_Actors_01-24/Actor_01/03-01-08-01-01-01-01.wav,03-01-08-01-01-01-01.wav,surprised,08,1,male,normal,1,Kids are talking by the door,1,speech,audio_only,48000.0,163363.0,3.403395833333333,0.005816338118165731
/Users/devanshbansal/Desktop/ser/dataset/Audio_Speech_Actors_01-24/Actor_01/03-01-08-01-01-02-01.wav,03-01-08-01-01-02-01.wav,surprised,08,1,male,normal,1,Kids are talking by the door,2,speech,audio_only,48000.0,156956.0,3.2699166666666666,0.005750185810029507
/Users/devanshbansal/Desktop/ser/dataset/Audio_Speech_Actors_01-24/Actor_01/03-01-08-01-02-01-01.wav,03-01-08-01-02-01-01.wav,surprised,08,1,male,normal,2,Dogs are sitting by the door,1,speech,audio_only,48000.0,169770.0,3.536875,0.005932664964348078
/Users/devanshbansal/Desktop/ser/dataset/Audio_Speech_Actors_01-24/Actor_01/03-01-08-01-02-02-01.wav,03-01-08-01-02-02-01.wav,surprised,08,1,male,normal,2,Dogs are sitting by the door,2,speech,audio_only,48000.0,156956.0,3.2699166666666666,0.0068497806787490845
/Users/devanshbansal/Desktop/ser/dataset/Audio_Speech_Actors_01-24/Actor_01/03-01-08-02-01-01-01.wav,03-01-08-02-01-01-01.wav,surprised,08,1,male,strong,1,Kids are talking by the door,1,speech,audio_only,48000.0,164964.0,3.43675,0.012245983816683292
/Users/devanshbansal/Desktop/ser/dataset/Audio_Speech_Actors_01-24/Actor_01/03-01-08-02-01-02-01.wav,03-01-08-02-01-02-01.wav,surprised,08,1,male,strong,1,Kids are talking by the door,2,speech,audio_only,48000.0,171371.0,3.5702291666666666,0.016739021986722946
/Users/devanshbansal/Desktop/ser/dataset/Audio_Speech_Actors_01-24/Actor_01/03-01-08-02-02-01-01.wav,03-01-08-02-02-01-01.wav,surprised,08,1,male,strong,2,Dogs are sitting by the door,1,speech,audio_only,48000.0,168168.0,3.5035,0.011375551111996174
/Users/devanshbansal/Desktop/ser/dataset/Audio_Speech_Actors_01-24/Actor_01/03-01-08-02-02-02-01.wav,03-01-08-02-02-02-01.wav,surprised,08,1,male,strong,2,Dogs are sitting by the door,2,speech,audio_only,48000.0,156957.0,3.2699375,0.016182849183678627
/Users/devanshbansal/Desktop/ser/dataset/Audio_Speech_Actors_01-24/Actor_02/03-01-01-01-01-01-02.wav,03-01-01-01-01-01-02.wav,calm,01,2,female,normal,1,Kids are talking by the door,1,speech,audio_only,48000.0,174574.0,3.6369583333333333,0.00645402679219842
/Users/devanshbansal/Desktop/ser/dataset/Audio_Speech_Actors_01-24/Actor_02/03-01-01-01-01-02-02.wav,03-01-01-01-01-02-02.wav,calm,01,2,female,normal,1,Kids are talking by the door,2,speech,audio_only,48000.0,172973.0,3.6036041666666665,0.0061493078246712685
/Users/devanshbansal/Desktop/ser/dataset/Audio_Speech_Actors_01-24/Actor_02/03-01-01-01-02-01-02.wav,03-01-01-01-02-01-02.wav,calm,01,2,female,normal,2,Dogs are sitting by the door,1,speech,audio_only,48000.0,180980.0,3.7704166666666667,0.009507011622190475
/Users/devanshbansal/Desktop/ser/dataset/Audio_Speech_Actors_01-24/Actor_02/03-01-01-01-02-02-02.wav,03-01-01-01-02-02-02.wav,calm,01,2,female,normal,2,Dogs are sitting by the door,2,speech,audio_only,48000.0,172972.0,3.6035833333333334,0.008513573557138443
/Users/devanshbansal/Desktop/ser/dataset/Audio_Speech_Actors_01-24/Actor_02/03-01-02-01-01-01-02.wav,03-01-02-01-01-01-02.wav,calm,02,2,female,normal,1,Kids are talking by the door,1,speech,audio_only,48000.0,184184.0,3.8371666666666666,0.005660976283252239
/Users/devanshbansal/Desktop/ser/dataset/Audio_Speech_Actors_01-24/Actor_02/03-01-02-01-01-02-02.wav,03-01-02-01-01-02-02.wav,calm,02,2,female,normal,1,Kids are talking by the door,2,speech,audio_only,48000.0,192192.0,4.004,0.00563202565535903
/Users/devanshbansal/Desktop/ser/dataset/Audio_Speech_Actors_01-24/Actor_02/03-01-02-01-02-01-02.wav,03-01-02-01-02-01-02.wav,calm,02,2,female,normal,2,Dogs are sitting by the door,1,speech,audio_only,48000.0,184184.0,3.8371666666666666,0.006178609561175108
/Users/devanshbansal/Desktop/ser/dataset/Audio_Speech_Actors_01-24/Actor_02/03-01-02-01-02-02-02.wav,03-01-02-01-02-02-02.wav,calm,02,2,female,normal,2,Dogs are sitting by the door,2,speech,audio_only,48000.0,190590.0,3.970625,0.005986534990370274
/Users/devanshbansal/Desktop/ser/dataset/Audio_Speech_Actors_01-24/Actor_02/03-01-02-02-01-01-02.wav,03-01-02-02-01-01-02.wav,calm,02,2,female,strong,1,Kids are talking by the door,1,speech,audio_only,48000.0,198599.0,4.137479166666667,0.00485721742734313
/Users/devanshbansal/Desktop/ser/dataset/Audio_Speech_Actors_01-24/Actor_02/03-01-02-02-01-02-02.wav,03-01-02-02-01-02-02.wav,calm,02,2,female,strong,1,Kids are talking by the door,2,speech,audio_only,48000.0,193794.0,4.037375,0.005298665724694729
/Users/devanshbansal/Desktop/ser/dataset/Audio_Speech_Actors_01-24/Actor_02/03-01-02-02-02-01-02.wav,03-01-02-02-02-01-02.wav,calm,02,2,female,strong,2,Dogs are sitting by the door,1,speech,audio_only,48000.0,196997.0,4.104104166666667,0.005701974965631962
/Users/devanshbansal/Desktop/ser/dataset/Audio_Speech_Actors_01-24/Actor_02/03-01-02-02-02-02-02.wav,03-01-02-02-02-02-02.wav,calm,02,2,female,strong,2,Dogs are sitting by the door,2,speech,audio_only,48000.0,196997.0,4.104104166666667,0.005219004116952419
/Users/devanshbansal/Desktop/ser/dataset/Audio_Speech_Actors_01-24/Actor_02/03-01-03-01-01-01-02.wav,03-01-03-01-01-01-02.wav,happy,03,2,female,normal,1,Kids are talking by the door,1,speech,audio_only,48000.0,172973.0,3.6036041666666665,0.012553204782307148
/Users/devanshbansal/Desktop/ser/dataset/Audio_Speech_Actors_01-24/Actor_02/03-01-03-01-01-02-02.wav,03-01-03-01-01-02-02.wav,happy,03,2,female,normal,1,Kids are talking by the door,2,speech,audio_only,48000.0,177777.0,3.7036875,0.010873544029891491
/Users/devanshbansal/Desktop/ser/dataset/Audio_Speech_Actors_01-24/Actor_02/03-01-03-01-02-01-02.wav,03-01-03-01-02-01-02.wav,happy,03,2,female,normal,2,Dogs are sitting by the door,1,speech,audio_only,48000.0,180981.0,3.7704375,0.012114801444113255
/Users/devanshbansal/Desktop/ser/dataset/Audio_Speech_Actors_01-24/Actor_02/03-01-03-01-02-02-02.wav,03-01-03-01-02-02-02.wav,happy,03,2,female,normal,2,Dogs are sitting by the door,2,speech,audio_only,48000.0,179380.0,3.7370833333333335,0.011911330744624138
/Users/devanshbansal/Desktop/ser/dataset/Audio_Speech_Actors_01-24/Actor_02/03-01-03-02-01-01-02.wav,03-01-03-02-01-01-02.wav,happy,03,2,female,strong,1,Kids are talking by the door,1,speech,audio_only,48000.0,177778.0,3.703708333333333,0.031466126441955566
/Users/devanshbansal/Desktop/ser/dataset/Audio_Speech_Actors_01-24/Actor_02/03-01-03-02-01-02-02.wav,03-01-03-02-01-02-02.wav,happy,03,2,female,strong,1,Kids are talking by the door,2,speech,audio_only,48000.0,176176.0,3.6703333333333332,0.032305385917425156
/Users/devanshbansal/Desktop/ser/dataset/Audio_Speech_Actors_01-24/Actor_02/03-01-03-02-02-01-02.wav,03-01-03-02-02-01-02.wav,happy,03,2,female,strong,2,Dogs are sitting by the door,1,speech,audio_only,48000.0,177778.0,3.703708333333333,0.02104913257062435
/Users/devanshbansal/Desktop/ser/dataset/Audio_Speech_Actors_01-24/Actor_02/03-01-03-02-02-02-02.wav,03-01-03-02-02-02-02.wav,happy,03,2,female,strong,2,Dogs are sitting by the door,2,speech,audio_only,48000.0,185785.0,3.8705208333333334,0.023041488602757454
/Users/devanshbansal/Desktop/ser/dataset/Audio_Speech_Actors_01-24/Actor_02/03-01-04-01-01-01-02.wav,03-01-04-01-01-01-02.wav,sad,04,2,female,normal,1,Kids are talking by the door,1,speech,audio_only,48000.0,184184.0,3.8371666666666666,0.004716978874057531
/Users/devanshbansal/Desktop/ser/dataset/Audio_Speech_Actors_01-24/Actor_02/03-01-04-01-01-02-02.wav,03-01-04-01-01-02-02.wav,sad,04,2,female,normal,1,Kids are talking by the door,2,speech,audio_only,48000.0,180981.0,3.7704375,0.005540688056498766
/Users/devanshbansal/Desktop/ser/dataset/Audio_Speech_Actors_01-24/Actor_02/03-01-04-01-02-01-02.wav,03-01-04-01-02-01-02.wav,sad,04,2,female,normal,2,Dogs are sitting by the door,1,speech,audio_only,48000.0,179379.0,3.7370625,0.005862392485141754
/Users/devanshbansal/Desktop/ser/dataset/Audio_Speech_Actors_01-24/Actor_02/03-01-04-01-02-02-02.wav,03-01-04-01-02-02-02.wav,sad,04,2,female,normal,2,Dogs are sitting by the door,2,speech,audio_only,48000.0,180981.0,3.7704375,0.005474830977618694
/Users/devanshbansal/Desktop/ser/dataset/Audio_Speech_Actors_01-24/Actor_02/03-01-04-02-01-01-02.wav,03-01-04-02-01-01-02.wav,sad,04,2,female,strong,1,Kids are talking by the door,1,speech,audio_only,48000.0,179380.0,3.7370833333333335,0.00527900131419301
/Users/devanshbansal/Desktop/ser/dataset/Audio_Speech_Actors_01-24/Actor_02/03-01-04-02-01-02-02.wav,03-01-04-02-01-02-02.wav,sad,04,2,female,strong,1,Kids are talking by the door,2,speech,audio_only,48000.0,180980.0,3.7704166666666667,0.004401764366775751
/Users/devanshbansal/Desktop/ser/dataset/Audio_Speech_Actors_01-24/Actor_02/03-01-04-02-02-01-02.wav,03-01-04-02-02-01-02.wav,sad,04,2,female,strong,2,Dogs are sitting by the door,1,speech,audio_only,48000.0,177777.0,3.7036875,0.0066230143420398235
/Users/devanshbansal/Desktop/ser/dataset/Audio_Speech_Actors_01-24/Actor_02/03-01-04-02-02-02-02.wav,03-01-04-02-02-02-02.wav,sad,04,2,female,strong,2,Dogs are sitting by the door,2,speech,audio_only,48000.0,176176.0,3.6703333333333332,0.005573400761932135
/Users/devanshbansal/Desktop/ser/dataset/Audio_Speech_Actors_01-24/Actor_02/03-01-05-01-01-01-02.wav,03-01-05-01-01-01-02.wav,angry,05,2,female,normal,1,Kids are talking by the door,1,speech,audio_only,48000.0,176176.0,3.6703333333333332,0.012110753916203976
/Users/devanshbansal/Desktop/ser/dataset/Audio_Speech_Actors_01-24/Actor_02/03-01-05-01-01-02-02.wav,03-01-05-01-01-02-02.wav,angry,05,2,female,normal,1,Kids are talking by the door,2,speech,audio_only,48000.0,176176.0,3.6703333333333332,0.013068773783743382
/Users/devanshbansal/Desktop/ser/dataset/Audio_Speech_Actors_01-24/Actor_02/03-01-05-01-02-01-02.wav,03-01-05-01-02-01-02.wav,angry,05,2,female,normal,2,Dogs are sitting by the door,1,speech,audio_only,48000.0,180980.0,3.7704166666666667,0.013859757222235203
/Users/devanshbansal/Desktop/ser/dataset/Audio_Speech_Actors_01-24/Actor_02/03-01-05-01-02-02-02.wav,03-01-05-01-02-02-02.wav,angry,05,2,female,normal,2,Dogs are sitting by the door,2,speech,audio_only,48000.0,182582.0,3.8037916666666667,0.014013825915753841
/Users/devanshbansal/Desktop/ser/dataset/Audio_Speech_Actors_01-24/Actor_02/03-01-05-02-01-01-02.wav,03-01-05-02-01-01-02.wav,angry,05,2,female,strong,1,Kids are talking by the door,1,speech,audio_only,48000.0,187388.0,3.9039166666666665,0.04238877072930336
/Users/devanshbansal/Desktop/ser/dataset/Audio_Speech_Actors_01-24/Actor_02/03-01-05-02-01-02-02.wav,03-01-05-02-01-02-02.wav,angry,05,2,female,strong,1,Kids are talking by the door,2,speech,audio_only,48000.0,192192.0,4.004,0.033056989312171936
/Users/devanshbansal/Desktop/ser/dataset/Audio_Speech_Actors_01-24/Actor_02/03-01-05-02-02-01-02.wav,03-01-05-02-02-01-02.wav,angry,05,2,female,strong,2,Dogs are sitting by the door,1,speech,audio_only,48000.0,192192.0,4.004,0.08012896031141281
/Users/devanshbansal/Desktop/ser/dataset/Audio_Speech_Actors_01-24/Actor_02/03-01-05-02-02-02-02.wav,03-01-05-02-02-02-02.wav,angry,05,2,female,strong,2,Dogs are sitting by the door,2,speech,audio_only,48000.0,192192.0,4.004,0.06853185594081879
/Users/devanshbansal/Desktop/ser/dataset/Audio_Speech_Actors_01-24/Actor_02/03-01-06-01-01-01-02.wav,03-01-06-01-01-01-02.wav,fearful,06,2,female,normal,1,Kids are talking by the door,1,speech,audio_only,48000.0,174575.0,3.636979166666667,0.012599238194525242
/Users/devanshbansal/Desktop/ser/dataset/Audio_Speech_Actors_01-24/Actor_02/03-01-06-01-01-02-02.wav,03-01-06-01-01-02-02.wav,fearful,06,2,female,normal,1,Kids are talking by the door,2,speech,audio_only,48000.0,179379.0,3.7370625,0.013394124805927277
/Users/devanshbansal/Desktop/ser/dataset/Audio_Speech_Actors_01-24/Actor_02/03-01-06-01-02-01-02.wav,03-01-06-01-02-01-02.wav,fearful,06,2,female,normal,2,Dogs are sitting by the door,1,speech,audio_only,48000.0,176176.0,3.6703333333333332,0.014404228888452053
/Users/devanshbansal/Desktop/ser/dataset/Audio_Speech_Actors_01-24/Actor_02/03-01-06-01-02-02-02.wav,03-01-06-01-02-02-02.wav,fearful,06,2,female,normal,2,Dogs are sitting by the door,2,speech,audio_only,48000.0,179379.0,3.7370625,0.014481635764241219
/Users/devanshbansal/Desktop/ser/dataset/Audio_Speech_Actors_01-24/Actor_02/03-01-06-02-01-01-02.wav,03-01-06-02-01-01-02.wav,fearful,06,2,female,strong,1,Kids are talking by the door,1,speech,audio_only,48000.0,182582.0,3.8037916666666667,0.024201281368732452
/Users/devanshbansal/Desktop/ser/dataset/Audio_Speech_Actors_01-24/Actor_02/03-01-06-02-01-02-02.wav,03-01-06-02-01-02-02.wav,fearful,06,2,female,strong,1,Kids are talking by the door,2,speech,audio_only,48000.0,174575.0,3.636979166666667,0.030172953382134438
/Users/devanshbansal/Desktop/ser/dataset/Audio_Speech_Actors_01-24/Actor_02/03-01-06-02-02-01-02.wav,03-01-06-02-02-01-02.wav,fearful,06,2,female,strong,2,Dogs are sitting by the door,1,speech,audio_only,48000.0,172973.0,3.6036041666666665,0.03214539587497711
/Users/devanshbansal/Desktop/ser/dataset/Audio_Speech_Actors_01-24/Actor_02/03-01-06-02-02-02-02.wav,03-01-06-02-02-02-02.wav,fearful,06,2,female,strong,2,Dogs are sitting by the door,2,speech,audio_only,48000.0,172973.0,3.6036041666666665,0.028720179572701454
/Users/devanshbansal/Desktop/ser/dataset/Audio_Speech_Actors_01-24/Actor_02/03-01-07-01-01-01-02.wav,03-01-07-01-01-01-02.wav,disgust,07,2,female,normal,1,Kids are talking by the door,1,speech,audio_only,48000.0,176176.0,3.6703333333333332,0.005508876405656338
/Users/devanshbansal/Desktop/ser/dataset/Audio_Speech_Actors_01-24/Actor_02/03-01-07-01-01-02-02.wav,03-01-07-01-01-02-02.wav,disgust,07,2,female,normal,1,Kids are talking by the door,2,speech,audio_only,48000.0,174575.0,3.636979166666667,0.005256129428744316
/Users/devanshbansal/Desktop/ser/dataset/Audio_Speech_Actors_01-24/Actor_02/03-01-07-01-02-01-02.wav,03-01-07-01-02-01-02.wav,disgust,07,2,female,normal,2,Dogs are sitting by the door,1,speech,audio_only,48000.0,185786.0,3.8705416666666665,0.00805690698325634
/Users/devanshbansal/Desktop/ser/dataset/Audio_Speech_Actors_01-24/Actor_02/03-01-07-01-02-02-02.wav,03-01-07-01-02-02-02.wav,disgust,07,2,female,normal,2,Dogs are sitting by the door,2,speech,audio_only,48000.0,184184.0,3.8371666666666666,0.007452202495187521
/Users/devanshbansal/Desktop/ser/dataset/Audio_Speech_Actors_01-24/Actor_02/03-01-07-02-01-01-02.wav,03-01-07-02-01-01-02.wav,disgust,07,2,female,strong,1,Kids are talking by the door,1,speech,audio_only,48000.0,198598.0,4.137458333333333,0.009367760270833969
/Users/devanshbansal/Desktop/ser/dataset/Audio_Speech_Actors_01-24/Actor_02/03-01-07-02-01-02-02.wav,03-01-07-02-01-02-02.wav,disgust,07,2,female,strong,1,Kids are talking by the door,2,speech,audio_only,48000.0,198598.0,4.137458333333333,0.010914890095591545
/Users/devanshbansal/Desktop/ser/dataset/Audio_Speech_Actors_01-24/Actor_02/03-01-07-02-02-01-02.wav,03-01-07-02-02-01-02.wav,disgust,07,2,female,strong,2,Dogs are sitting by the door,1,speech,audio_only,48000.0,192192.0,4.004,0.012595582753419876
/Users/devanshbansal/Desktop/ser/dataset/Audio_Speech_Actors_01-24/Actor_02/03-01-07-02-02-02-02.wav,03-01-07-02-02-02-02.wav,disgust,07,2,female,strong,2,Dogs are sitting by the door,2,speech,audio_only,48000.0,193794.0,4.037375,0.012997628189623356
/Users/devanshbansal/Desktop/ser/dataset/Audio_Speech_Actors_01-24/Actor_02/03-01-08-01-01-01-02.wav,03-01-08-01-01-01-02.wav,surprised,08,2,female,normal,1,Kids are talking by the door,1,speech,audio_only,48000.0,169769.0,3.5368541666666666,0.012050180695950985
/Users/devanshbansal/Desktop/ser/dataset/Audio_Speech_Actors_01-24/Actor_02/03-01-08-01-01-02-02.wav,03-01-08-01-01-02-02.wav,surprised,08,2,female,normal,1,Kids are talking by the door,2,speech,audio_only,48000.0,169769.0,3.5368541666666666,0.009217319078743458
/Users/devanshbansal/Desktop/ser/dataset/Audio_Speech_Actors_01-24/Actor_02/03-01-08-01-02-01-02.wav,03-01-08-01-02-01-02.wav,surprised,08,2,female,normal,2,Dogs are sitting by the door,1,speech,audio_only,48000.0,172973.0,3.6036041666666665,0.011485802941024303
/Users/devanshbansal/Desktop/ser/dataset/Audio_Speech_Actors_01-24/Actor_02/03-01-08-01-02-02-02.wav,03-01-08-01-02-02-02.wav,surprised,08,2,female,normal,2,Dogs are sitting by the door,2,speech,audio_only,48000.0,169770.0,3.536875,0.011724098585546017
/Users/devanshbansal/Desktop/ser/dataset/Audio_Speech_Actors_01-24/Actor_02/03-01-08-02-01-01-02.wav,03-01-08-02-01-01-02.wav,surprised,08,2,female,strong,1,Kids are talking by the door,1,speech,audio_only,48000.0,179379.0,3.7370625,0.014839439652860165
/Users/devanshbansal/Desktop/ser/dataset/Audio_Speech_Actors_01-24/Actor_02/03-01-08-02-01-02-02.wav,03-01-08-02-01-02-02.wav,surprised,08,2,female,strong,1,Kids are talking by the door,2,speech,audio_only,48000.0,180981.0,3.7704375,0.014619617722928524
/Users/devanshbansal/Desktop/ser/dataset/Audio_Speech_Actors_01-24/Actor_02/03-01-08-02-02-01-02.wav,03-01-08-02-02-01-02.wav,surprised,08,2,female,strong,2,Dogs are sitting by the door,1,speech,audio_only,48000.0,179380.0,3.7370833333333335,0.019288931041955948
/Users/devanshbansal/Desktop/ser/dataset/Audio_Speech_Actors_01-24/Actor_02/03-01-08-02-02-02-02.wav,03-01-08-02-02-02-02.wav,surprised,08,2,female,strong,2,Dogs are sitting by the door,2,speech,audio_only,48000.0,182583.0,3.8038125,0.021772950887680054
/Users/devanshbansal/Desktop/ser/dataset/Audio_Speech_Actors_01-24/Actor_03/03-01-01-01-01-01-03.wav,03-01-01-01-01-01-03.wav,calm,01,3,male,normal,1,Kids are talking by the door,1,speech,audio_only,48000.0,164965.0,3.4367708333333336,0.007147503551095724
/Users/devanshbansal/Desktop/ser/dataset/Audio_Speech_Actors_01-24/Actor_03/03-01-01-01-01-02-03.wav,03-01-01-01-01-02-03.wav,calm,01,3,male,normal,1,Kids are talking by the door,2,speech,audio_only,48000.0,168168.0,3.5035,0.006393494550138712
/Users/devanshbansal/Desktop/ser/dataset/Audio_Speech_Actors_01-24/Actor_03/03-01-01-01-02-01-03.wav,03-01-01-01-02-01-03.wav,calm,01,3,male,normal,2,Dogs are sitting by the door,1,speech,audio_only,48000.0,168168.0,3.5035,0.0071093360893428326
/Users/devanshbansal/Desktop/ser/dataset/Audio_Speech_Actors_01-24/Actor_03/03-01-01-01-02-02-03.wav,03-01-01-01-02-02-03.wav,calm,01,3,male,normal,2,Dogs are sitting by the door,2,speech,audio_only,48000.0,166567.0,3.4701458333333335,0.008228546939790249
/Users/devanshbansal/Desktop/ser/dataset/Audio_Speech_Actors_01-24/Actor_03/03-01-02-01-01-01-03.wav,03-01-02-01-01-01-03.wav,calm,02,3,male,normal,1,Kids are talking by the door,1,speech,audio_only,48000.0,184184.0,3.8371666666666666,0.004404539242386818
/Users/devanshbansal/Desktop/ser/dataset/Audio_Speech_Actors_01-24/Actor_03/03-01-02-01-01-02-03.wav,03-01-02-01-01-02-03.wav,calm,02,3,male,normal,1,Kids are talking by the door,2,speech,audio_only,48000.0,179379.0,3.7370625,0.004793144296854734
/Users/devanshbansal/Desktop/ser/dataset/Audio_Speech_Actors_01-24/Actor_03/03-01-02-01-02-01-03.wav,03-01-02-01-02-01-03.wav,calm,02,3,male,normal,2,Dogs are sitting by the door,1,speech,audio_only,48000.0,184184.0,3.8371666666666666,0.004456742666661739
/Users/devanshbansal/Desktop/ser/dataset/Audio_Speech_Actors_01-24/Actor_03/03-01-02-01-02-02-03.wav,03-01-02-01-02-02-03.wav,calm,02,3,male,normal,2,Dogs are sitting by the door,2,speech,audio_only,48000.0,190590.0,3.970625,0.011972424574196339
/Users/devanshbansal/Desktop/ser/dataset/Audio_Speech_Actors_01-24/Actor_03/03-01-02-02-01-01-03.wav,03-01-02-02-01-01-03.wav,calm,02,3,male,strong,1,Kids are talking by the door,1,speech,audio_only,48000.0,193794.0,4.037375,0.007183983456343412
/Users/devanshbansal/Desktop/ser/dataset/Audio_Speech_Actors_01-24/Actor_03/03-01-02-02-01-02-03.wav,03-01-02-02-01-02-03.wav,calm,02,3,male,strong,1,Kids are talking by the door,2,speech,audio_only,48000.0,190591.0,3.970645833333333,0.012686116620898247
/Users/devanshbansal/Desktop/ser/dataset/Audio_Speech_Actors_01-24/Actor_03/03-01-02-02-02-01-03.wav,03-01-02-02-02-01-03.wav,calm,02,3,male,strong,2,Dogs are sitting by the door,1,speech,audio_only,48000.0,198598.0,4.137458333333333,0.01333621609956026
/Users/devanshbansal/Desktop/ser/dataset/Audio_Speech_Actors_01-24/Actor_03/03-01-02-02-02-02-03.wav,03-01-02-02-02-02-03.wav,calm,02,3,male,strong,2,Dogs are sitting by the door,2,speech,audio_only,48000.0,192192.0,4.004,0.012802748940885067
/Users/devanshbansal/Desktop/ser/dataset/Audio_Speech_Actors_01-24/Actor_03/03-01-03-01-01-01-03.wav,03-01-03-01-01-01-03.wav,happy,03,3,male,normal,1,Kids are talking by the door,1,speech,audio_only,48000.0,180980.0,3.7704166666666667,0.012918399646878242
/Users/devanshbansal/Desktop/ser/dataset/Audio_Speech_Actors_01-24/Actor_03/03-01-03-01-01-02-03.wav,03-01-03-01-01-02-03.wav,happy,03,3,male,normal,1,Kids are talking by the door,2,speech,audio_only,48000.0,172972.0,3.6035833333333334,0.01726055145263672
/Users/devanshbansal/Desktop/ser/dataset/Audio_Speech_Actors_01-24/Actor_03/03-01-03-01-02-01-03.wav,03-01-03-01-02-01-03.wav,happy,03,3,male,normal,2,Dogs are sitting by the door,1,speech,audio_only,48000.0,168168.0,3.5035,0.01632942631840706
/Users/devanshbansal/Desktop/ser/dataset/Audio_Speech_Actors_01-24/Actor_03/03-01-03-01-02-02-03.wav,03-01-03-01-02-02-03.wav,happy,03,3,male,normal,2,Dogs are sitting by the door,2,speech,audio_only,48000.0,168168.0,3.5035,0.011297909542918205
/Users/devanshbansal/Desktop/ser/dataset/Audio_Speech_Actors_01-24/Actor_03/03-01-03-02-01-01-03.wav,03-01-03-02-01-01-03.wav,happy,03,3,male,strong,1,Kids are talking by the door,1,speech,audio_only,48000.0,206607.0,4.3043125,0.03745902702212334
/Users/devanshbansal/Desktop/ser/dataset/Audio_Speech_Actors_01-24/Actor_03/03-01-03-02-01-02-03.wav,03-01-03-02-01-02-03.wav,happy,03,3,male,strong,1,Kids are talking by the door,2,speech,audio_only,48000.0,211411.0,4.404395833333333,0.056810811161994934
/Users/devanshbansal/Desktop/ser/dataset/Audio_Speech_Actors_01-24/Actor_03/03-01-03-02-02-01-03.wav,03-01-03-02-02-01-03.wav,happy,03,3,male,strong,2,Dogs are sitting by the door,1,speech,audio_only,48000.0,198598.0,4.137458333333333,0.06800075620412827
/Users/devanshbansal/Desktop/ser/dataset/Audio_Speech_Actors_01-24/Actor_03/03-01-03-02-02-02-03.wav,03-01-03-02-02-02-03.wav,happy,03,3,male,strong,2,Dogs are sitting by the door,2,speech,audio_only,48000.0,184184.0,3.8371666666666666,0.03815682977437973
/Users/devanshbansal/Desktop/ser/dataset/Audio_Speech_Actors_01-24/Actor_03/03-01-04-01-01-01-03.wav,03-01-04-01-01-01-03.wav,sad,04,3,male,normal,1,Kids are talking by the door,1,speech,audio_only,48000.0,172973.0,3.6036041666666665,0.00399013701826334
/Users/devanshbansal/Desktop/ser/dataset/Audio_Speech_Actors_01-24/Actor_03/03-01-04-01-01-02-03.wav,03-01-04-01-01-02-03.wav,sad,04,3,male,normal,1,Kids are talking by the door,2,speech,audio_only,48000.0,171371.0,3.5702291666666666,0.0036416167858988047
/Users/devanshbansal/Desktop/ser/dataset/Audio_Speech_Actors_01-24/Actor_03/03-01-04-01-02-01-03.wav,03-01-04-01-02-01-03.wav,sad,04,3,male,normal,2,Dogs are sitting by the door,1,speech,audio_only,48000.0,171371.0,3.5702291666666666,0.006416588090360165
/Users/devanshbansal/Desktop/ser/dataset/Audio_Speech_Actors_01-24/Actor_03/03-01-04-01-02-02-03.wav,03-01-04-01-02-02-03.wav,sad,04,3,male,normal,2,Dogs are sitting by the door,2,speech,audio_only,48000.0,169770.0,3.536875,0.006007783114910126
/Users/devanshbansal/Desktop/ser/dataset/Audio_Speech_Actors_01-24/Actor_03/03-01-04-02-01-01-03.wav,03-01-04-02-01-01-03.wav,sad,04,3,male,strong,1,Kids are talking by the door,1,speech,audio_only,48000.0,180981.0,3.7704375,0.019147513434290886
/Users/devanshbansal/Desktop/ser/dataset/Audio_Speech_Actors_01-24/Actor_03/03-01-04-02-01-02-03.wav,03-01-04-02-01-02-03.wav,sad,04,3,male,strong,1,Kids are talking by the door,2,speech,audio_only,48000.0,184184.0,3.8371666666666666,0.027377115562558174
/Users/devanshbansal/Desktop/ser/dataset/Audio_Speech_Actors_01-24/Actor_03/03-01-04-02-02-01-03.wav,03-01-04-02-02-01-03.wav,sad,04,3,male,strong,2,Dogs are sitting by the door,1,speech,audio_only,48000.0,166566.0,3.470125,0.03261859342455864
/Users/devanshbansal/Desktop/ser/dataset/Audio_Speech_Actors_01-24/Actor_03/03-01-04-02-02-02-03.wav,03-01-04-02-02-02-03.wav,sad,04,3,male,strong,2,Dogs are sitting by the door,2,speech,audio_only,48000.0,177777.0,3.7036875,0.026705631986260414
/Users/devanshbansal/Desktop/ser/dataset/Audio_Speech_Actors_01-24/Actor_03/03-01-05-01-01-01-03.wav,03-01-05-01-01-01-03.wav,angry,05,3,male,normal,1,Kids are talking by the door,1,speech,audio_only,48000.0,192192.0,4.004,0.004043660592287779
/Users/devanshbansal/Desktop/ser/dataset/Audio_Speech_Actors_01-24/Actor_03/03-01-05-01-01-02-03.wav,03-01-05-01-01-02-03.wav,angry,05,3,male,normal,1,Kids are talking by the door,2,speech,audio_only,48000.0,195395.0,4.070729166666666,0.01563853770494461
/Users/devanshbansal/Desktop/ser/dataset/Audio_Speech_Actors_01-24/Actor_03/03-01-05-01-02-01-03.wav,03-01-05-01-02-01-03.wav,angry,05,3,male,normal,2,Dogs are sitting by the door,1,speech,audio_only,48000.0,182583.0,3.8038125,0.011528133414685726
/Users/devanshbansal/Desktop/ser/dataset/Audio_Speech_Actors_01-24/Actor_03/03-01-05-01-02-02-03.wav,03-01-05-01-02-02-03.wav,angry,05,3,male,normal,2,Dogs are sitting by the door,2,speech,audio_only,48000.0,184184.0,3.8371666666666666,0.01793416403234005
/Users/devanshbansal/Desktop/ser/dataset/Audio_Speech_Actors_01-24/Actor_03/03-01-05-02-01-01-03.wav,03-01-05-02-01-01-03.wav,angry,05,3,male,strong,1,Kids are talking by the door,1,speech,audio_only,48000.0,211411.0,4.404395833333333,0.08931674808263779
/Users/devanshbansal/Desktop/ser/dataset/Audio_Speech_Actors_01-24/Actor_03/03-01-05-02-01-02-03.wav,03-01-05-02-01-02-03.wav,angry,05,3,male,strong,1,Kids are talking by the door,2,speech,audio_only,48000.0,211412.0,4.404416666666667,0.08760397136211395
/Users/devanshbansal/Desktop/ser/dataset/Audio_Speech_Actors_01-24/Actor_03/03-01-05-02-02-01-03.wav,03-01-05-02-02-01-03.wav,angry,05,3,male,strong,2,Dogs are sitting by the door,1,speech,audio_only,48000.0,203403.0,4.2375625,0.07933138310909271
/Users/devanshbansal/Desktop/ser/dataset/Audio_Speech_Actors_01-24/Actor_03/03-01-05-02-02-02-03.wav,03-01-05-02-02-02-03.wav,angry,05,3,male,strong,2,Dogs are sitting by the door,2,speech,audio_only,48000.0,216216.0,4.5045,0.10457230359315872
/Users/devanshbansal/Desktop/ser/dataset/Audio_Speech_Actors_01-24/Actor_03/03-01-06-01-01-01-03.wav,03-01-06-01-01-01-03.wav,fearful,06,3,male,normal,1,Kids are talking by the door,1,speech,audio_only,48000.0,179380.0,3.7370833333333335,0.006659794133156538
/Users/devanshbansal/Desktop/ser/dataset/Audio_Speech_Actors_01-24/Actor_03/03-01-06-01-01-02-03.wav,03-01-06-01-01-02-03.wav,fearful,06,3,male,normal,1,Kids are talking by the door,2,speech,audio_only,48000.0,184184.0,3.8371666666666666,0.011569084599614143
/Users/devanshbansal/Desktop/ser/dataset/Audio_Speech_Actors_01-24/Actor_03/03-01-06-01-02-01-03.wav,03-01-06-01-02-01-03.wav,fearful,06,3,male,normal,2,Dogs are sitting by the door,1,speech,audio_only,48000.0,168168.0,3.5035,0.013780082575976849
/Users/devanshbansal/Desktop/ser/dataset/Audio_Speech_Actors_01-24/Actor_03/03-01-06-01-02-02-03.wav,03-01-06-01-02-02-03.wav,fearful,06,3,male,normal,2,Dogs are sitting by the door,2,speech,audio_only,48000.0,153754.0,3.2032083333333334,0.012302421033382416
/Users/devanshbansal/Desktop/ser/dataset/Audio_Speech_Actors_01-24/Actor_03/03-01-06-02-01-01-03.wav,03-01-06-02-01-01-03.wav,fearful,06,3,male,strong,1,Kids are talking by the door,1,speech,audio_only,48000.0,158559.0,3.3033125,0.03963496536016464
/Users/devanshbansal/Desktop/ser/dataset/Audio_Speech_Actors_01-24/Actor_03/03-01-06-02-01-02-03.wav,03-01-06-02-01-02-03.wav,fearful,06,3,male,strong,1,Kids are talking by the door,2,speech,audio_only,48000.0,187387.0,3.9038958333333333,0.07310668379068375
/Users/devanshbansal/Desktop/ser/dataset/Audio_Speech_Actors_01-24/Actor_03/03-01-06-02-02-01-03.wav,03-01-06-02-02-01-03.wav,fearful,06,3,male,strong,2,Dogs are sitting by the door,1,speech,audio_only,48000.0,158559.0,3.3033125,0.04573504999279976
/Users/devanshbansal/Desktop/ser/dataset/Audio_Speech_Actors_01-24/Actor_03/03-01-06-02-02-02-03.wav,03-01-06-02-02-02-03.wav,fearful,06,3,male,strong,2,Dogs are sitting by the door,2,speech,audio_only,48000.0,164965.0,3.4367708333333336,0.05963291972875595
/Users/devanshbansal/Desktop/ser/dataset/Audio_Speech_Actors_01-24/Actor_03/03-01-07-01-01-01-03.wav,03-01-07-01-01-01-03.wav,disgust,07,3,male,normal,1,Kids are talking by the door,1,speech,audio_only,48000.0,193794.0,4.037375,0.009292364120483398
/Users/devanshbansal/Desktop/ser/dataset/Audio_Speech_Actors_01-24/Actor_03/03-01-07-01-01-02-03.wav,03-01-07-01-01-02-03.wav,disgust,07,3,male,normal,1,Kids are talking by the door,2,speech,audio_only,48000.0,190591.0,3.970645833333333,0.006110093556344509
/Users/devanshbansal/Desktop/ser/dataset/Audio_Speech_Actors_01-24/Actor_03/03-01-07-01-02-01-03.wav,03-01-07-01-02-01-03.wav,disgust,07,3,male,normal,2,Dogs are sitting by the door,1,speech,audio_only,48000.0,172973.0,3.6036041666666665,0.006120386533439159
/Users/devanshbansal/Desktop/ser/dataset/Audio_Speech_Actors_01-24/Actor_03/03-01-07-01-02-02-03.wav,03-01-07-01-02-02-03.wav,disgust,07,3,male,normal,2,Dogs are sitting by the door,2,speech,audio_only,48000.0,180981.0,3.7704375,0.011017212644219398
/Users/devanshbansal/Desktop/ser/dataset/Audio_Speech_Actors_01-24/Actor_03/03-01-07-02-01-01-03.wav,03-01-07-02-01-01-03.wav,disgust,07,3,male,strong,1,Kids are talking by the door,1,speech,audio_only,48000.0,196997.0,4.104104166666667,0.0077721537090837955
/Users/devanshbansal/Desktop/ser/dataset/Audio_Speech_Actors_01-24/Actor_03/03-01-07-02-01-02-03.wav,03-01-07-02-01-02-03.wav,disgust,07,3,male,strong,1,Kids are talking by the door,2,speech,audio_only,48000.0,196997.0,4.104104166666667,0.007139367051422596
/Users/devanshbansal/Desktop/ser/dataset/Audio_Speech_Actors_01-24/Actor_03/03-01-07-02-02-01-03.wav,03-01-07-02-02-01-03.wav,disgust,07,3,male,strong,2,Dogs are sitting by the door,1,speech,audio_only,48000.0,184184.0,3.8371666666666666,0.014539210125803947
/Users/devanshbansal/Desktop/ser/dataset/Audio_Speech_Actors_01-24/Actor_03/03-01-07-02-02-02-03.wav,03-01-07-02-02-02-03.wav,disgust,07,3,male,strong,2,Dogs are sitting by the door,2,speech,audio_only,48000.0,188989.0,3.9372708333333333,0.02206072025001049
/Users/devanshbansal/Desktop/ser/dataset/Audio_Speech_Actors_01-24/Actor_03/03-01-08-01-01-01-03.wav,03-01-08-01-01-01-03.wav,surprised,08,3,male,normal,1,Kids are talking by the door,1,speech,audio_only,48000.0,155355.0,3.2365625,0.011003730818629265
/Users/devanshbansal/Desktop/ser/dataset/Audio_Speech_Actors_01-24/Actor_03/03-01-08-01-01-02-03.wav,03-01-08-01-01-02-03.wav,surprised,08,3,male,normal,1,Kids are talking by the door,2,speech,audio_only,48000.0,161762.0,3.370041666666667,0.012566507793962955
/Users/devanshbansal/Desktop/ser/dataset/Audio_Speech_Actors_01-24/Actor_03/03-01-08-01-02-01-03.wav,03-01-08-01-02-01-03.wav,surprised,08,3,male,normal,2,Dogs are sitting by the door,1,speech,audio_only,48000.0,153754.0,3.2032083333333334,0.01026478223502636
/Users/devanshbansal/Desktop/ser/dataset/Audio_Speech_Actors_01-24/Actor_03/03-01-08-01-02-02-03.wav,03-01-08-01-02-02-03.wav,surprised,08,3,male,normal,2,Dogs are sitting by the door,2,speech,audio_only,48000.0,171371.0,3.5702291666666666,0.01557866856455803
/Users/devanshbansal/Desktop/ser/dataset/Audio_Speech_Actors_01-24/Actor_03/03-01-08-02-01-01-03.wav,03-01-08-02-01-01-03.wav,surprised,08,3,male,strong,1,Kids are talking by the door,1,speech,audio_only,48000.0,156957.0,3.2699375,0.023443255573511124
/Users/devanshbansal/Desktop/ser/dataset/Audio_Speech_Actors_01-24/Actor_03/03-01-08-02-01-02-03.wav,03-01-08-02-01-02-03.wav,surprised,08,3,male,strong,1,Kids are talking by the door,2,speech,audio_only,48000.0,172973.0,3.6036041666666665,0.02957959473133087
/Users/devanshbansal/Desktop/ser/dataset/Audio_Speech_Actors_01-24/Actor_03/03-01-08-02-02-01-03.wav,03-01-08-02-02-01-03.wav,surprised,08,3,male,strong,2,Dogs are sitting by the door,1,speech,audio_only,48000.0,168168.0,3.5035,0.029830042272806168
/Users/devanshbansal/Desktop/ser/dataset/Audio_Speech_Actors_01-24/Actor_03/03-01-08-02-02-02-03.wav,03-01-08-02-02-02-03.wav,surprised,08,3,male,strong,2,Dogs are sitting by the door,2,speech,audio_only,48000.0,155355.0,3.2365625,0.017968997359275818
/Users/devanshbansal/Desktop/ser/dataset/Audio_Speech_Actors_01-24/Actor_04/03-01-01-01-01-01-04.wav,03-01-01-01-01-01-04.wav,calm,01,4,female,normal,1,Kids are talking by the door,1,speech,audio_only,48000.0,158558.0,3.3032916666666665,0.00429679686203599
/Users/devanshbansal/Desktop/ser/dataset/Audio_Speech_Actors_01-24/Actor_04/03-01-01-01-01-02-04.wav,03-01-01-01-01-02-04.wav,calm,01,4,female,normal,1,Kids are talking by the door,2,speech,audio_only,48000.0,161762.0,3.370041666666667,0.004696696996688843
/Users/devanshbansal/Desktop/ser/dataset/Audio_Speech_Actors_01-24/Actor_04/03-01-01-01-02-01-04.wav,03-01-01-01-02-01-04.wav,calm,01,4,female,normal,2,Dogs are sitting by the door,1,speech,audio_only,48000.0,156957.0,3.2699375,0.004518675152212381
/Users/devanshbansal/Desktop/ser/dataset/Audio_Speech_Actors_01-24/Actor_04/03-01-01-01-02-02-04.wav,03-01-01-01-02-02-04.wav,calm,01,4,female,normal,2,Dogs are sitting by the door,2,speech,audio_only,48000.0,155355.0,3.2365625,0.0037786047905683517
/Users/devanshbansal/Desktop/ser/dataset/Audio_Speech_Actors_01-24/Actor_04/03-01-02-01-01-01-04.wav,03-01-02-01-01-01-04.wav,calm,02,4,female,normal,1,Kids are talking by the door,1,speech,audio_only,48000.0,182582.0,3.8037916666666667,0.004515369422733784
/Users/devanshbansal/Desktop/ser/dataset/Audio_Speech_Actors_01-24/Actor_04/03-01-02-01-01-02-04.wav,03-01-02-01-01-02-04.wav,calm,02,4,female,normal,1,Kids are talking by the door,2,speech,audio_only,48000.0,179379.0,3.7370625,0.00468131760135293
/Users/devanshbansal/Desktop/ser/dataset/Audio_Speech_Actors_01-24/Actor_04/03-01-02-01-02-01-04.wav,03-01-02-01-02-01-04.wav,calm,02,4,female,normal,2,Dogs are sitting by the door,1,speech,audio_only,48000.0,174575.0,3.636979166666667,0.006158818956464529
/Users/devanshbansal/Desktop/ser/dataset/Audio_Speech_Actors_01-24/Actor_04/03-01-02-01-02-02-04.wav,03-01-02-01-02-02-04.wav,calm,02,4,female,normal,2,Dogs are sitting by the door,2,speech,audio_only,48000.0,171372.0,3.57025,0.00430869497358799
/Users/devanshbansal/Desktop/ser/dataset/Audio_Speech_Actors_01-24/Actor_04/03-01-02-02-01-01-04.wav,03-01-02-02-01-01-04.wav,calm,02,4,female,strong,1,Kids are talking by the door,1,speech,audio_only,48000.0,190590.0,3.970625,0.004169812425971031
/Users/devanshbansal/Desktop/ser/dataset/Audio_Speech_Actors_01-24/Actor_04/03-01-02-02-01-02-04.wav,03-01-02-02-01-02-04.wav,calm,02,4,female,strong,1,Kids are talking by the door,2,speech,audio_only,48000.0,182583.0,3.8038125,0.004381242208182812
/Users/devanshbansal/Desktop/ser/dataset/Audio_Speech_Actors_01-24/Actor_04/03-01-02-02-02-01-04.wav,03-01-02-02-02-01-04.wav,calm,02,4,female,strong,2,Dogs are sitting by the door,1,speech,audio_only,48000.0,182582.0,3.8037916666666667,0.004932221956551075
/Users/devanshbansal/Desktop/ser/dataset/Audio_Speech_Actors_01-24/Actor_04/03-01-02-02-02-02-04.wav,03-01-02-02-02-02-04.wav,calm,02,4,female,strong,2,Dogs are sitting by the door,2,speech,audio_only,48000.0,193794.0,4.037375,0.004383827559649944
/Users/devanshbansal/Desktop/ser/dataset/Audio_Speech_Actors_01-24/Actor_04/03-01-03-01-01-01-04.wav,03-01-03-01-01-01-04.wav,happy,03,4,female,normal,1,Kids are talking by the door,1,speech,audio_only,48000.0,168168.0,3.5035,0.007573346141725779
/Users/devanshbansal/Desktop/ser/dataset/Audio_Speech_Actors_01-24/Actor_04/03-01-03-01-01-02-04.wav,03-01-03-01-01-02-04.wav,happy,03,4,female,normal,1,Kids are talking by the door,2,speech,audio_only,48000.0,169769.0,3.5368541666666666,0.011459660716354847
/Users/devanshbansal/Desktop/ser/dataset/Audio_Speech_Actors_01-24/Actor_04/03-01-03-01-02-01-04.wav,03-01-03-01-02-01-04.wav,happy,03,4,female,normal,2,Dogs are sitting by the door,1,speech,audio_only,48000.0,168168.0,3.5035,0.008671832270920277
/Users/devanshbansal/Desktop/ser/dataset/Audio_Speech_Actors_01-24/Actor_04/03-01-03-01-02-02-04.wav,03-01-03-01-02-02-04.wav,happy,03,4,female,normal,2,Dogs are sitting by the door,2,speech,audio_only,48000.0,164965.0,3.4367708333333336,0.011582577601075172
/Users/devanshbansal/Desktop/ser/dataset/Audio_Speech_Actors_01-24/Actor_04/03-01-03-02-01-01-04.wav,03-01-03-02-01-01-04.wav,happy,03,4,female,strong,1,Kids are talking by the door,1,speech,audio_only,48000.0,185786.0,3.8705416666666665,0.02375022880733013
/Users/devanshbansal/Desktop/ser/dataset/Audio_Speech_Actors_01-24/Actor_04/03-01-03-02-01-02-04.wav,03-01-03-02-01-02-04.wav,happy,03,4,female,strong,1,Kids are talking by the door,2,speech,audio_only,48000.0,171371.0,3.5702291666666666,0.03149794042110443
/Users/devanshbansal/Desktop/ser/dataset/Audio_Speech_Actors_01-24/Actor_04/03-01-03-02-02-01-04.wav,03-01-03-02-02-01-04.wav,happy,03,4,female,strong,2,Dogs are sitting by the door,1,speech,audio_only,48000.0,172973.0,3.6036041666666665,0.027312029153108597
/Users/devanshbansal/Desktop/ser/dataset/Audio_Speech_Actors_01-24/Actor_04/03-01-03-02-02-02-04.wav,03-01-03-02-02-02-04.wav,happy,03,4,female,strong,2,Dogs are sitting by the door,2,speech,audio_only,48000.0,180980.0,3.7704166666666667,0.041372478008270264
/Users/devanshbansal/Desktop/ser/dataset/Audio_Speech_Actors_01-24/Actor_04/03-01-04-01-01-01-04.wav,03-01-04-01-01-01-04.wav,sad,04,4,female,normal,1,Kids are talking by the door,1,speech,audio_only,48000.0,161762.0,3.370041666666667,0.0044737826101481915
/Users/devanshbansal/Desktop/ser/dataset/Audio_Speech_Actors_01-24/Actor_04/03-01-04-01-01-02-04.wav,03-01-04-01-01-02-04.wav,sad,04,4,female,normal,1,Kids are talking by the door,2,speech,audio_only,48000.0,163363.0,3.403395833333333,0.012621477246284485
/Users/devanshbansal/Desktop/ser/dataset/Audio_Speech_Actors_01-24/Actor_04/03-01-04-01-02-01-04.wav,03-01-04-01-02-01-04.wav,sad,04,4,female,normal,2,Dogs are sitting by the door,1,speech,audio_only,48000.0,164965.0,3.4367708333333336,0.012872547842562199
/Users/devanshbansal/Desktop/ser/dataset/Audio_Speech_Actors_01-24/Actor_04/03-01-04-01-02-02-04.wav,03-01-04-01-02-02-04.wav,sad,04,4,female,normal,2,Dogs are sitting by the door,2,speech,audio_only,48000.0,166566.0,3.470125,0.012166357599198818
/Users/devanshbansal/Desktop/ser/dataset/Audio_Speech_Actors_01-24/Actor_04/03-01-04-02-01-01-04.wav,03-01-04-02-01-01-04.wav,sad,04,4,female,strong,1,Kids are talking by the door,1,speech,audio_only,48000.0,176176.0,3.6703333333333332,0.021264836192131042
/Users/devanshbansal/Desktop/ser/dataset/Audio_Speech_Actors_01-24/Actor_04/03-01-04-02-01-02-04.wav,03-01-04-02-01-02-04.wav,sad,04,4,female,strong,1,Kids are talking by the door,2,speech,audio_only,48000.0,180981.0,3.7704375,0.0274079330265522
/Users/devanshbansal/Desktop/ser/dataset/Audio_Speech_Actors_01-24/Actor_04/03-01-04-02-02-01-04.wav,03-01-04-02-02-01-04.wav,sad,04,4,female,strong,2,Dogs are sitting by the door,1,speech,audio_only,48000.0,180981.0,3.7704375,0.050442881882190704
/Users/devanshbansal/Desktop/ser/dataset/Audio_Speech_Actors_01-24/Actor_04/03-01-04-02-02-02-04.wav,03-01-04-02-02-02-04.wav,sad,04,4,female,strong,2,Dogs are sitting by the door,2,speech,audio_only,48000.0,180981.0,3.7704375,0.03292505815625191
/Users/devanshbansal/Desktop/ser/dataset/Audio_Speech_Actors_01-24/Actor_04/03-01-05-01-01-01-04.wav,03-01-05-01-01-01-04.wav,angry,05,4,female,normal,1,Kids are talking by the door,1,speech,audio_only,48000.0,177778.0,3.703708333333333,0.014283905737102032
/Users/devanshbansal/Desktop/ser/dataset/Audio_Speech_Actors_01-24/Actor_04/03-01-05-01-01-02-04.wav,03-01-05-01-01-02-04.wav,angry,05,4,female,normal,1,Kids are talking by the door,2,speech,audio_only,48000.0,172973.0,3.6036041666666665,0.018429450690746307
/Users/devanshbansal/Desktop/ser/dataset/Audio_Speech_Actors_01-24/Actor_04/03-01-05-01-02-01-04.wav,03-01-05-01-02-01-04.wav,angry,05,4,female,normal,2,Dogs are sitting by the door,1,speech,audio_only,48000.0,166566.0,3.470125,0.01912037655711174
/Users/devanshbansal/Desktop/ser/dataset/Audio_Speech_Actors_01-24/Actor_04/03-01-05-01-02-02-04.wav,03-01-05-01-02-02-04.wav,angry,05,4,female,normal,2,Dogs are sitting by the door,2,speech,audio_only,48000.0,179379.0,3.7370625,0.012798034586012363
/Users/devanshbansal/Desktop/ser/dataset/Audio_Speech_Actors_01-24/Actor_04/03-01-05-02-01-01-04.wav,03-01-05-02-01-01-04.wav,angry,05,4,female,strong,1,Kids are talking by the door,1,speech,audio_only,48000.0,180981.0,3.7704375,0.06953674554824829
/Users/devanshbansal/Desktop/ser/dataset/Audio_Speech_Actors_01-24/Actor_04/03-01-05-02-01-02-04.wav,03-01-05-02-01-02-04.wav,angry,05,4,female,strong,1,Kids are talking by the door,2,speech,audio_only,48000.0,185785.0,3.8705208333333334,0.05031893774867058
/Users/devanshbansal/Desktop/ser/dataset/Audio_Speech_Actors_01-24/Actor_04/03-01-05-02-02-01-04.wav,03-01-05-02-02-01-04.wav,angry,05,4,female,strong,2,Dogs are sitting by the door,1,speech,audio_only,48000.0,177777.0,3.7036875,0.07224828004837036
/Users/devanshbansal/Desktop/ser/dataset/Audio_Speech_Actors_01-24/Actor_04/03-01-05-02-02-02-04.wav,03-01-05-02-02-02-04.wav,angry,05,4,female,strong,2,Dogs are sitting by the door,2,speech,audio_only,48000.0,184184.0,3.8371666666666666,0.04504864290356636
/Users/devanshbansal/Desktop/ser/dataset/Audio_Speech_Actors_01-24/Actor_04/03-01-06-01-01-01-04.wav,03-01-06-01-01-01-04.wav,fearful,06,4,female,normal,1,Kids are talking by the door,1,speech,audio_only,48000.0,158558.0,3.3032916666666665,0.014744109474122524
/Users/devanshbansal/Desktop/ser/dataset/Audio_Speech_Actors_01-24/Actor_04/03-01-06-01-01-02-04.wav,03-01-06-01-01-02-04.wav,fearful,06,4,female,normal,1,Kids are talking by the door,2,speech,audio_only,48000.0,155356.0,3.2365833333333334,0.017420286312699318
/Users/devanshbansal/Desktop/ser/dataset/Audio_Speech_Actors_01-24/Actor_04/03-01-06-01-02-01-04.wav,03-01-06-01-02-01-04.wav,fearful,06,4,female,normal,2,Dogs are sitting by the door,1,speech,audio_only,48000.0,166566.0,3.470125,0.017609186470508575
/Users/devanshbansal/Desktop/ser/dataset/Audio_Speech_Actors_01-24/Actor_04/03-01-06-01-02-02-04.wav,03-01-06-01-02-02-04.wav,fearful,06,4,female,normal,2,Dogs are sitting by the door,2,speech,audio_only,48000.0,166566.0,3.470125,0.017118696123361588
/Users/devanshbansal/Desktop/ser/dataset/Audio_Speech_Actors_01-24/Actor_04/03-01-06-02-01-01-04.wav,03-01-06-02-01-01-04.wav,fearful,06,4,female,strong,1,Kids are talking by the door,1,speech,audio_only,48000.0,188989.0,3.9372708333333333,0.04193845018744469
/Users/devanshbansal/Desktop/ser/dataset/Audio_Speech_Actors_01-24/Actor_04/03-01-06-02-01-02-04.wav,03-01-06-02-01-02-04.wav,fearful,06,4,female,strong,1,Kids are talking by the door,2,speech,audio_only,48000.0,163363.0,3.403395833333333,0.04566863924264908
/Users/devanshbansal/Desktop/ser/dataset/Audio_Speech_Actors_01-24/Actor_04/03-01-06-02-02-01-04.wav,03-01-06-02-02-01-04.wav,fearful,06,4,female,strong,2,Dogs are sitting by the door,1,speech,audio_only,48000.0,172973.0,3.6036041666666665,0.05814627185463905
/Users/devanshbansal/Desktop/ser/dataset/Audio_Speech_Actors_01-24/Actor_04/03-01-06-02-02-02-04.wav,03-01-06-02-02-02-04.wav,fearful,06,4,female,strong,2,Dogs are sitting by the door,2,speech,audio_only,48000.0,171371.0,3.5702291666666666,0.056711308658123016
/Users/devanshbansal/Desktop/ser/dataset/Audio_Speech_Actors_01-24/Actor_04/03-01-07-01-01-01-04.wav,03-01-07-01-01-01-04.wav,disgust,07,4,female,normal,1,Kids are talking by the door,1,speech,audio_only,48000.0,187388.0,3.9039166666666665,0.008603032678365707
/Users/devanshbansal/Desktop/ser/dataset/Audio_Speech_Actors_01-24/Actor_04/03-01-07-01-01-02-04.wav,03-01-07-01-01-02-04.wav,disgust,07,4,female,normal,1,Kids are talking by the door,2,speech,audio_only,48000.0,187387.0,3.9038958333333333,0.009674681350588799
/Users/devanshbansal/Desktop/ser/dataset/Audio_Speech_Actors_01-24/Actor_04/03-01-07-01-02-01-04.wav,03-01-07-01-02-01-04.wav,disgust,07,4,female,normal,2,Dogs are sitting by the door,1,speech,audio_only,48000.0,180981.0,3.7704375,0.013670145533978939
/Users/devanshbansal/Desktop/ser/dataset/Audio_Speech_Actors_01-24/Actor_04/03-01-07-01-02-02-04.wav,03-01-07-01-02-02-04.wav,disgust,07,4,female,normal,2,Dogs are sitting by the door,2,speech,audio_only,48000.0,182583.0,3.8038125,0.01605815440416336
/Users/devanshbansal/Desktop/ser/dataset/Audio_Speech_Actors_01-24/Actor_04/03-01-07-02-01-01-04.wav,03-01-07-02-01-01-04.wav,disgust,07,4,female,strong,1,Kids are talking by the door,1,speech,audio_only,48000.0,192192.0,4.004,0.02818240225315094
/Users/devanshbansal/Desktop/ser/dataset/Audio_Speech_Actors_01-24/Actor_04/03-01-07-02-01-02-04.wav,03-01-07-02-01-02-04.wav,disgust,07,4,female,strong,1,Kids are talking by the door,2,speech,audio_only,48000.0,193794.0,4.037375,0.02336297556757927
/Users/devanshbansal/Desktop/ser/dataset/Audio_Speech_Actors_01-24/Actor_04/03-01-07-02-02-01-04.wav,03-01-07-02-02-01-04.wav,disgust,07,4,female,strong,2,Dogs are sitting by the door,1,speech,audio_only,48000.0,185786.0,3.8705416666666665,0.016496386379003525
/Users/devanshbansal/Desktop/ser/dataset/Audio_Speech_Actors_01-24/Actor_04/03-01-07-02-02-02-04.wav,03-01-07-02-02-02-04.wav,disgust,07,4,female,strong,2,Dogs are sitting by the door,2,speech,audio_only,48000.0,188989.0,3.9372708333333333,0.021741382777690887
/Users/devanshbansal/Desktop/ser/dataset/Audio_Speech_Actors_01-24/Actor_04/03-01-08-01-01-01-04.wav,03-01-08-01-01-01-04.wav,surprised,08,4,female,normal,1,Kids are talking by the door,1,speech,audio_only,48000.0,155356.0,3.2365833333333334,0.011141262017190456
/Users/devanshbansal/Desktop/ser/dataset/Audio_Speech_Actors_01-24/Actor_04/03-01-08-01-01-02-04.wav,03-01-08-01-01-02-04.wav,surprised,08,4,female,normal,1,Kids are talking by the door,2,speech,audio_only,48000.0,160160.0,3.3366666666666664,0.014927583746612072
/Users/devanshbansal/Desktop/ser/dataset/Audio_Speech_Actors_01-24/Actor_04/03-01-08-01-02-01-04.wav,03-01-08-01-02-01-04.wav,surprised,08,4,female,normal,2,Dogs are sitting by the door,1,speech,audio_only,48000.0,174574.0,3.6369583333333333,0.016948187723755836
/Users/devanshbansal/Desktop/ser/dataset/Audio_Speech_Actors_01-24/Actor_04/03-01-08-01-02-02-04.wav,03-01-08-01-02-02-04.wav,surprised,08,4,female,normal,2,Dogs are sitting by the door,2,speech,audio_only,48000.0,164964.0,3.43675,0.017676515504717827
/Users/devanshbansal/Desktop/ser/dataset/Audio_Speech_Actors_01-24/Actor_04/03-01-08-02-01-01-04.wav,03-01-08-02-01-01-04.wav,surprised,08,4,female,strong,1,Kids are talking by the door,1,speech,audio_only,48000.0,176176.0,3.6703333333333332,0.034575797617435455
/Users/devanshbansal/Desktop/ser/dataset/Audio_Speech_Actors_01-24/Actor_04/03-01-08-02-01-02-04.wav,03-01-08-02-01-02-04.wav,surprised,08,4,female,strong,1,Kids are talking by the door,2,speech,audio_only,48000.0,171371.0,3.5702291666666666,0.029737355187535286
/Users/devanshbansal/Desktop/ser/dataset/Audio_Speech_Actors_01-24/Actor_04/03-01-08-02-02-01-04.wav,03-01-08-02-02-01-04.wav,surprised,08,4,female,strong,2,Dogs are sitting by the door,1,speech,audio_only,48000.0,166566.0,3.470125,0.032024599611759186
/Users/devanshbansal/Desktop/ser/dataset/Audio_Speech_Actors_01-24/Actor_04/03-01-08-02-02-02-04.wav,03-01-08-02-02-02-04.wav,surprised,08,4,female,strong,2,Dogs are sitting by the door,2,speech,audio_only,48000.0,169769.0,3.5368541666666666,0.03805682063102722
/Users/devanshbansal/Desktop/ser/dataset/Audio_Speech_Actors_01-24/Actor_05/03-01-01-01-01-01-05.wav,03-01-01-01-01-01-05.wav,calm,01,5,male,normal,1,Kids are talking by the door,1,speech,audio_only,48000.0,172973.0,3.6036041666666665,0.002718339441344142
/Users/devanshbansal/Desktop/ser/dataset/Audio_Speech_Actors_01-24/Actor_05/03-01-01-01-01-02-05.wav,03-01-01-01-01-02-05.wav,calm,01,5,male,normal,1,Kids are talking by the door,2,speech,audio_only,48000.0,174575.0,3.636979166666667,0.0022202220279723406
/Users/devanshbansal/Desktop/ser/dataset/Audio_Speech_Actors_01-24/Actor_05/03-01-01-01-02-01-05.wav,03-01-01-01-02-01-05.wav,calm,01,5,male,normal,2,Dogs are sitting by the door,1,speech,audio_only,48000.0,148948.0,3.103083333333333,0.0036983301397413015
/Users/devanshbansal/Desktop/ser/dataset/Audio_Speech_Actors_01-24/Actor_05/03-01-01-01-02-02-05.wav,03-01-01-01-02-02-05.wav,calm,01,5,male,normal,2,Dogs are sitting by the door,2,speech,audio_only,48000.0,172973.0,3.6036041666666665,0.002935603726655245
/Users/devanshbansal/Desktop/ser/dataset/Audio_Speech_Actors_01-24/Actor_05/03-01-02-01-01-01-05.wav,03-01-02-01-01-01-05.wav,calm,02,5,male,normal,1,Kids are talking by the door,1,speech,audio_only,48000.0,193793.0,4.037354166666667,0.0018531631212681532
/Users/devanshbansal/Desktop/ser/dataset/Audio_Speech_Actors_01-24/Actor_05/03-01-02-01-01-02-05.wav,03-01-02-01-01-02-05.wav,calm,02,5,male,normal,1,Kids are talking by the door,2,speech,audio_only,48000.0,196997.0,4.104104166666667,0.001157280639745295
/Users/devanshbansal/Desktop/ser/dataset/Audio_Speech_Actors_01-24/Actor_05/03-01-02-01-02-01-05.wav,03-01-02-01-02-01-05.wav,calm,02,5,male,normal,2,Dogs are sitting by the door,1,speech,audio_only,48000.0,198599.0,4.137479166666667,0.0016941261710599065
/Users/devanshbansal/Desktop/ser/dataset/Audio_Speech_Actors_01-24/Actor_05/03-01-02-01-02-02-05.wav,03-01-02-01-02-02-05.wav,calm,02,5,male,normal,2,Dogs are sitting by the door,2,speech,audio_only,48000.0,203403.0,4.2375625,0.0029598595574498177
/Users/devanshbansal/Desktop/ser/dataset/Audio_Speech_Actors_01-24/Actor_05/03-01-02-02-01-01-05.wav,03-01-02-02-01-01-05.wav,calm,02,5,male,strong,1,Kids are talking by the door,1,speech,audio_only,48000.0,227427.0,4.7380625,0.001575826550833881
/Users/devanshbansal/Desktop/ser/dataset/Audio_Speech_Actors_01-24/Actor_05/03-01-02-02-01-02-05.wav,03-01-02-02-01-02-05.wav,calm,02,5,male,strong,1,Kids are talking by the door,2,speech,audio_only,48000.0,216216.0,4.5045,0.001028330298140645
/Users/devanshbansal/Desktop/ser/dataset/Audio_Speech_Actors_01-24/Actor_05/03-01-02-02-02-01-05.wav,03-01-02-02-02-01-05.wav,calm,02,5,male,strong,2,Dogs are sitting by the door,1,speech,audio_only,48000.0,229029.0,4.7714375,0.001485733431763947
/Users/devanshbansal/Desktop/ser/dataset/Audio_Speech_Actors_01-24/Actor_05/03-01-02-02-02-02-05.wav,03-01-02-02-02-02-05.wav,calm,02,5,male,strong,2,Dogs are sitting by the door,2,speech,audio_only,48000.0,206606.0,4.304291666666667,0.001191855175420642
/Users/devanshbansal/Desktop/ser/dataset/Audio_Speech_Actors_01-24/Actor_05/03-01-03-01-01-01-05.wav,03-01-03-01-01-01-05.wav,happy,03,5,male,normal,1,Kids are talking by the door,1,speech,audio_only,48000.0,192192.0,4.004,0.003932401537895203
/Users/devanshbansal/Desktop/ser/dataset/Audio_Speech_Actors_01-24/Actor_05/03-01-03-01-01-02-05.wav,03-01-03-01-01-02-05.wav,happy,03,5,male,normal,1,Kids are talking by the door,2,speech,audio_only,48000.0,155355.0,3.2365625,0.005344052333384752
/Users/devanshbansal/Desktop/ser/dataset/Audio_Speech_Actors_01-24/Actor_05/03-01-03-01-02-01-05.wav,03-01-03-01-02-01-05.wav,happy,03,5,male,normal,2,Dogs are sitting by the door,1,speech,audio_only,48000.0,161761.0,3.3700208333333332,0.00402987701818347
/Users/devanshbansal/Desktop/ser/dataset/Audio_Speech_Actors_01-24/Actor_05/03-01-03-01-02-02-05.wav,03-01-03-01-02-02-05.wav,happy,03,5,male,normal,2,Dogs are sitting by the door,2,speech,audio_only,48000.0,180981.0,3.7704375,0.0075426241382956505
/Users/devanshbansal/Desktop/ser/dataset/Audio_Speech_Actors_01-24/Actor_05/03-01-03-02-01-01-05.wav,03-01-03-02-01-01-05.wav,happy,03,5,male,strong,1,Kids are talking by the door,1,speech,audio_only,48000.0,198599.0,4.137479166666667,0.005827547982335091
/Users/devanshbansal/Desktop/ser/dataset/Audio_Speech_Actors_01-24/Actor_05/03-01-03-02-01-02-05.wav,03-01-03-02-01-02-05.wav,happy,03,5,male,strong,1,Kids are talking by the door,2,speech,audio_only,48000.0,185786.0,3.8705416666666665,0.01441396027803421
/Users/devanshbansal/Desktop/ser/dataset/Audio_Speech_Actors_01-24/Actor_05/03-01-03-02-02-01-05.wav,03-01-03-02-02-01-05.wav,happy,03,5,male,strong,2,Dogs are sitting by the door,1,speech,audio_only,48000.0,172972.0,3.6035833333333334,0.013363336212933064
/Users/devanshbansal/Desktop/ser/dataset/Audio_Speech_Actors_01-24/Actor_05/03-01-03-02-02-02-05.wav,03-01-03-02-02-02-05.wav,happy,03,5,male,strong,2,Dogs are sitting by the door,2,speech,audio_only,48000.0,163363.0,3.403395833333333,0.013278369791805744
/Users/devanshbansal/Desktop/ser/dataset/Audio_Speech_Actors_01-24/Actor_05/03-01-04-01-01-01-05.wav,03-01-04-01-01-01-05.wav,sad,04,5,male,normal,1,Kids are talking by the door,1,speech,audio_only,48000.0,156957.0,3.2699375,0.0011932894121855497
/Users/devanshbansal/Desktop/ser/dataset/Audio_Speech_Actors_01-24/Actor_05/03-01-04-01-01-02-05.wav,03-01-04-01-01-02-05.wav,sad,04,5,male,normal,1,Kids are talking by the door,2,speech,audio_only,48000.0,174574.0,3.6369583333333333,0.0012513782130554318
/Users/devanshbansal/Desktop/ser/dataset/Audio_Speech_Actors_01-24/Actor_05/03-01-04-01-02-01-05.wav,03-01-04-01-02-01-05.wav,sad,04,5,male,normal,2,Dogs are sitting by the door,1,speech,audio_only,48000.0,148949.0,3.1031041666666668,0.001302065677009523
/Users/devanshbansal/Desktop/ser/dataset/Audio_Speech_Actors_01-24/Actor_05/03-01-04-01-02-02-05.wav,03-01-04-01-02-02-05.wav,sad,04,5,male,normal,2,Dogs are sitting by the door,2,speech,audio_only,48000.0,177777.0,3.7036875,0.001381016569212079
/Users/devanshbansal/Desktop/ser/dataset/Audio_Speech_Actors_01-24/Actor_05/03-01-04-02-01-01-05.wav,03-01-04-02-01-01-05.wav,sad,04,5,male,strong,1,Kids are talking by the door,1,speech,audio_only,48000.0,169769.0,3.5368541666666666,0.002010809490457177
/Users/devanshbansal/Desktop/ser/dataset/Audio_Speech_Actors_01-24/Actor_05/03-01-04-02-01-02-05.wav,03-01-04-02-01-02-05.wav,sad,04,5,male,strong,1,Kids are talking by the door,2,speech,audio_only,48000.0,156957.0,3.2699375,0.001640280126594007
/Users/devanshbansal/Desktop/ser/dataset/Audio_Speech_Actors_01-24/Actor_05/03-01-04-02-02-01-05.wav,03-01-04-02-02-01-05.wav,sad,04,5,male,strong,2,Dogs are sitting by the door,1,speech,audio_only,48000.0,156956.0,3.2699166666666666,0.0026417355984449387
/Users/devanshbansal/Desktop/ser/dataset/Audio_Speech_Actors_01-24/Actor_05/03-01-04-02-02-02-05.wav,03-01-04-02-02-02-05.wav,sad,04,5,male,strong,2,Dogs are sitting by the door,2,speech,audio_only,48000.0,150551.0,3.1364791666666667,0.0023292354308068752
/Users/devanshbansal/Desktop/ser/dataset/Audio_Speech_Actors_01-24/Actor_05/03-01-05-01-01-01-05.wav,03-01-05-01-01-01-05.wav,angry,05,5,male,normal,1,Kids are talking by the door,1,speech,audio_only,48000.0,185786.0,3.8705416666666665,0.01792161352932453
/Users/devanshbansal/Desktop/ser/dataset/Audio_Speech_Actors_01-24/Actor_05/03-01-05-01-01-02-05.wav,03-01-05-01-01-02-05.wav,angry,05,5,male,normal,1,Kids are talking by the door,2,speech,audio_only,48000.0,182582.0,3.8037916666666667,0.016245080158114433
/Users/devanshbansal/Desktop/ser/dataset/Audio_Speech_Actors_01-24/Actor_05/03-01-05-01-02-01-05.wav,03-01-05-01-02-01-05.wav,angry,05,5,male,normal,2,Dogs are sitting by the door,1,speech,audio_only,48000.0,195395.0,4.070729166666666,0.005303303245455027
/Users/devanshbansal/Desktop/ser/dataset/Audio_Speech_Actors_01-24/Actor_05/03-01-05-01-02-02-05.wav,03-01-05-01-02-02-05.wav,angry,05,5,male,normal,2,Dogs are sitting by the door,2,speech,audio_only,48000.0,211411.0,4.404395833333333,0.008708417415618896
/Users/devanshbansal/Desktop/ser/dataset/Audio_Speech_Actors_01-24/Actor_05/03-01-05-02-01-01-05.wav,03-01-05-02-01-01-05.wav,angry,05,5,male,strong,1,Kids are talking by the door,1,speech,audio_only,48000.0,163363.0,3.403395833333333,0.0693570151925087
/Users/devanshbansal/Desktop/ser/dataset/Audio_Speech_Actors_01-24/Actor_05/03-01-05-02-01-02-05.wav,03-01-05-02-01-02-05.wav,angry,05,5,male,strong,1,Kids are talking by the door,2,speech,audio_only,48000.0,171371.0,3.5702291666666666,0.061369262635707855
/Users/devanshbansal/Desktop/ser/dataset/Audio_Speech_Actors_01-24/Actor_05/03-01-05-02-02-01-05.wav,03-01-05-02-02-01-05.wav,angry,05,5,male,strong,2,Dogs are sitting by the door,1,speech,audio_only,48000.0,174574.0,3.6369583333333333,0.10890958458185196
/Users/devanshbansal/Desktop/ser/dataset/Audio_Speech_Actors_01-24/Actor_05/03-01-05-02-02-02-05.wav,03-01-05-02-02-02-05.wav,angry,05,5,male,strong,2,Dogs are sitting by the door,2,speech,audio_only,48000.0,174575.0,3.636979166666667,0.10995776206254959
/Users/devanshbansal/Desktop/ser/dataset/Audio_Speech_Actors_01-24/Actor_05/03-01-06-01-01-01-05.wav,03-01-06-01-01-01-05.wav,fearful,06,5,male,normal,1,Kids are talking by the door,1,speech,audio_only,48000.0,150551.0,3.1364791666666667,0.005612402688711882
/Users/devanshbansal/Desktop/ser/dataset/Audio_Speech_Actors_01-24/Actor_05/03-01-06-01-01-02-05.wav,03-01-06-01-01-02-05.wav,fearful,06,5,male,normal,1,Kids are talking by the door,2,speech,audio_only,48000.0,161761.0,3.3700208333333332,0.005017938558012247
/Users/devanshbansal/Desktop/ser/dataset/Audio_Speech_Actors_01-24/Actor_05/03-01-06-01-02-01-05.wav,03-01-06-01-02-01-05.wav,fearful,06,5,male,normal,2,Dogs are sitting by the door,1,speech,audio_only,48000.0,150550.0,3.136458333333333,0.0037249296437948942
/Users/devanshbansal/Desktop/ser/dataset/Audio_Speech_Actors_01-24/Actor_05/03-01-06-01-02-02-05.wav,03-01-06-01-02-02-05.wav,fearful,06,5,male,normal,2,Dogs are sitting by the door,2,speech,audio_only,48000.0,147347.0,3.069729166666667,0.008871383965015411
/Users/devanshbansal/Desktop/ser/dataset/Audio_Speech_Actors_01-24/Actor_05/03-01-06-02-01-01-05.wav,03-01-06-02-01-01-05.wav,fearful,06,5,male,strong,1,Kids are talking by the door,1,speech,audio_only,48000.0,155355.0,3.2365625,0.034128982573747635
/Users/devanshbansal/Desktop/ser/dataset/Audio_Speech_Actors_01-24/Actor_05/03-01-06-02-01-02-05.wav,03-01-06-02-01-02-05.wav,fearful,06,5,male,strong,1,Kids are talking by the door,2,speech,audio_only,48000.0,171371.0,3.5702291666666666,0.030963344499468803
/Users/devanshbansal/Desktop/ser/dataset/Audio_Speech_Actors_01-24/Actor_05/03-01-06-02-02-01-05.wav,03-01-06-02-02-01-05.wav,fearful,06,5,male,strong,2,Dogs are sitting by the door,1,speech,audio_only,48000.0,155355.0,3.2365625,0.03476673737168312
/Users/devanshbansal/Desktop/ser/dataset/Audio_Speech_Actors_01-24/Actor_05/03-01-06-02-02-02-05.wav,03-01-06-02-02-02-05.wav,fearful,06,5,male,strong,2,Dogs are sitting by the door,2,speech,audio_only,48000.0,148949.0,3.1031041666666668,0.031586434692144394
/Users/devanshbansal/Desktop/ser/dataset/Audio_Speech_Actors_01-24/Actor_05/03-01-07-01-01-01-05.wav,03-01-07-01-01-01-05.wav,disgust,07,5,male,normal,1,Kids are talking by the door,1,speech,audio_only,48000.0,208208.0,4.337666666666666,0.0018659356283023953
/Users/devanshbansal/Desktop/ser/dataset/Audio_Speech_Actors_01-24/Actor_05/03-01-07-01-01-02-05.wav,03-01-07-01-01-02-05.wav,disgust,07,5,male,normal,1,Kids are talking by the door,2,speech,audio_only,48000.0,196997.0,4.104104166666667,0.0033317138440907
/Users/devanshbansal/Desktop/ser/dataset/Audio_Speech_Actors_01-24/Actor_05/03-01-07-01-02-01-05.wav,03-01-07-01-02-01-05.wav,disgust,07,5,male,normal,2,Dogs are sitting by the door,1,speech,audio_only,48000.0,187387.0,3.9038958333333333,0.0025037862360477448
/Users/devanshbansal/Desktop/ser/dataset/Audio_Speech_Actors_01-24/Actor_05/03-01-07-01-02-02-05.wav,03-01-07-01-02-02-05.wav,disgust,07,5,male,normal,2,Dogs are sitting by the door,2,speech,audio_only,48000.0,179379.0,3.7370625,0.005020431242883205
/Users/devanshbansal/Desktop/ser/dataset/Audio_Speech_Actors_01-24/Actor_05/03-01-07-02-01-01-05.wav,03-01-07-02-01-01-05.wav,disgust,07,5,male,strong,1,Kids are talking by the door,1,speech,audio_only,48000.0,208208.0,4.337666666666666,0.003189235692843795
/Users/devanshbansal/Desktop/ser/dataset/Audio_Speech_Actors_01-24/Actor_05/03-01-07-02-01-02-05.wav,03-01-07-02-01-02-05.wav,disgust,07,5,male,strong,1,Kids are talking by the door,2,speech,audio_only,48000.0,187387.0,3.9038958333333333,0.007260114885866642
/Users/devanshbansal/Desktop/ser/dataset/Audio_Speech_Actors_01-24/Actor_05/03-01-07-02-02-01-05.wav,03-01-07-02-02-01-05.wav,disgust,07,5,male,strong,2,Dogs are sitting by the door,1,speech,audio_only,48000.0,205005.0,4.2709375,0.008295077830553055
/Users/devanshbansal/Desktop/ser/dataset/Audio_Speech_Actors_01-24/Actor_05/03-01-07-02-02-02-05.wav,03-01-07-02-02-02-05.wav,disgust,07,5,male,strong,2,Dogs are sitting by the door,2,speech,audio_only,48000.0,217818.0,4.537875,0.004235061816871166
/Users/devanshbansal/Desktop/ser/dataset/Audio_Speech_Actors_01-24/Actor_05/03-01-08-01-01-01-05.wav,03-01-08-01-01-01-05.wav,surprised,08,5,male,normal,1,Kids are talking by the door,1,speech,audio_only,48000.0,179379.0,3.7370625,0.006356853060424328
/Users/devanshbansal/Desktop/ser/dataset/Audio_Speech_Actors_01-24/Actor_05/03-01-08-01-01-02-05.wav,03-01-08-01-01-02-05.wav,surprised,08,5,male,normal,1,Kids are talking by the door,2,speech,audio_only,48000.0,176176.0,3.6703333333333332,0.007953901775181293
/Users/devanshbansal/Desktop/ser/dataset/Audio_Speech_Actors_01-24/Actor_05/03-01-08-01-02-01-05.wav,03-01-08-01-02-01-05.wav,surprised,08,5,male,normal,2,Dogs are sitting by the door,1,speech,audio_only,48000.0,147347.0,3.069729166666667,0.00633253762498498
/Users/devanshbansal/Desktop/ser/dataset/Audio_Speech_Actors_01-24/Actor_05/03-01-08-01-02-02-05.wav,03-01-08-01-02-02-05.wav,surprised,08,5,male,normal,2,Dogs are sitting by the door,2,speech,audio_only,48000.0,177777.0,3.7036875,0.008925553411245346
/Users/devanshbansal/Desktop/ser/dataset/Audio_Speech_Actors_01-24/Actor_05/03-01-08-02-01-01-05.wav,03-01-08-02-01-01-05.wav,surprised,08,5,male,strong,1,Kids are talking by the door,1,speech,audio_only,48000.0,198599.0,4.137479166666667,0.00671754777431488
/Users/devanshbansal/Desktop/ser/dataset/Audio_Speech_Actors_01-24/Actor_05/03-01-08-02-01-02-05.wav,03-01-08-02-01-02-05.wav,surprised,08,5,male,strong,1,Kids are talking by the door,2,speech,audio_only,48000.0,196997.0,4.104104166666667,0.009921318851411343
/Users/devanshbansal/Desktop/ser/dataset/Audio_Speech_Actors_01-24/Actor_05/03-01-08-02-02-01-05.wav,03-01-08-02-02-01-05.wav,surprised,08,5,male,strong,2,Dogs are sitting by the door,1,speech,audio_only,48000.0,176176.0,3.6703333333333332,0.012570726685225964
/Users/devanshbansal/Desktop/ser/dataset/Audio_Speech_Actors_01-24/Actor_05/03-01-08-02-02-02-05.wav,03-01-08-02-02-02-05.wav,surprised,08,5,male,strong,2,Dogs are sitting by the door,2,speech,audio_only,48000.0,169770.0,3.536875,0.011768968775868416
/Users/devanshbansal/Desktop/ser/dataset/Audio_Speech_Actors_01-24/Actor_06/03-01-01-01-01-01-06.wav,03-01-01-01-01-01-06.wav,calm,01,6,female,normal,1,Kids are talking by the door,1,speech,audio_only,48000.0,160160.0,3.3366666666666664,0.0027577008586376905
/Users/devanshbansal/Desktop/ser/dataset/Audio_Speech_Actors_01-24/Actor_06/03-01-01-01-01-02-06.wav,03-01-01-01-01-02-06.wav,calm,01,6,female,normal,1,Kids are talking by the door,2,speech,audio_only,48000.0,172973.0,3.6036041666666665,0.0032960616517812014
/Users/devanshbansal/Desktop/ser/dataset/Audio_Speech_Actors_01-24/Actor_06/03-01-01-01-02-01-06.wav,03-01-01-01-02-01-06.wav,calm,01,6,female,normal,2,Dogs are sitting by the door,1,speech,audio_only,48000.0,163363.0,3.403395833333333,0.0037748978938907385
/Users/devanshbansal/Desktop/ser/dataset/Audio_Speech_Actors_01-24/Actor_06/03-01-01-01-02-02-06.wav,03-01-01-01-02-02-06.wav,calm,01,6,female,normal,2,Dogs are sitting by the door,2,speech,audio_only,48000.0,164965.0,3.4367708333333336,0.0035258729476481676
/Users/devanshbansal/Desktop/ser/dataset/Audio_Speech_Actors_01-24/Actor_06/03-01-02-01-01-01-06.wav,03-01-02-01-01-01-06.wav,calm,02,6,female,normal,1,Kids are talking by the door,1,speech,audio_only,48000.0,193793.0,4.037354166666667,0.0014560900162905455
/Users/devanshbansal/Desktop/ser/dataset/Audio_Speech_Actors_01-24/Actor_06/03-01-02-01-01-02-06.wav,03-01-02-01-01-02-06.wav,calm,02,6,female,normal,1,Kids are talking by the door,2,speech,audio_only,48000.0,196997.0,4.104104166666667,0.0014166621258482337
/Users/devanshbansal/Desktop/ser/dataset/Audio_Speech_Actors_01-24/Actor_06/03-01-02-01-02-01-06.wav,03-01-02-01-02-01-06.wav,calm,02,6,female,normal,2,Dogs are sitting by the door,1,speech,audio_only,48000.0,190590.0,3.970625,0.0020237169228494167
/Users/devanshbansal/Desktop/ser/dataset/Audio_Speech_Actors_01-24/Actor_06/03-01-02-01-02-02-06.wav,03-01-02-01-02-02-06.wav,calm,02,6,female,normal,2,Dogs are sitting by the door,2,speech,audio_only,48000.0,201801.0,4.2041875,0.00328353070653975
/Users/devanshbansal/Desktop/ser/dataset/Audio_Speech_Actors_01-24/Actor_06/03-01-02-02-01-01-06.wav,03-01-02-02-01-01-06.wav,calm,02,6,female,strong,1,Kids are talking by the door,1,speech,audio_only,48000.0,216216.0,4.5045,0.0018589141545817256
/Users/devanshbansal/Desktop/ser/dataset/Audio_Speech_Actors_01-24/Actor_06/03-01-02-02-01-02-06.wav,03-01-02-02-01-02-06.wav,calm,02,6,female,strong,1,Kids are talking by the door,2,speech,audio_only,48000.0,222623.0,4.637979166666667,0.0016553554451093078
/Users/devanshbansal/Desktop/ser/dataset/Audio_Speech_Actors_01-24/Actor_06/03-01-02-02-02-01-06.wav,03-01-02-02-02-01-06.wav,calm,02,6,female,strong,2,Dogs are sitting by the door,1,speech,audio_only,48000.0,208208.0,4.337666666666666,0.002555586164817214
/Users/devanshbansal/Desktop/ser/dataset/Audio_Speech_Actors_01-24/Actor_06/03-01-02-02-02-02-06.wav,03-01-02-02-02-02-06.wav,calm,02,6,female,strong,2,Dogs are sitting by the door,2,speech,audio_only,48000.0,229029.0,4.7714375,0.0016715232050046325
/Users/devanshbansal/Desktop/ser/dataset/Audio_Speech_Actors_01-24/Actor_06/03-01-03-01-01-01-06.wav,03-01-03-01-01-01-06.wav,happy,03,6,female,normal,1,Kids are talking by the door,1,speech,audio_only,48000.0,169769.0,3.5368541666666666,0.006207878701388836
/Users/devanshbansal/Desktop/ser/dataset/Audio_Speech_Actors_01-24/Actor_06/03-01-03-01-01-02-06.wav,03-01-03-01-01-02-06.wav,happy,03,6,female,normal,1,Kids are talking by the door,2,speech,audio_only,48000.0,172973.0,3.6036041666666665,0.008748598396778107
/Users/devanshbansal/Desktop/ser/dataset/Audio_Speech_Actors_01-24/Actor_06/03-01-03-01-02-01-06.wav,03-01-03-01-02-01-06.wav,happy,03,6,female,normal,2,Dogs are sitting by the door,1,speech,audio_only,48000.0,166566.0,3.470125,0.006139961536973715
/Users/devanshbansal/Desktop/ser/dataset/Audio_Speech_Actors_01-24/Actor_06/03-01-03-01-02-02-06.wav,03-01-03-01-02-02-06.wav,happy,03,6,female,normal,2,Dogs are sitting by the door,2,speech,audio_only,48000.0,164965.0,3.4367708333333336,0.008459808304905891
/Users/devanshbansal/Desktop/ser/dataset/Audio_Speech_Actors_01-24/Actor_06/03-01-03-02-01-01-06.wav,03-01-03-02-01-01-06.wav,happy,03,6,female,strong,1,Kids are talking by the door,1,speech,audio_only,48000.0,168168.0,3.5035,0.04557773470878601
/Users/devanshbansal/Desktop/ser/dataset/Audio_Speech_Actors_01-24/Actor_06/03-01-03-02-01-02-06.wav,03-01-03-02-01-02-06.wav,happy,03,6,female,strong,1,Kids are talking by the door,2,speech,audio_only,48000.0,166566.0,3.470125,0.04095487669110298
/Users/devanshbansal/Desktop/ser/dataset/Audio_Speech_Actors_01-24/Actor_06/03-01-03-02-02-01-06.wav,03-01-03-02-02-01-06.wav,happy,03,6,female,strong,2,Dogs are sitting by the door,1,speech,audio_only,48000.0,171371.0,3.5702291666666666,0.04103961959481239
/Users/devanshbansal/Desktop/ser/dataset/Audio_Speech_Actors_01-24/Actor_06/03-01-03-02-02-02-06.wav,03-01-03-02-02-02-06.wav,happy,03,6,female,strong,2,Dogs are sitting by the door,2,speech,audio_only,48000.0,172972.0,3.6035833333333334,0.04865673556923866
/Users/devanshbansal/Desktop/ser/dataset/Audio_Speech_Actors_01-24/Actor_06/03-01-04-01-01-01-06.wav,03-01-04-01-01-01-06.wav,sad,04,6,female,normal,1,Kids are talking by the door,1,speech,audio_only,48000.0,171371.0,3.5702291666666666,0.0016142965760082006
/Users/devanshbansal/Desktop/ser/dataset/Audio_Speech_Actors_01-24/Actor_06/03-01-04-01-01-02-06.wav,03-01-04-01-01-02-06.wav,sad,04,6,female,normal,1,Kids are talking by the door,2,speech,audio_only,48000.0,172973.0,3.6036041666666665,0.0016966984840109944
/Users/devanshbansal/Desktop/ser/dataset/Audio_Speech_Actors_01-24/Actor_06/03-01-04-01-02-01-06.wav,03-01-04-01-02-01-06.wav,sad,04,6,female,normal,2,Dogs are sitting by the door,1,speech,audio_only,48000.0,166567.0,3.4701458333333335,0.0033933157101273537
/Users/devanshbansal/Desktop/ser/dataset/Audio_Speech_Actors_01-24/Actor_06/03-01-04-01-02-02-06.wav,03-01-04-01-02-02-06.wav,sad,04,6,female,normal,2,Dogs are sitting by the door,2,speech,audio_only,48000.0,164965.0,3.4367708333333336,0.0024977533612400293
/Users/devanshbansal/Desktop/ser/dataset/Audio_Speech_Actors_01-24/Actor_06/03-01-04-02-01-01-06.wav,03-01-04-02-01-01-06.wav,sad,04,6,female,strong,1,Kids are talking by the door,1,speech,audio_only,48000.0,201801.0,4.2041875,0.017506560310721397
/Users/devanshbansal/Desktop/ser/dataset/Audio_Speech_Actors_01-24/Actor_06/03-01-04-02-01-02-06.wav,03-01-04-02-01-02-06.wav,sad,04,6,female,strong,1,Kids are talking by the door,2,speech,audio_only,48000.0,196997.0,4.104104166666667,0.0020246568601578474
/Users/devanshbansal/Desktop/ser/dataset/Audio_Speech_Actors_01-24/Actor_06/03-01-04-02-02-01-06.wav,03-01-04-02-02-01-06.wav,sad,04,6,female,strong,2,Dogs are sitting by the door,1,speech,audio_only,48000.0,221020.0,4.604583333333333,0.015362316742539406
/Users/devanshbansal/Desktop/ser/dataset/Audio_Speech_Actors_01-24/Actor_06/03-01-04-02-02-02-06.wav,03-01-04-02-02-02-06.wav,sad,04,6,female,strong,2,Dogs are sitting by the door,2,speech,audio_only,48000.0,193793.0,4.037354166666667,0.007730214856564999
/Users/devanshbansal/Desktop/ser/dataset/Audio_Speech_Actors_01-24/Actor_06/03-01-05-01-01-01-06.wav,03-01-05-01-01-01-06.wav,angry,05,6,female,normal,1,Kids are talking by the door,1,speech,audio_only,48000.0,180981.0,3.7704375,0.006148875690996647
/Users/devanshbansal/Desktop/ser/dataset/Audio_Speech_Actors_01-24/Actor_06/03-01-05-01-01-02-06.wav,03-01-05-01-01-02-06.wav,angry,05,6,female,normal,1,Kids are talking by the door,2,speech,audio_only,48000.0,190590.0,3.970625,0.006738987285643816
/Users/devanshbansal/Desktop/ser/dataset/Audio_Speech_Actors_01-24/Actor_06/03-01-05-01-02-01-06.wav,03-01-05-01-02-01-06.wav,angry,05,6,female,normal,2,Dogs are sitting by the door,1,speech,audio_only,48000.0,201801.0,4.2041875,0.010054240934550762
/Users/devanshbansal/Desktop/ser/dataset/Audio_Speech_Actors_01-24/Actor_06/03-01-05-01-02-02-06.wav,03-01-05-01-02-02-06.wav,angry,05,6,female,normal,2,Dogs are sitting by the door,2,speech,audio_only,48000.0,187387.0,3.9038958333333333,0.013504681177437305
/Users/devanshbansal/Desktop/ser/dataset/Audio_Speech_Actors_01-24/Actor_06/03-01-05-02-01-01-06.wav,03-01-05-02-01-01-06.wav,angry,05,6,female,strong,1,Kids are talking by the door,1,speech,audio_only,48000.0,196997.0,4.104104166666667,0.11660802364349365
/Users/devanshbansal/Desktop/ser/dataset/Audio_Speech_Actors_01-24/Actor_06/03-01-05-02-01-02-06.wav,03-01-05-02-01-02-06.wav,angry,05,6,female,strong,1,Kids are talking by the door,2,speech,audio_only,48000.0,201801.0,4.2041875,0.1047716736793518
/Users/devanshbansal/Desktop/ser/dataset/Audio_Speech_Actors_01-24/Actor_06/03-01-05-02-02-01-06.wav,03-01-05-02-02-01-06.wav,angry,05,6,female,strong,2,Dogs are sitting by the door,1,speech,audio_only,48000.0,213013.0,4.437770833333333,0.09145084768533707
/Users/devanshbansal/Desktop/ser/dataset/Audio_Speech_Actors_01-24/Actor_06/03-01-05-02-02-02-06.wav,03-01-05-02-02-02-06.wav,angry,05,6,female,strong,2,Dogs are sitting by the door,2,speech,audio_only,48000.0,214614.0,4.471125,0.08801264315843582
/Users/devanshbansal/Desktop/ser/dataset/Audio_Speech_Actors_01-24/Actor_06/03-01-06-01-01-01-06.wav,03-01-06-01-01-01-06.wav,fearful,06,6,female,normal,1,Kids are talking by the door,1,speech,audio_only,48000.0,174574.0,3.6369583333333333,0.0036753080785274506
/Users/devanshbansal/Desktop/ser/dataset/Audio_Speech_Actors_01-24/Actor_06/03-01-06-01-01-02-06.wav,03-01-06-01-01-02-06.wav,fearful,06,6,female,normal,1,Kids are talking by the door,2,speech,audio_only,48000.0,164965.0,3.4367708333333336,0.003777820151299238
/Users/devanshbansal/Desktop/ser/dataset/Audio_Speech_Actors_01-24/Actor_06/03-01-06-01-02-01-06.wav,03-01-06-01-02-01-06.wav,fearful,06,6,female,normal,2,Dogs are sitting by the door,1,speech,audio_only,48000.0,171372.0,3.57025,0.005228481721132994
/Users/devanshbansal/Desktop/ser/dataset/Audio_Speech_Actors_01-24/Actor_06/03-01-06-01-02-02-06.wav,03-01-06-01-02-02-06.wav,fearful,06,6,female,normal,2,Dogs are sitting by the door,2,speech,audio_only,48000.0,168168.0,3.5035,0.005127520766109228
/Users/devanshbansal/Desktop/ser/dataset/Audio_Speech_Actors_01-24/Actor_06/03-01-06-02-01-01-06.wav,03-01-06-02-01-01-06.wav,fearful,06,6,female,strong,1,Kids are talking by the door,1,speech,audio_only,48000.0,174575.0,3.636979166666667,0.09723203629255295
/Users/devanshbansal/Desktop/ser/dataset/Audio_Speech_Actors_01-24/Actor_06/03-01-06-02-01-02-06.wav,03-01-06-02-01-02-06.wav,fearful,06,6,female,strong,1,Kids are talking by the door,2,speech,audio_only,48000.0,172973.0,3.6036041666666665,0.08810877799987793
/Users/devanshbansal/Desktop/ser/dataset/Audio_Speech_Actors_01-24/Actor_06/03-01-06-02-02-01-06.wav,03-01-06-02-02-01-06.wav,fearful,06,6,female,strong,2,Dogs are sitting by the door,1,speech,audio_only,48000.0,179379.0,3.7370625,0.061171144247055054
/Users/devanshbansal/Desktop/ser/dataset/Audio_Speech_Actors_01-24/Actor_06/03-01-06-02-02-02-06.wav,03-01-06-02-02-02-06.wav,fearful,06,6,female,strong,2,Dogs are sitting by the door,2,speech,audio_only,48000.0,179379.0,3.7370625,0.12123069912195206
/Users/devanshbansal/Desktop/ser/dataset/Audio_Speech_Actors_01-24/Actor_06/03-01-07-01-01-01-06.wav,03-01-07-01-01-01-06.wav,disgust,07,6,female,normal,1,Kids are talking by the door,1,speech,audio_only,48000.0,168168.0,3.5035,0.00157252699136734
/Users/devanshbansal/Desktop/ser/dataset/Audio_Speech_Actors_01-24/Actor_06/03-01-07-01-01-02-06.wav,03-01-07-01-01-02-06.wav,disgust,07,6,female,normal,1,Kids are talking by the door,2,speech,audio_only,48000.0,205005.0,4.2709375,0.0012776225339621305
/Users/devanshbansal/Desktop/ser/dataset/Audio_Speech_Actors_01-24/Actor_06/03-01-07-01-02-01-06.wav,03-01-07-01-02-01-06.wav,disgust,07,6,female,normal,2,Dogs are sitting by the door,1,speech,audio_only,48000.0,179379.0,3.7370625,0.0018795925425365567
/Users/devanshbansal/Desktop/ser/dataset/Audio_Speech_Actors_01-24/Actor_06/03-01-07-01-02-02-06.wav,03-01-07-01-02-02-06.wav,disgust,07,6,female,normal,2,Dogs are sitting by the door,2,speech,audio_only,48000.0,188989.0,3.9372708333333333,0.00198218016885221
/Users/devanshbansal/Desktop/ser/dataset/Audio_Speech_Actors_01-24/Actor_06/03-01-07-02-01-01-06.wav,03-01-07-02-01-01-06.wav,disgust,07,6,female,strong,1,Kids are talking by the door,1,speech,audio_only,48000.0,206607.0,4.3043125,0.01172851026058197
/Users/devanshbansal/Desktop/ser/dataset/Audio_Speech_Actors_01-24/Actor_06/03-01-07-02-01-02-06.wav,03-01-07-02-01-02-06.wav,disgust,07,6,female,strong,1,Kids are talking by the door,2,speech,audio_only,48000.0,188989.0,3.9372708333333333,0.005454870872199535
/Users/devanshbansal/Desktop/ser/dataset/Audio_Speech_Actors_01-24/Actor_06/03-01-07-02-02-01-06.wav,03-01-07-02-02-01-06.wav,disgust,07,6,female,strong,2,Dogs are sitting by the door,1,speech,audio_only,48000.0,193793.0,4.037354166666667,0.008344325236976147
/Users/devanshbansal/Desktop/ser/dataset/Audio_Speech_Actors_01-24/Actor_06/03-01-07-02-02-02-06.wav,03-01-07-02-02-02-06.wav,disgust,07,6,female,strong,2,Dogs are sitting by the door,2,speech,audio_only,48000.0,190590.0,3.970625,0.005876382812857628
/Users/devanshbansal/Desktop/ser/dataset/Audio_Speech_Actors_01-24/Actor_06/03-01-08-01-01-01-06.wav,03-01-08-01-01-01-06.wav,surprised,08,6,female,normal,1,Kids are talking by the door,1,speech,audio_only,48000.0,155355.0,3.2365625,0.003037702525034547
/Users/devanshbansal/Desktop/ser/dataset/Audio_Speech_Actors_01-24/Actor_06/03-01-08-01-01-02-06.wav,03-01-08-01-01-02-06.wav,surprised,08,6,female,normal,1,Kids are talking by the door,2,speech,audio_only,48000.0,155355.0,3.2365625,0.004094989970326424
/Users/devanshbansal/Desktop/ser/dataset/Audio_Speech_Actors_01-24/Actor_06/03-01-08-01-02-01-06.wav,03-01-08-01-02-01-06.wav,surprised,08,6,female,normal,2,Dogs are sitting by the door,1,speech,audio_only,48000.0,153754.0,3.2032083333333334,0.004552708473056555
/Users/devanshbansal/Desktop/ser/dataset/Audio_Speech_Actors_01-24/Actor_06/03-01-08-01-02-02-06.wav,03-01-08-01-02-02-06.wav,surprised,08,6,female,normal,2,Dogs are sitting by the door,2,speech,audio_only,48000.0,150550.0,3.136458333333333,0.004068056121468544
/Users/devanshbansal/Desktop/ser/dataset/Audio_Speech_Actors_01-24/Actor_06/03-01-08-02-01-01-06.wav,03-01-08-02-01-01-06.wav,surprised,08,6,female,strong,1,Kids are talking by the door,1,speech,audio_only,48000.0,155355.0,3.2365625,0.0035899460781365633
/Users/devanshbansal/Desktop/ser/dataset/Audio_Speech_Actors_01-24/Actor_06/03-01-08-02-01-02-06.wav,03-01-08-02-01-02-06.wav,surprised,08,6,female,strong,1,Kids are talking by the door,2,speech,audio_only,48000.0,161762.0,3.370041666666667,0.01245188433676958
/Users/devanshbansal/Desktop/ser/dataset/Audio_Speech_Actors_01-24/Actor_06/03-01-08-02-02-01-06.wav,03-01-08-02-02-01-06.wav,surprised,08,6,female,strong,2,Dogs are sitting by the door,1,speech,audio_only,48000.0,158559.0,3.3033125,0.012186532840132713
/Users/devanshbansal/Desktop/ser/dataset/Audio_Speech_Actors_01-24/Actor_06/03-01-08-02-02-02-06.wav,03-01-08-02-02-02-06.wav,surprised,08,6,female,strong,2,Dogs are sitting by the door,2,speech,audio_only,48000.0,153754.0,3.2032083333333334,0.013027753680944443
/Users/devanshbansal/Desktop/ser/dataset/Audio_Speech_Actors_01-24/Actor_07/03-01-01-01-01-01-07.wav,03-01-01-01-01-01-07.wav,calm,01,7,male,normal,1,Kids are talking by the door,1,speech,audio_only,48000.0,187388.0,3.9039166666666665,0.0042889053001999855
/Users/devanshbansal/Desktop/ser/dataset/Audio_Speech_Actors_01-24/Actor_07/03-01-01-01-01-02-07.wav,03-01-01-01-01-02-07.wav,calm,01,7,male,normal,1,Kids are talking by the door,2,speech,audio_only,48000.0,182583.0,3.8038125,0.004544994793832302
/Users/devanshbansal/Desktop/ser/dataset/Audio_Speech_Actors_01-24/Actor_07/03-01-01-01-02-01-07.wav,03-01-01-01-02-01-07.wav,calm,01,7,male,normal,2,Dogs are sitting by the door,1,speech,audio_only,48000.0,198598.0,4.137458333333333,0.005073009990155697
/Users/devanshbansal/Desktop/ser/dataset/Audio_Speech_Actors_01-24/Actor_07/03-01-01-01-02-02-07.wav,03-01-01-01-02-02-07.wav,calm,01,7,male,normal,2,Dogs are sitting by the door,2,speech,audio_only,48000.0,179379.0,3.7370625,0.0039884177967906
/Users/devanshbansal/Desktop/ser/dataset/Audio_Speech_Actors_01-24/Actor_07/03-01-02-01-01-01-07.wav,03-01-02-01-01-01-07.wav,calm,02,7,male,normal,1,Kids are talking by the door,1,speech,audio_only,48000.0,166566.0,3.470125,0.0030473563820123672
/Users/devanshbansal/Desktop/ser/dataset/Audio_Speech_Actors_01-24/Actor_07/03-01-02-01-01-02-07.wav,03-01-02-01-01-02-07.wav,calm,02,7,male,normal,1,Kids are talking by the door,2,speech,audio_only,48000.0,179379.0,3.7370625,0.0025482953060418367
/Users/devanshbansal/Desktop/ser/dataset/Audio_Speech_Actors_01-24/Actor_07/03-01-02-01-02-01-07.wav,03-01-02-01-02-01-07.wav,calm,02,7,male,normal,2,Dogs are sitting by the door,1,speech,audio_only,48000.0,168168.0,3.5035,0.0028527381364256144
/Users/devanshbansal/Desktop/ser/dataset/Audio_Speech_Actors_01-24/Actor_07/03-01-02-01-02-02-07.wav,03-01-02-01-02-02-07.wav,calm,02,7,male,normal,2,Dogs are sitting by the door,2,speech,audio_only,48000.0,169770.0,3.536875,0.0031075619626790285
/Users/devanshbansal/Desktop/ser/dataset/Audio_Speech_Actors_01-24/Actor_07/03-01-02-02-01-01-07.wav,03-01-02-02-01-01-07.wav,calm,02,7,male,strong,1,Kids are talking by the door,1,speech,audio_only,48000.0,192192.0,4.004,0.0025348190683871508
/Users/devanshbansal/Desktop/ser/dataset/Audio_Speech_Actors_01-24/Actor_07/03-01-02-02-01-02-07.wav,03-01-02-02-01-02-07.wav,calm,02,7,male,strong,1,Kids are talking by the door,2,speech,audio_only,48000.0,185786.0,3.8705416666666665,0.002889123745262623
/Users/devanshbansal/Desktop/ser/dataset/Audio_Speech_Actors_01-24/Actor_07/03-01-02-02-02-01-07.wav,03-01-02-02-02-01-07.wav,calm,02,7,male,strong,2,Dogs are sitting by the door,1,speech,audio_only,48000.0,205005.0,4.2709375,0.003611007472500205
/Users/devanshbansal/Desktop/ser/dataset/Audio_Speech_Actors_01-24/Actor_07/03-01-02-02-02-02-07.wav,03-01-02-02-02-02-07.wav,calm,02,7,male,strong,2,Dogs are sitting by the door,2,speech,audio_only,48000.0,196997.0,4.104104166666667,0.0026937415823340416
/Users/devanshbansal/Desktop/ser/dataset/Audio_Speech_Actors_01-24/Actor_07/03-01-03-01-01-01-07.wav,03-01-03-01-01-01-07.wav,happy,03,7,male,normal,1,Kids are talking by the door,1,speech,audio_only,48000.0,168168.0,3.5035,0.003209345042705536
/Users/devanshbansal/Desktop/ser/dataset/Audio_Speech_Actors_01-24/Actor_07/03-01-03-01-01-02-07.wav,03-01-03-01-01-02-07.wav,happy,03,7,male,normal,1,Kids are talking by the door,2,speech,audio_only,48000.0,166566.0,3.470125,0.0056447978131473064
/Users/devanshbansal/Desktop/ser/dataset/Audio_Speech_Actors_01-24/Actor_07/03-01-03-01-02-01-07.wav,03-01-03-01-02-01-07.wav,happy,03,7,male,normal,2,Dogs are sitting by the door,1,speech,audio_only,48000.0,163363.0,3.403395833333333,0.006792847998440266
/Users/devanshbansal/Desktop/ser/dataset/Audio_Speech_Actors_01-24/Actor_07/03-01-03-01-02-02-07.wav,03-01-03-01-02-02-07.wav,happy,03,7,male,normal,2,Dogs are sitting by the door,2,speech,audio_only,48000.0,163363.0,3.403395833333333,0.006792847998440266
/Users/devanshbansal/Desktop/ser/dataset/Audio_Speech_Actors_01-24/Actor_07/03-01-03-02-01-01-07.wav,03-01-03-02-01-01-07.wav,happy,03,7,male,strong,1,Kids are talking by the door,1,speech,audio_only,48000.0,196997.0,4.104104166666667,0.023535894230008125
/Users/devanshbansal/Desktop/ser/dataset/Audio_Speech_Actors_01-24/Actor_07/03-01-03-02-01-02-07.wav,03-01-03-02-01-02-07.wav,happy,03,7,male,strong,1,Kids are talking by the door,2,speech,audio_only,48000.0,193793.0,4.037354166666667,0.028430139645934105
/Users/devanshbansal/Desktop/ser/dataset/Audio_Speech_Actors_01-24/Actor_07/03-01-03-02-02-01-07.wav,03-01-03-02-02-01-07.wav,happy,03,7,male,strong,2,Dogs are sitting by the door,1,speech,audio_only,48000.0,193794.0,4.037375,0.020150430500507355
/Users/devanshbansal/Desktop/ser/dataset/Audio_Speech_Actors_01-24/Actor_07/03-01-03-02-02-02-07.wav,03-01-03-02-02-02-07.wav,happy,03,7,male,strong,2,Dogs are sitting by the door,2,speech,audio_only,48000.0,184184.0,3.8371666666666666,0.034802041947841644
/Users/devanshbansal/Desktop/ser/dataset/Audio_Speech_Actors_01-24/Actor_07/03-01-04-01-01-01-07.wav,03-01-04-01-01-01-07.wav,sad,04,7,male,normal,1,Kids are talking by the door,1,speech,audio_only,48000.0,169770.0,3.536875,0.002606827998533845
/Users/devanshbansal/Desktop/ser/dataset/Audio_Speech_Actors_01-24/Actor_07/03-01-04-01-01-02-07.wav,03-01-04-01-01-02-07.wav,sad,04,7,male,normal,1,Kids are talking by the door,2,speech,audio_only,48000.0,172972.0,3.6035833333333334,0.002925121458247304
/Users/devanshbansal/Desktop/ser/dataset/Audio_Speech_Actors_01-24/Actor_07/03-01-04-01-02-01-07.wav,03-01-04-01-02-01-07.wav,sad,04,7,male,normal,2,Dogs are sitting by the door,1,speech,audio_only,48000.0,169770.0,3.536875,0.0028611603192985058
/Users/devanshbansal/Desktop/ser/dataset/Audio_Speech_Actors_01-24/Actor_07/03-01-04-01-02-02-07.wav,03-01-04-01-02-02-07.wav,sad,04,7,male,normal,2,Dogs are sitting by the door,2,speech,audio_only,48000.0,185785.0,3.8705208333333334,0.006022246088832617
/Users/devanshbansal/Desktop/ser/dataset/Audio_Speech_Actors_01-24/Actor_07/03-01-04-02-01-01-07.wav,03-01-04-02-01-01-07.wav,sad,04,7,male,strong,1,Kids are talking by the door,1,speech,audio_only,48000.0,188988.0,3.93725,0.006059740670025349
/Users/devanshbansal/Desktop/ser/dataset/Audio_Speech_Actors_01-24/Actor_07/03-01-04-02-01-02-07.wav,03-01-04-02-01-02-07.wav,sad,04,7,male,strong,1,Kids are talking by the door,2,speech,audio_only,48000.0,184184.0,3.8371666666666666,0.00665759714320302
/Users/devanshbansal/Desktop/ser/dataset/Audio_Speech_Actors_01-24/Actor_07/03-01-04-02-02-01-07.wav,03-01-04-02-02-01-07.wav,sad,04,7,male,strong,2,Dogs are sitting by the door,1,speech,audio_only,48000.0,174575.0,3.636979166666667,0.011052499525249004
/Users/devanshbansal/Desktop/ser/dataset/Audio_Speech_Actors_01-24/Actor_07/03-01-04-02-02-02-07.wav,03-01-04-02-02-02-07.wav,sad,04,7,male,strong,2,Dogs are sitting by the door,2,speech,audio_only,48000.0,184184.0,3.8371666666666666,0.00873506534844637
/Users/devanshbansal/Desktop/ser/dataset/Audio_Speech_Actors_01-24/Actor_07/03-01-05-01-01-01-07.wav,03-01-05-01-01-01-07.wav,angry,05,7,male,normal,1,Kids are talking by the door,1,speech,audio_only,48000.0,192192.0,4.004,0.020980531349778175
/Users/devanshbansal/Desktop/ser/dataset/Audio_Speech_Actors_01-24/Actor_07/03-01-05-01-01-02-07.wav,03-01-05-01-01-02-07.wav,angry,05,7,male,normal,1,Kids are talking by the door,2,speech,audio_only,48000.0,190591.0,3.970645833333333,0.04808734729886055
/Users/devanshbansal/Desktop/ser/dataset/Audio_Speech_Actors_01-24/Actor_07/03-01-05-01-02-01-07.wav,03-01-05-01-02-01-07.wav,angry,05,7,male,normal,2,Dogs are sitting by the door,1,speech,audio_only,48000.0,192192.0,4.004,0.007521975785493851
/Users/devanshbansal/Desktop/ser/dataset/Audio_Speech_Actors_01-24/Actor_07/03-01-05-01-02-02-07.wav,03-01-05-01-02-02-07.wav,angry,05,7,male,normal,2,Dogs are sitting by the door,2,speech,audio_only,48000.0,192192.0,4.004,0.017897963523864746
/Users/devanshbansal/Desktop/ser/dataset/Audio_Speech_Actors_01-24/Actor_07/03-01-05-02-01-01-07.wav,03-01-05-02-01-01-07.wav,angry,05,7,male,strong,1,Kids are talking by the door,1,speech,audio_only,48000.0,172973.0,3.6036041666666665,0.040667757391929626
/Users/devanshbansal/Desktop/ser/dataset/Audio_Speech_Actors_01-24/Actor_07/03-01-05-02-01-02-07.wav,03-01-05-02-01-02-07.wav,angry,05,7,male,strong,1,Kids are talking by the door,2,speech,audio_only,48000.0,192192.0,4.004,0.08177496492862701
/Users/devanshbansal/Desktop/ser/dataset/Audio_Speech_Actors_01-24/Actor_07/03-01-05-02-02-01-07.wav,03-01-05-02-02-01-07.wav,angry,05,7,male,strong,2,Dogs are sitting by the door,1,speech,audio_only,48000.0,184184.0,3.8371666666666666,0.12028645724058151
/Users/devanshbansal/Desktop/ser/dataset/Audio_Speech_Actors_01-24/Actor_07/03-01-05-02-02-02-07.wav,03-01-05-02-02-02-07.wav,angry,05,7,male,strong,2,Dogs are sitting by the door,2,speech,audio_only,48000.0,208208.0,4.337666666666666,0.09620983153581619
/Users/devanshbansal/Desktop/ser/dataset/Audio_Speech_Actors_01-24/Actor_07/03-01-06-01-01-01-07.wav,03-01-06-01-01-01-07.wav,fearful,06,7,male,normal,1,Kids are talking by the door,1,speech,audio_only,48000.0,164965.0,3.4367708333333336,0.005673830397427082
/Users/devanshbansal/Desktop/ser/dataset/Audio_Speech_Actors_01-24/Actor_07/03-01-06-01-01-02-07.wav,03-01-06-01-01-02-07.wav,fearful,06,7,male,normal,1,Kids are talking by the door,2,speech,audio_only,48000.0,168168.0,3.5035,0.007241956423968077
/Users/devanshbansal/Desktop/ser/dataset/Audio_Speech_Actors_01-24/Actor_07/03-01-06-01-02-01-07.wav,03-01-06-01-02-01-07.wav,fearful,06,7,male,normal,2,Dogs are sitting by the door,1,speech,audio_only,48000.0,164965.0,3.4367708333333336,0.006767896004021168
/Users/devanshbansal/Desktop/ser/dataset/Audio_Speech_Actors_01-24/Actor_07/03-01-06-01-02-02-07.wav,03-01-06-01-02-02-07.wav,fearful,06,7,male,normal,2,Dogs are sitting by the door,2,speech,audio_only,48000.0,161762.0,3.370041666666667,0.006454387214034796
/Users/devanshbansal/Desktop/ser/dataset/Audio_Speech_Actors_01-24/Actor_07/03-01-06-02-01-01-07.wav,03-01-06-02-01-01-07.wav,fearful,06,7,male,strong,1,Kids are talking by the door,1,speech,audio_only,48000.0,174575.0,3.636979166666667,0.03084252029657364
/Users/devanshbansal/Desktop/ser/dataset/Audio_Speech_Actors_01-24/Actor_07/03-01-06-02-01-02-07.wav,03-01-06-02-01-02-07.wav,fearful,06,7,male,strong,1,Kids are talking by the door,2,speech,audio_only,48000.0,166566.0,3.470125,0.022752443328499794
/Users/devanshbansal/Desktop/ser/dataset/Audio_Speech_Actors_01-24/Actor_07/03-01-06-02-02-01-07.wav,03-01-06-02-02-01-07.wav,fearful,06,7,male,strong,2,Dogs are sitting by the door,1,speech,audio_only,48000.0,163363.0,3.403395833333333,0.04643728956580162
/Users/devanshbansal/Desktop/ser/dataset/Audio_Speech_Actors_01-24/Actor_07/03-01-06-02-02-02-07.wav,03-01-06-02-02-02-07.wav,fearful,06,7,male,strong,2,Dogs are sitting by the door,2,speech,audio_only,48000.0,168168.0,3.5035,0.0487305223941803
/Users/devanshbansal/Desktop/ser/dataset/Audio_Speech_Actors_01-24/Actor_07/03-01-07-01-01-01-07.wav,03-01-07-01-01-01-07.wav,disgust,07,7,male,normal,1,Kids are talking by the door,1,speech,audio_only,48000.0,169769.0,3.5368541666666666,0.003542874474078417
/Users/devanshbansal/Desktop/ser/dataset/Audio_Speech_Actors_01-24/Actor_07/03-01-07-01-01-02-07.wav,03-01-07-01-01-02-07.wav,disgust,07,7,male,normal,1,Kids are talking by the door,2,speech,audio_only,48000.0,168168.0,3.5035,0.0042931619100272655
/Users/devanshbansal/Desktop/ser/dataset/Audio_Speech_Actors_01-24/Actor_07/03-01-07-01-02-01-07.wav,03-01-07-01-02-01-07.wav,disgust,07,7,male,normal,2,Dogs are sitting by the door,1,speech,audio_only,48000.0,164965.0,3.4367708333333336,0.0026794499717652798
/Users/devanshbansal/Desktop/ser/dataset/Audio_Speech_Actors_01-24/Actor_07/03-01-07-01-02-02-07.wav,03-01-07-01-02-02-07.wav,disgust,07,7,male,normal,2,Dogs are sitting by the door,2,speech,audio_only,48000.0,169769.0,3.5368541666666666,0.00446441350504756
/Users/devanshbansal/Desktop/ser/dataset/Audio_Speech_Actors_01-24/Actor_07/03-01-07-02-01-01-07.wav,03-01-07-02-01-01-07.wav,disgust,07,7,male,strong,1,Kids are talking by the door,1,speech,audio_only,48000.0,198599.0,4.137479166666667,0.014030923135578632
/Users/devanshbansal/Desktop/ser/dataset/Audio_Speech_Actors_01-24/Actor_07/03-01-07-02-01-02-07.wav,03-01-07-02-01-02-07.wav,disgust,07,7,male,strong,1,Kids are talking by the door,2,speech,audio_only,48000.0,211411.0,4.404395833333333,0.00865115411579609
/Users/devanshbansal/Desktop/ser/dataset/Audio_Speech_Actors_01-24/Actor_07/03-01-07-02-02-01-07.wav,03-01-07-02-02-01-07.wav,disgust,07,7,male,strong,2,Dogs are sitting by the door,1,speech,audio_only,48000.0,198598.0,4.137458333333333,0.009150433354079723
/Users/devanshbansal/Desktop/ser/dataset/Audio_Speech_Actors_01-24/Actor_07/03-01-07-02-02-02-07.wav,03-01-07-02-02-02-07.wav,disgust,07,7,male,strong,2,Dogs are sitting by the door,2,speech,audio_only,48000.0,229028.0,4.771416666666667,0.009570082649588585
/Users/devanshbansal/Desktop/ser/dataset/Audio_Speech_Actors_01-24/Actor_07/03-01-08-01-01-01-07.wav,03-01-08-01-01-01-07.wav,surprised,08,7,male,normal,1,Kids are talking by the door,1,speech,audio_only,48000.0,166566.0,3.470125,0.006619215477257967
/Users/devanshbansal/Desktop/ser/dataset/Audio_Speech_Actors_01-24/Actor_07/03-01-08-01-01-02-07.wav,03-01-08-01-01-02-07.wav,surprised,08,7,male,normal,1,Kids are talking by the door,2,speech,audio_only,48000.0,169770.0,3.536875,0.007870846427977085
/Users/devanshbansal/Desktop/ser/dataset/Audio_Speech_Actors_01-24/Actor_07/03-01-08-01-02-01-07.wav,03-01-08-01-02-01-07.wav,surprised,08,7,male,normal,2,Dogs are sitting by the door,1,speech,audio_only,48000.0,164965.0,3.4367708333333336,0.006794619373977184
/Users/devanshbansal/Desktop/ser/dataset/Audio_Speech_Actors_01-24/Actor_07/03-01-08-01-02-02-07.wav,03-01-08-01-02-02-07.wav,surprised,08,7,male,normal,2,Dogs are sitting by the door,2,speech,audio_only,48000.0,164965.0,3.4367708333333336,0.007520777639001608
/Users/devanshbansal/Desktop/ser/dataset/Audio_Speech_Actors_01-24/Actor_07/03-01-08-02-01-01-07.wav,03-01-08-02-01-01-07.wav,surprised,08,7,male,strong,1,Kids are talking by the door,1,speech,audio_only,48000.0,185786.0,3.8705416666666665,0.02059159055352211
/Users/devanshbansal/Desktop/ser/dataset/Audio_Speech_Actors_01-24/Actor_07/03-01-08-02-01-02-07.wav,03-01-08-02-01-02-07.wav,surprised,08,7,male,strong,1,Kids are talking by the door,2,speech,audio_only,48000.0,174574.0,3.6369583333333333,0.009866627864539623
/Users/devanshbansal/Desktop/ser/dataset/Audio_Speech_Actors_01-24/Actor_07/03-01-08-02-02-01-07.wav,03-01-08-02-02-01-07.wav,surprised,08,7,male,strong,2,Dogs are sitting by the door,1,speech,audio_only,48000.0,164965.0,3.4367708333333336,0.019619835540652275
/Users/devanshbansal/Desktop/ser/dataset/Audio_Speech_Actors_01-24/Actor_07/03-01-08-02-02-02-07.wav,03-01-08-02-02-02-07.wav,surprised,08,7,male,strong,2,Dogs are sitting by the door,2,speech,audio_only,48000.0,166566.0,3.470125,0.013526464812457561
/Users/devanshbansal/Desktop/ser/dataset/Audio_Speech_Actors_01-24/Actor_08/03-01-01-01-01-01-08.wav,03-01-01-01-01-01-08.wav,calm,01,8,female,normal,1,Kids are talking by the door,1,speech,audio_only,48000.0,168168.0,3.5035,0.00411931611597538
/Users/devanshbansal/Desktop/ser/dataset/Audio_Speech_Actors_01-24/Actor_08/03-01-01-01-01-02-08.wav,03-01-01-01-01-02-08.wav,calm,01,8,female,normal,1,Kids are talking by the door,2,speech,audio_only,48000.0,174575.0,3.636979166666667,0.004160032607614994
/Users/devanshbansal/Desktop/ser/dataset/Audio_Speech_Actors_01-24/Actor_08/03-01-01-01-02-01-08.wav,03-01-01-01-02-01-08.wav,calm,01,8,female,normal,2,Dogs are sitting by the door,1,speech,audio_only,48000.0,169769.0,3.5368541666666666,0.004734376445412636
/Users/devanshbansal/Desktop/ser/dataset/Audio_Speech_Actors_01-24/Actor_08/03-01-01-01-02-02-08.wav,03-01-01-01-02-02-08.wav,calm,01,8,female,normal,2,Dogs are sitting by the door,2,speech,audio_only,48000.0,168168.0,3.5035,0.004593524616211653
/Users/devanshbansal/Desktop/ser/dataset/Audio_Speech_Actors_01-24/Actor_08/03-01-02-01-01-01-08.wav,03-01-02-01-01-01-08.wav,calm,02,8,female,normal,1,Kids are talking by the door,1,speech,audio_only,48000.0,172973.0,3.6036041666666665,0.002751279389485717
/Users/devanshbansal/Desktop/ser/dataset/Audio_Speech_Actors_01-24/Actor_08/03-01-02-01-01-02-08.wav,03-01-02-01-01-02-08.wav,calm,02,8,female,normal,1,Kids are talking by the door,2,speech,audio_only,48000.0,163364.0,3.4034166666666668,0.0025938439648598433
/Users/devanshbansal/Desktop/ser/dataset/Audio_Speech_Actors_01-24/Actor_08/03-01-02-01-02-01-08.wav,03-01-02-01-02-01-08.wav,calm,02,8,female,normal,2,Dogs are sitting by the door,1,speech,audio_only,48000.0,166566.0,3.470125,0.003232150338590145
/Users/devanshbansal/Desktop/ser/dataset/Audio_Speech_Actors_01-24/Actor_08/03-01-02-01-02-02-08.wav,03-01-02-01-02-02-08.wav,calm,02,8,female,normal,2,Dogs are sitting by the door,2,speech,audio_only,48000.0,166566.0,3.470125,0.0027513906825333834
/Users/devanshbansal/Desktop/ser/dataset/Audio_Speech_Actors_01-24/Actor_08/03-01-02-02-01-01-08.wav,03-01-02-02-01-01-08.wav,calm,02,8,female,strong,1,Kids are talking by the door,1,speech,audio_only,48000.0,174574.0,3.6369583333333333,0.0022429917007684708
/Users/devanshbansal/Desktop/ser/dataset/Audio_Speech_Actors_01-24/Actor_08/03-01-02-02-01-02-08.wav,03-01-02-02-01-02-08.wav,calm,02,8,female,strong,1,Kids are talking by the door,2,speech,audio_only,48000.0,179379.0,3.7370625,0.0022728953044861555
/Users/devanshbansal/Desktop/ser/dataset/Audio_Speech_Actors_01-24/Actor_08/03-01-02-02-02-01-08.wav,03-01-02-02-02-01-08.wav,calm,02,8,female,strong,2,Dogs are sitting by the door,1,speech,audio_only,48000.0,176176.0,3.6703333333333332,0.0024490985088050365
/Users/devanshbansal/Desktop/ser/dataset/Audio_Speech_Actors_01-24/Actor_08/03-01-02-02-02-02-08.wav,03-01-02-02-02-02-08.wav,calm,02,8,female,strong,2,Dogs are sitting by the door,2,speech,audio_only,48000.0,182583.0,3.8038125,0.0026001669466495514
/Users/devanshbansal/Desktop/ser/dataset/Audio_Speech_Actors_01-24/Actor_08/03-01-03-01-01-01-08.wav,03-01-03-01-01-01-08.wav,happy,03,8,female,normal,1,Kids are talking by the door,1,speech,audio_only,48000.0,168168.0,3.5035,0.006063379812985659
/Users/devanshbansal/Desktop/ser/dataset/Audio_Speech_Actors_01-24/Actor_08/03-01-03-01-01-02-08.wav,03-01-03-01-01-02-08.wav,happy,03,8,female,normal,1,Kids are talking by the door,2,speech,audio_only,48000.0,164964.0,3.43675,0.0062314909882843494
/Users/devanshbansal/Desktop/ser/dataset/Audio_Speech_Actors_01-24/Actor_08/03-01-03-01-02-01-08.wav,03-01-03-01-02-01-08.wav,happy,03,8,female,normal,2,Dogs are sitting by the door,1,speech,audio_only,48000.0,166566.0,3.470125,0.006563898175954819
/Users/devanshbansal/Desktop/ser/dataset/Audio_Speech_Actors_01-24/Actor_08/03-01-03-01-02-02-08.wav,03-01-03-01-02-02-08.wav,happy,03,8,female,normal,2,Dogs are sitting by the door,2,speech,audio_only,48000.0,164965.0,3.4367708333333336,0.008385282941162586
/Users/devanshbansal/Desktop/ser/dataset/Audio_Speech_Actors_01-24/Actor_08/03-01-03-02-01-01-08.wav,03-01-03-02-01-01-08.wav,happy,03,8,female,strong,1,Kids are talking by the door,1,speech,audio_only,48000.0,180980.0,3.7704166666666667,0.017971443012356758
/Users/devanshbansal/Desktop/ser/dataset/Audio_Speech_Actors_01-24/Actor_08/03-01-03-02-01-02-08.wav,03-01-03-02-01-02-08.wav,happy,03,8,female,strong,1,Kids are talking by the door,2,speech,audio_only,48000.0,187387.0,3.9038958333333333,0.017163241282105446
/Users/devanshbansal/Desktop/ser/dataset/Audio_Speech_Actors_01-24/Actor_08/03-01-03-02-02-01-08.wav,03-01-03-02-02-01-08.wav,happy,03,8,female,strong,2,Dogs are sitting by the door,1,speech,audio_only,48000.0,184184.0,3.8371666666666666,0.019062453880906105
/Users/devanshbansal/Desktop/ser/dataset/Audio_Speech_Actors_01-24/Actor_08/03-01-03-02-02-02-08.wav,03-01-03-02-02-02-08.wav,happy,03,8,female,strong,2,Dogs are sitting by the door,2,speech,audio_only,48000.0,188989.0,3.9372708333333333,0.014926256611943245
/Users/devanshbansal/Desktop/ser/dataset/Audio_Speech_Actors_01-24/Actor_08/03-01-04-01-01-01-08.wav,03-01-04-01-01-01-08.wav,sad,04,8,female,normal,1,Kids are talking by the door,1,speech,audio_only,48000.0,201802.0,4.204208333333334,0.002655213698744774
/Users/devanshbansal/Desktop/ser/dataset/Audio_Speech_Actors_01-24/Actor_08/03-01-04-01-01-02-08.wav,03-01-04-01-01-02-08.wav,sad,04,8,female,normal,1,Kids are talking by the door,2,speech,audio_only,48000.0,185785.0,3.8705208333333334,0.0023659146390855312
/Users/devanshbansal/Desktop/ser/dataset/Audio_Speech_Actors_01-24/Actor_08/03-01-04-01-02-01-08.wav,03-01-04-01-02-01-08.wav,sad,04,8,female,normal,2,Dogs are sitting by the door,1,speech,audio_only,48000.0,171372.0,3.57025,0.0024201388005167246
/Users/devanshbansal/Desktop/ser/dataset/Audio_Speech_Actors_01-24/Actor_08/03-01-04-01-02-02-08.wav,03-01-04-01-02-02-08.wav,sad,04,8,female,normal,2,Dogs are sitting by the door,2,speech,audio_only,48000.0,172973.0,3.6036041666666665,0.0023621274158358574
/Users/devanshbansal/Desktop/ser/dataset/Audio_Speech_Actors_01-24/Actor_08/03-01-04-02-01-01-08.wav,03-01-04-02-01-01-08.wav,sad,04,8,female,strong,1,Kids are talking by the door,1,speech,audio_only,48000.0,180980.0,3.7704166666666667,0.0055950479581952095
/Users/devanshbansal/Desktop/ser/dataset/Audio_Speech_Actors_01-24/Actor_08/03-01-04-02-01-02-08.wav,03-01-04-02-01-02-08.wav,sad,04,8,female,strong,1,Kids are talking by the door,2,speech,audio_only,48000.0,188989.0,3.9372708333333333,0.005827924702316523
/Users/devanshbansal/Desktop/ser/dataset/Audio_Speech_Actors_01-24/Actor_08/03-01-04-02-02-01-08.wav,03-01-04-02-02-01-08.wav,sad,04,8,female,strong,2,Dogs are sitting by the door,1,speech,audio_only,48000.0,176176.0,3.6703333333333332,0.005285185761749744
/Users/devanshbansal/Desktop/ser/dataset/Audio_Speech_Actors_01-24/Actor_08/03-01-04-02-02-02-08.wav,03-01-04-02-02-02-08.wav,sad,04,8,female,strong,2,Dogs are sitting by the door,2,speech,audio_only,48000.0,177778.0,3.703708333333333,0.007037547882646322
/Users/devanshbansal/Desktop/ser/dataset/Audio_Speech_Actors_01-24/Actor_08/03-01-05-01-01-01-08.wav,03-01-05-01-01-01-08.wav,angry,05,8,female,normal,1,Kids are talking by the door,1,speech,audio_only,48000.0,177778.0,3.703708333333333,0.015766896307468414
/Users/devanshbansal/Desktop/ser/dataset/Audio_Speech_Actors_01-24/Actor_08/03-01-05-01-01-02-08.wav,03-01-05-01-01-02-08.wav,angry,05,8,female,normal,1,Kids are talking by the door,2,speech,audio_only,48000.0,172973.0,3.6036041666666665,0.016381237655878067
/Users/devanshbansal/Desktop/ser/dataset/Audio_Speech_Actors_01-24/Actor_08/03-01-05-01-02-01-08.wav,03-01-05-01-02-01-08.wav,angry,05,8,female,normal,2,Dogs are sitting by the door,1,speech,audio_only,48000.0,169770.0,3.536875,0.012405740097165108
/Users/devanshbansal/Desktop/ser/dataset/Audio_Speech_Actors_01-24/Actor_08/03-01-05-01-02-02-08.wav,03-01-05-01-02-02-08.wav,angry,05,8,female,normal,2,Dogs are sitting by the door,2,speech,audio_only,48000.0,171371.0,3.5702291666666666,0.01442375872284174
/Users/devanshbansal/Desktop/ser/dataset/Audio_Speech_Actors_01-24/Actor_08/03-01-05-02-01-01-08.wav,03-01-05-02-01-01-08.wav,angry,05,8,female,strong,1,Kids are talking by the door,1,speech,audio_only,48000.0,190590.0,3.970625,0.03770224004983902
/Users/devanshbansal/Desktop/ser/dataset/Audio_Speech_Actors_01-24/Actor_08/03-01-05-02-01-02-08.wav,03-01-05-02-01-02-08.wav,angry,05,8,female,strong,1,Kids are talking by the door,2,speech,audio_only,48000.0,180981.0,3.7704375,0.09545578062534332
/Users/devanshbansal/Desktop/ser/dataset/Audio_Speech_Actors_01-24/Actor_08/03-01-05-02-02-01-08.wav,03-01-05-02-02-01-08.wav,angry,05,8,female,strong,2,Dogs are sitting by the door,1,speech,audio_only,48000.0,172973.0,3.6036041666666665,0.038207367062568665
/Users/devanshbansal/Desktop/ser/dataset/Audio_Speech_Actors_01-24/Actor_08/03-01-05-02-02-02-08.wav,03-01-05-02-02-02-08.wav,angry,05,8,female,strong,2,Dogs are sitting by the door,2,speech,audio_only,48000.0,174574.0,3.6369583333333333,0.0418173111975193
/Users/devanshbansal/Desktop/ser/dataset/Audio_Speech_Actors_01-24/Actor_08/03-01-06-01-01-01-08.wav,03-01-06-01-01-01-08.wav,fearful,06,8,female,normal,1,Kids are talking by the door,1,speech,audio_only,48000.0,190591.0,3.970645833333333,0.015193682163953781
/Users/devanshbansal/Desktop/ser/dataset/Audio_Speech_Actors_01-24/Actor_08/03-01-06-01-01-02-08.wav,03-01-06-01-01-02-08.wav,fearful,06,8,female,normal,1,Kids are talking by the door,2,speech,audio_only,48000.0,176176.0,3.6703333333333332,0.0144502567127347
/Users/devanshbansal/Desktop/ser/dataset/Audio_Speech_Actors_01-24/Actor_08/03-01-06-01-02-01-08.wav,03-01-06-01-02-01-08.wav,fearful,06,8,female,normal,2,Dogs are sitting by the door,1,speech,audio_only,48000.0,180981.0,3.7704375,0.01749272830784321
/Users/devanshbansal/Desktop/ser/dataset/Audio_Speech_Actors_01-24/Actor_08/03-01-06-01-02-02-08.wav,03-01-06-01-02-02-08.wav,fearful,06,8,female,normal,2,Dogs are sitting by the door,2,speech,audio_only,48000.0,176176.0,3.6703333333333332,0.01351616345345974
/Users/devanshbansal/Desktop/ser/dataset/Audio_Speech_Actors_01-24/Actor_08/03-01-06-02-01-01-08.wav,03-01-06-02-01-01-08.wav,fearful,06,8,female,strong,1,Kids are talking by the door,1,speech,audio_only,48000.0,190590.0,3.970625,0.04478587955236435
/Users/devanshbansal/Desktop/ser/dataset/Audio_Speech_Actors_01-24/Actor_08/03-01-06-02-01-02-08.wav,03-01-06-02-01-02-08.wav,fearful,06,8,female,strong,1,Kids are talking by the door,2,speech,audio_only,48000.0,187387.0,3.9038958333333333,0.04843830689787865
/Users/devanshbansal/Desktop/ser/dataset/Audio_Speech_Actors_01-24/Actor_08/03-01-06-02-02-01-08.wav,03-01-06-02-02-01-08.wav,fearful,06,8,female,strong,2,Dogs are sitting by the door,1,speech,audio_only,48000.0,185785.0,3.8705208333333334,0.04470590874552727
/Users/devanshbansal/Desktop/ser/dataset/Audio_Speech_Actors_01-24/Actor_08/03-01-06-02-02-02-08.wav,03-01-06-02-02-02-08.wav,fearful,06,8,female,strong,2,Dogs are sitting by the door,2,speech,audio_only,48000.0,188989.0,3.9372708333333333,0.05241868272423744
/Users/devanshbansal/Desktop/ser/dataset/Audio_Speech_Actors_01-24/Actor_08/03-01-07-01-01-01-08.wav,03-01-07-01-01-01-08.wav,disgust,07,8,female,normal,1,Kids are talking by the door,1,speech,audio_only,48000.0,187387.0,3.9038958333333333,0.004119753837585449
/Users/devanshbansal/Desktop/ser/dataset/Audio_Speech_Actors_01-24/Actor_08/03-01-07-01-01-02-08.wav,03-01-07-01-01-02-08.wav,disgust,07,8,female,normal,1,Kids are talking by the door,2,speech,audio_only,48000.0,176176.0,3.6703333333333332,0.0034565413370728493
/Users/devanshbansal/Desktop/ser/dataset/Audio_Speech_Actors_01-24/Actor_08/03-01-07-01-02-01-08.wav,03-01-07-01-02-01-08.wav,disgust,07,8,female,normal,2,Dogs are sitting by the door,1,speech,audio_only,48000.0,188989.0,3.9372708333333333,0.004943437408655882
/Users/devanshbansal/Desktop/ser/dataset/Audio_Speech_Actors_01-24/Actor_08/03-01-07-01-02-02-08.wav,03-01-07-01-02-02-08.wav,disgust,07,8,female,normal,2,Dogs are sitting by the door,2,speech,audio_only,48000.0,184184.0,3.8371666666666666,0.0049165477976202965
/Users/devanshbansal/Desktop/ser/dataset/Audio_Speech_Actors_01-24/Actor_08/03-01-07-02-01-01-08.wav,03-01-07-02-01-01-08.wav,disgust,07,8,female,strong,1,Kids are talking by the door,1,speech,audio_only,48000.0,195395.0,4.070729166666666,0.007413953542709351
/Users/devanshbansal/Desktop/ser/dataset/Audio_Speech_Actors_01-24/Actor_08/03-01-07-02-01-02-08.wav,03-01-07-02-01-02-08.wav,disgust,07,8,female,strong,1,Kids are talking by the door,2,speech,audio_only,48000.0,180981.0,3.7704375,0.00507021090015769
/Users/devanshbansal/Desktop/ser/dataset/Audio_Speech_Actors_01-24/Actor_08/03-01-07-02-02-01-08.wav,03-01-07-02-02-01-08.wav,disgust,07,8,female,strong,2,Dogs are sitting by the door,1,speech,audio_only,48000.0,179380.0,3.7370833333333335,0.005889897234737873
/Users/devanshbansal/Desktop/ser/dataset/Audio_Speech_Actors_01-24/Actor_08/03-01-07-02-02-02-08.wav,03-01-07-02-02-02-08.wav,disgust,07,8,female,strong,2,Dogs are sitting by the door,2,speech,audio_only,48000.0,185785.0,3.8705208333333334,0.008145282976329327
/Users/devanshbansal/Desktop/ser/dataset/Audio_Speech_Actors_01-24/Actor_08/03-01-08-01-01-01-08.wav,03-01-08-01-01-01-08.wav,surprised,08,8,female,normal,1,Kids are talking by the door,1,speech,audio_only,48000.0,177778.0,3.703708333333333,0.006511250510811806
/Users/devanshbansal/Desktop/ser/dataset/Audio_Speech_Actors_01-24/Actor_08/03-01-08-01-01-02-08.wav,03-01-08-01-01-02-08.wav,surprised,08,8,female,normal,1,Kids are talking by the door,2,speech,audio_only,48000.0,182582.0,3.8037916666666667,0.007585839368402958
/Users/devanshbansal/Desktop/ser/dataset/Audio_Speech_Actors_01-24/Actor_08/03-01-08-01-02-01-08.wav,03-01-08-01-02-01-08.wav,surprised,08,8,female,normal,2,Dogs are sitting by the door,1,speech,audio_only,48000.0,180981.0,3.7704375,0.01159291248768568
/Users/devanshbansal/Desktop/ser/dataset/Audio_Speech_Actors_01-24/Actor_08/03-01-08-01-02-02-08.wav,03-01-08-01-02-02-08.wav,surprised,08,8,female,normal,2,Dogs are sitting by the door,2,speech,audio_only,48000.0,169770.0,3.536875,0.008529795333743095
/Users/devanshbansal/Desktop/ser/dataset/Audio_Speech_Actors_01-24/Actor_08/03-01-08-02-01-01-08.wav,03-01-08-02-01-01-08.wav,surprised,08,8,female,strong,1,Kids are talking by the door,1,speech,audio_only,48000.0,184184.0,3.8371666666666666,0.011397539637982845
/Users/devanshbansal/Desktop/ser/dataset/Audio_Speech_Actors_01-24/Actor_08/03-01-08-02-01-02-08.wav,03-01-08-02-01-02-08.wav,surprised,08,8,female,strong,1,Kids are talking by the door,2,speech,audio_only,48000.0,177777.0,3.7036875,0.013745888136327267
/Users/devanshbansal/Desktop/ser/dataset/Audio_Speech_Actors_01-24/Actor_08/03-01-08-02-02-01-08.wav,03-01-08-02-02-01-08.wav,surprised,08,8,female,strong,2,Dogs are sitting by the door,1,speech,audio_only,48000.0,182582.0,3.8037916666666667,0.01690281741321087
/Users/devanshbansal/Desktop/ser/dataset/Audio_Speech_Actors_01-24/Actor_08/03-01-08-02-02-02-08.wav,03-01-08-02-02-02-08.wav,surprised,08,8,female,strong,2,Dogs are sitting by the door,2,speech,audio_only,48000.0,185786.0,3.8705416666666665,0.016577109694480896
/Users/devanshbansal/Desktop/ser/dataset/Audio_Speech_Actors_01-24/Actor_09/03-01-01-01-01-01-09.wav,03-01-01-01-01-01-09.wav,calm,01,9,male,normal,1,Kids are talking by the door,1,speech,audio_only,48000.0,156957.0,3.2699375,0.0018723924877122045
/Users/devanshbansal/Desktop/ser/dataset/Audio_Speech_Actors_01-24/Actor_09/03-01-01-01-01-02-09.wav,03-01-01-01-01-02-09.wav,calm,01,9,male,normal,1,Kids are talking by the door,2,speech,audio_only,48000.0,153754.0,3.2032083333333334,0.00151923019438982
/Users/devanshbansal/Desktop/ser/dataset/Audio_Speech_Actors_01-24/Actor_09/03-01-01-01-02-01-09.wav,03-01-01-01-02-01-09.wav,calm,01,9,male,normal,2,Dogs are sitting by the door,1,speech,audio_only,48000.0,160160.0,3.3366666666666664,0.0016641417751088738
/Users/devanshbansal/Desktop/ser/dataset/Audio_Speech_Actors_01-24/Actor_09/03-01-01-01-02-02-09.wav,03-01-01-01-02-02-09.wav,calm,01,9,male,normal,2,Dogs are sitting by the door,2,speech,audio_only,48000.0,155356.0,3.2365833333333334,0.0018276473274454474
/Users/devanshbansal/Desktop/ser/dataset/Audio_Speech_Actors_01-24/Actor_09/03-01-02-01-01-01-09.wav,03-01-02-01-01-01-09.wav,calm,02,9,male,normal,1,Kids are talking by the door,1,speech,audio_only,48000.0,160160.0,3.3366666666666664,0.0016049746191129088
/Users/devanshbansal/Desktop/ser/dataset/Audio_Speech_Actors_01-24/Actor_09/03-01-02-01-01-02-09.wav,03-01-02-01-01-02-09.wav,calm,02,9,male,normal,1,Kids are talking by the door,2,speech,audio_only,48000.0,160160.0,3.3366666666666664,0.0018941013840958476
/Users/devanshbansal/Desktop/ser/dataset/Audio_Speech_Actors_01-24/Actor_09/03-01-02-01-02-01-09.wav,03-01-02-01-02-01-09.wav,calm,02,9,male,normal,2,Dogs are sitting by the door,1,speech,audio_only,48000.0,166567.0,3.4701458333333335,0.0029883370734751225
/Users/devanshbansal/Desktop/ser/dataset/Audio_Speech_Actors_01-24/Actor_09/03-01-02-01-02-02-09.wav,03-01-02-01-02-02-09.wav,calm,02,9,male,normal,2,Dogs are sitting by the door,2,speech,audio_only,48000.0,171371.0,3.5702291666666666,0.0017774486914277077
/Users/devanshbansal/Desktop/ser/dataset/Audio_Speech_Actors_01-24/Actor_09/03-01-02-02-01-01-09.wav,03-01-02-02-01-01-09.wav,calm,02,9,male,strong,1,Kids are talking by the door,1,speech,audio_only,48000.0,160160.0,3.3366666666666664,0.0008289307006634772
/Users/devanshbansal/Desktop/ser/dataset/Audio_Speech_Actors_01-24/Actor_09/03-01-02-02-01-02-09.wav,03-01-02-02-01-02-09.wav,calm,02,9,male,strong,1,Kids are talking by the door,2,speech,audio_only,48000.0,164965.0,3.4367708333333336,0.0010055883321911097
/Users/devanshbansal/Desktop/ser/dataset/Audio_Speech_Actors_01-24/Actor_09/03-01-02-02-02-01-09.wav,03-01-02-02-02-01-09.wav,calm,02,9,male,strong,2,Dogs are sitting by the door,1,speech,audio_only,48000.0,182582.0,3.8037916666666667,0.0022465873043984175
/Users/devanshbansal/Desktop/ser/dataset/Audio_Speech_Actors_01-24/Actor_09/03-01-02-02-02-02-09.wav,03-01-02-02-02-02-09.wav,calm,02,9,male,strong,2,Dogs are sitting by the door,2,speech,audio_only,48000.0,174575.0,3.636979166666667,0.0020138933323323727
/Users/devanshbansal/Desktop/ser/dataset/Audio_Speech_Actors_01-24/Actor_09/03-01-03-01-01-01-09.wav,03-01-03-01-01-01-09.wav,happy,03,9,male,normal,1,Kids are talking by the door,1,speech,audio_only,48000.0,160160.0,3.3366666666666664,0.002731339307501912
/Users/devanshbansal/Desktop/ser/dataset/Audio_Speech_Actors_01-24/Actor_09/03-01-03-01-01-02-09.wav,03-01-03-01-01-02-09.wav,happy,03,9,male,normal,1,Kids are talking by the door,2,speech,audio_only,48000.0,169769.0,3.5368541666666666,0.004607148468494415
/Users/devanshbansal/Desktop/ser/dataset/Audio_Speech_Actors_01-24/Actor_09/03-01-03-01-02-01-09.wav,03-01-03-01-02-01-09.wav,happy,03,9,male,normal,2,Dogs are sitting by the door,1,speech,audio_only,48000.0,158558.0,3.3032916666666665,0.003301063319668174
/Users/devanshbansal/Desktop/ser/dataset/Audio_Speech_Actors_01-24/Actor_09/03-01-03-01-02-02-09.wav,03-01-03-01-02-02-09.wav,happy,03,9,male,normal,2,Dogs are sitting by the door,2,speech,audio_only,48000.0,166567.0,3.4701458333333335,0.005496667698025703
/Users/devanshbansal/Desktop/ser/dataset/Audio_Speech_Actors_01-24/Actor_09/03-01-03-02-01-01-09.wav,03-01-03-02-01-01-09.wav,happy,03,9,male,strong,1,Kids are talking by the door,1,speech,audio_only,48000.0,180981.0,3.7704375,0.032740019261837006
/Users/devanshbansal/Desktop/ser/dataset/Audio_Speech_Actors_01-24/Actor_09/03-01-03-02-01-02-09.wav,03-01-03-02-01-02-09.wav,happy,03,9,male,strong,1,Kids are talking by the door,2,speech,audio_only,48000.0,200200.0,4.170833333333333,0.02560570277273655
/Users/devanshbansal/Desktop/ser/dataset/Audio_Speech_Actors_01-24/Actor_09/03-01-03-02-02-01-09.wav,03-01-03-02-02-01-09.wav,happy,03,9,male,strong,2,Dogs are sitting by the door,1,speech,audio_only,48000.0,171372.0,3.57025,0.036552850157022476
/Users/devanshbansal/Desktop/ser/dataset/Audio_Speech_Actors_01-24/Actor_09/03-01-03-02-02-02-09.wav,03-01-03-02-02-02-09.wav,happy,03,9,male,strong,2,Dogs are sitting by the door,2,speech,audio_only,48000.0,171371.0,3.5702291666666666,0.026143521070480347
/Users/devanshbansal/Desktop/ser/dataset/Audio_Speech_Actors_01-24/Actor_09/03-01-04-01-01-01-09.wav,03-01-04-01-01-01-09.wav,sad,04,9,male,normal,1,Kids are talking by the door,1,speech,audio_only,48000.0,156957.0,3.2699375,0.0006518791196867824
/Users/devanshbansal/Desktop/ser/dataset/Audio_Speech_Actors_01-24/Actor_09/03-01-04-01-01-02-09.wav,03-01-04-01-01-02-09.wav,sad,04,9,male,normal,1,Kids are talking by the door,2,speech,audio_only,48000.0,164964.0,3.43675,0.0007872494752518833
/Users/devanshbansal/Desktop/ser/dataset/Audio_Speech_Actors_01-24/Actor_09/03-01-04-01-02-01-09.wav,03-01-04-01-02-01-09.wav,sad,04,9,male,normal,2,Dogs are sitting by the door,1,speech,audio_only,48000.0,163363.0,3.403395833333333,0.0011475165374577045
/Users/devanshbansal/Desktop/ser/dataset/Audio_Speech_Actors_01-24/Actor_09/03-01-04-01-02-02-09.wav,03-01-04-01-02-02-09.wav,sad,04,9,male,normal,2,Dogs are sitting by the door,2,speech,audio_only,48000.0,163364.0,3.4034166666666668,0.000669244269374758
/Users/devanshbansal/Desktop/ser/dataset/Audio_Speech_Actors_01-24/Actor_09/03-01-04-02-01-01-09.wav,03-01-04-02-01-01-09.wav,sad,04,9,male,strong,1,Kids are talking by the door,1,speech,audio_only,48000.0,188989.0,3.9372708333333333,0.0015902894083410501
/Users/devanshbansal/Desktop/ser/dataset/Audio_Speech_Actors_01-24/Actor_09/03-01-04-02-01-02-09.wav,03-01-04-02-01-02-09.wav,sad,04,9,male,strong,1,Kids are talking by the door,2,speech,audio_only,48000.0,187387.0,3.9038958333333333,0.0016846101498231292
/Users/devanshbansal/Desktop/ser/dataset/Audio_Speech_Actors_01-24/Actor_09/03-01-04-02-02-01-09.wav,03-01-04-02-02-01-09.wav,sad,04,9,male,strong,2,Dogs are sitting by the door,1,speech,audio_only,48000.0,174575.0,3.636979166666667,0.002101037185639143
/Users/devanshbansal/Desktop/ser/dataset/Audio_Speech_Actors_01-24/Actor_09/03-01-04-02-02-02-09.wav,03-01-04-02-02-02-09.wav,sad,04,9,male,strong,2,Dogs are sitting by the door,2,speech,audio_only,48000.0,185786.0,3.8705416666666665,0.002149897627532482
/Users/devanshbansal/Desktop/ser/dataset/Audio_Speech_Actors_01-24/Actor_09/03-01-05-01-01-01-09.wav,03-01-05-01-01-01-09.wav,angry,05,9,male,normal,1,Kids are talking by the door,1,speech,audio_only,48000.0,171371.0,3.5702291666666666,0.0022522523067891598
/Users/devanshbansal/Desktop/ser/dataset/Audio_Speech_Actors_01-24/Actor_09/03-01-05-01-01-02-09.wav,03-01-05-01-01-02-09.wav,angry,05,9,male,normal,1,Kids are talking by the door,2,speech,audio_only,48000.0,171372.0,3.57025,0.0034985882230103016
/Users/devanshbansal/Desktop/ser/dataset/Audio_Speech_Actors_01-24/Actor_09/03-01-05-01-02-01-09.wav,03-01-05-01-02-01-09.wav,angry,05,9,male,normal,2,Dogs are sitting by the door,1,speech,audio_only,48000.0,179379.0,3.7370625,0.009357516653835773
/Users/devanshbansal/Desktop/ser/dataset/Audio_Speech_Actors_01-24/Actor_09/03-01-05-01-02-02-09.wav,03-01-05-01-02-02-09.wav,angry,05,9,male,normal,2,Dogs are sitting by the door,2,speech,audio_only,48000.0,169770.0,3.536875,0.006276189349591732
/Users/devanshbansal/Desktop/ser/dataset/Audio_Speech_Actors_01-24/Actor_09/03-01-05-02-01-01-09.wav,03-01-05-02-01-01-09.wav,angry,05,9,male,strong,1,Kids are talking by the door,1,speech,audio_only,48000.0,182583.0,3.8038125,0.09665194898843765
/Users/devanshbansal/Desktop/ser/dataset/Audio_Speech_Actors_01-24/Actor_09/03-01-05-02-01-02-09.wav,03-01-05-02-01-02-09.wav,angry,05,9,male,strong,1,Kids are talking by the door,2,speech,audio_only,48000.0,180981.0,3.7704375,0.07555419206619263
/Users/devanshbansal/Desktop/ser/dataset/Audio_Speech_Actors_01-24/Actor_09/03-01-05-02-02-01-09.wav,03-01-05-02-02-01-09.wav,angry,05,9,male,strong,2,Dogs are sitting by the door,1,speech,audio_only,48000.0,209810.0,4.371041666666667,0.10203257948160172
/Users/devanshbansal/Desktop/ser/dataset/Audio_Speech_Actors_01-24/Actor_09/03-01-05-02-02-02-09.wav,03-01-05-02-02-02-09.wav,angry,05,9,male,strong,2,Dogs are sitting by the door,2,speech,audio_only,48000.0,190591.0,3.970645833333333,0.09467951208353043
/Users/devanshbansal/Desktop/ser/dataset/Audio_Speech_Actors_01-24/Actor_09/03-01-06-01-01-01-09.wav,03-01-06-01-01-01-09.wav,fearful,06,9,male,normal,1,Kids are talking by the door,1,speech,audio_only,48000.0,152152.0,3.1698333333333335,0.0008473665802739561
/Users/devanshbansal/Desktop/ser/dataset/Audio_Speech_Actors_01-24/Actor_09/03-01-06-01-01-02-09.wav,03-01-06-01-01-02-09.wav,fearful,06,9,male,normal,1,Kids are talking by the door,2,speech,audio_only,48000.0,152152.0,3.1698333333333335,0.001189706614241004
/Users/devanshbansal/Desktop/ser/dataset/Audio_Speech_Actors_01-24/Actor_09/03-01-06-01-02-01-09.wav,03-01-06-01-02-01-09.wav,fearful,06,9,male,normal,2,Dogs are sitting by the door,1,speech,audio_only,48000.0,150551.0,3.1364791666666667,0.0012225887039676309
/Users/devanshbansal/Desktop/ser/dataset/Audio_Speech_Actors_01-24/Actor_09/03-01-06-01-02-02-09.wav,03-01-06-01-02-02-09.wav,fearful,06,9,male,normal,2,Dogs are sitting by the door,2,speech,audio_only,48000.0,150550.0,3.136458333333333,0.0011364123784005642
/Users/devanshbansal/Desktop/ser/dataset/Audio_Speech_Actors_01-24/Actor_09/03-01-06-02-01-01-09.wav,03-01-06-02-01-01-09.wav,fearful,06,9,male,strong,1,Kids are talking by the door,1,speech,audio_only,48000.0,155355.0,3.2365625,0.006358014419674873
/Users/devanshbansal/Desktop/ser/dataset/Audio_Speech_Actors_01-24/Actor_09/03-01-06-02-01-02-09.wav,03-01-06-02-01-02-09.wav,fearful,06,9,male,strong,1,Kids are talking by the door,2,speech,audio_only,48000.0,156957.0,3.2699375,0.0026058945804834366
/Users/devanshbansal/Desktop/ser/dataset/Audio_Speech_Actors_01-24/Actor_09/03-01-06-02-02-01-09.wav,03-01-06-02-02-01-09.wav,fearful,06,9,male,strong,2,Dogs are sitting by the door,1,speech,audio_only,48000.0,155355.0,3.2365625,0.014506933279335499
/Users/devanshbansal/Desktop/ser/dataset/Audio_Speech_Actors_01-24/Actor_09/03-01-06-02-02-02-09.wav,03-01-06-02-02-02-09.wav,fearful,06,9,male,strong,2,Dogs are sitting by the door,2,speech,audio_only,48000.0,155355.0,3.2365625,0.018708044663071632
/Users/devanshbansal/Desktop/ser/dataset/Audio_Speech_Actors_01-24/Actor_09/03-01-07-01-01-01-09.wav,03-01-07-01-01-01-09.wav,disgust,07,9,male,normal,1,Kids are talking by the door,1,speech,audio_only,48000.0,163363.0,3.403395833333333,0.0015263805398717523
/Users/devanshbansal/Desktop/ser/dataset/Audio_Speech_Actors_01-24/Actor_09/03-01-07-01-01-02-09.wav,03-01-07-01-01-02-09.wav,disgust,07,9,male,normal,1,Kids are talking by the door,2,speech,audio_only,48000.0,168168.0,3.5035,0.0015753175830468535
/Users/devanshbansal/Desktop/ser/dataset/Audio_Speech_Actors_01-24/Actor_09/03-01-07-01-02-01-09.wav,03-01-07-01-02-01-09.wav,disgust,07,9,male,normal,2,Dogs are sitting by the door,1,speech,audio_only,48000.0,166566.0,3.470125,0.0015623422805219889
/Users/devanshbansal/Desktop/ser/dataset/Audio_Speech_Actors_01-24/Actor_09/03-01-07-01-02-02-09.wav,03-01-07-01-02-02-09.wav,disgust,07,9,male,normal,2,Dogs are sitting by the door,2,speech,audio_only,48000.0,163363.0,3.403395833333333,0.0025028414092957973
/Users/devanshbansal/Desktop/ser/dataset/Audio_Speech_Actors_01-24/Actor_09/03-01-07-02-01-01-09.wav,03-01-07-02-01-01-09.wav,disgust,07,9,male,strong,1,Kids are talking by the door,1,speech,audio_only,48000.0,174575.0,3.636979166666667,0.0025207113940268755
/Users/devanshbansal/Desktop/ser/dataset/Audio_Speech_Actors_01-24/Actor_09/03-01-07-02-01-02-09.wav,03-01-07-02-01-02-09.wav,disgust,07,9,male,strong,1,Kids are talking by the door,2,speech,audio_only,48000.0,169769.0,3.5368541666666666,0.003198124933987856
/Users/devanshbansal/Desktop/ser/dataset/Audio_Speech_Actors_01-24/Actor_09/03-01-07-02-02-01-09.wav,03-01-07-02-02-01-09.wav,disgust,07,9,male,strong,2,Dogs are sitting by the door,1,speech,audio_only,48000.0,171371.0,3.5702291666666666,0.005098812747746706
/Users/devanshbansal/Desktop/ser/dataset/Audio_Speech_Actors_01-24/Actor_09/03-01-07-02-02-02-09.wav,03-01-07-02-02-02-09.wav,disgust,07,9,male,strong,2,Dogs are sitting by the door,2,speech,audio_only,48000.0,172972.0,3.6035833333333334,0.005067097023129463
/Users/devanshbansal/Desktop/ser/dataset/Audio_Speech_Actors_01-24/Actor_09/03-01-08-01-01-01-09.wav,03-01-08-01-01-01-09.wav,surprised,08,9,male,normal,1,Kids are talking by the door,1,speech,audio_only,48000.0,147347.0,3.069729166666667,0.001559454365633428
/Users/devanshbansal/Desktop/ser/dataset/Audio_Speech_Actors_01-24/Actor_09/03-01-08-01-01-02-09.wav,03-01-08-01-01-02-09.wav,surprised,08,9,male,normal,1,Kids are talking by the door,2,speech,audio_only,48000.0,160160.0,3.3366666666666664,0.0016712333308532834
/Users/devanshbansal/Desktop/ser/dataset/Audio_Speech_Actors_01-24/Actor_09/03-01-08-01-02-01-09.wav,03-01-08-01-02-01-09.wav,surprised,08,9,male,normal,2,Dogs are sitting by the door,1,speech,audio_only,48000.0,164965.0,3.4367708333333336,0.002294279867783189
/Users/devanshbansal/Desktop/ser/dataset/Audio_Speech_Actors_01-24/Actor_09/03-01-08-01-02-02-09.wav,03-01-08-01-02-02-09.wav,surprised,08,9,male,normal,2,Dogs are sitting by the door,2,speech,audio_only,48000.0,164964.0,3.43675,0.002257291693240404
/Users/devanshbansal/Desktop/ser/dataset/Audio_Speech_Actors_01-24/Actor_09/03-01-08-02-01-01-09.wav,03-01-08-02-01-01-09.wav,surprised,08,9,male,strong,1,Kids are talking by the door,1,speech,audio_only,48000.0,158558.0,3.3032916666666665,0.005471537355333567
/Users/devanshbansal/Desktop/ser/dataset/Audio_Speech_Actors_01-24/Actor_09/03-01-08-02-01-02-09.wav,03-01-08-02-01-02-09.wav,surprised,08,9,male,strong,1,Kids are talking by the door,2,speech,audio_only,48000.0,156957.0,3.2699375,0.003299636533483863
/Users/devanshbansal/Desktop/ser/dataset/Audio_Speech_Actors_01-24/Actor_09/03-01-08-02-02-01-09.wav,03-01-08-02-02-01-09.wav,surprised,08,9,male,strong,2,Dogs are sitting by the door,1,speech,audio_only,48000.0,163363.0,3.403395833333333,0.003057922935113311
/Users/devanshbansal/Desktop/ser/dataset/Audio_Speech_Actors_01-24/Actor_09/03-01-08-02-02-02-09.wav,03-01-08-02-02-02-09.wav,surprised,08,9,male,strong,2,Dogs are sitting by the door,2,speech,audio_only,48000.0,164964.0,3.43675,0.0032929496373981237
/Users/devanshbansal/Desktop/ser/dataset/Audio_Speech_Actors_01-24/Actor_10/03-01-01-01-01-01-10.wav,03-01-01-01-01-01-10.wav,calm,01,10,female,normal,1,Kids are talking by the door,1,speech,audio_only,48000.0,169770.0,3.536875,0.01569877378642559
/Users/devanshbansal/Desktop/ser/dataset/Audio_Speech_Actors_01-24/Actor_10/03-01-01-01-01-02-10.wav,03-01-01-01-01-02-10.wav,calm,01,10,female,normal,1,Kids are talking by the door,2,speech,audio_only,48000.0,184184.0,3.8371666666666666,0.012660020031034946
/Users/devanshbansal/Desktop/ser/dataset/Audio_Speech_Actors_01-24/Actor_10/03-01-01-01-02-01-10.wav,03-01-01-01-02-01-10.wav,calm,01,10,female,normal,2,Dogs are sitting by the door,1,speech,audio_only,48000.0,179379.0,3.7370625,0.018448349088430405
/Users/devanshbansal/Desktop/ser/dataset/Audio_Speech_Actors_01-24/Actor_10/03-01-01-01-02-02-10.wav,03-01-01-01-02-02-10.wav,calm,01,10,female,normal,2,Dogs are sitting by the door,2,speech,audio_only,48000.0,176176.0,3.6703333333333332,0.01289746817201376
/Users/devanshbansal/Desktop/ser/dataset/Audio_Speech_Actors_01-24/Actor_10/03-01-02-01-01-01-10.wav,03-01-02-01-01-01-10.wav,calm,02,10,female,normal,1,Kids are talking by the door,1,speech,audio_only,48000.0,171371.0,3.5702291666666666,0.01252006832510233
/Users/devanshbansal/Desktop/ser/dataset/Audio_Speech_Actors_01-24/Actor_10/03-01-02-01-01-02-10.wav,03-01-02-01-01-02-10.wav,calm,02,10,female,normal,1,Kids are talking by the door,2,speech,audio_only,48000.0,172972.0,3.6035833333333334,0.012223844416439533
/Users/devanshbansal/Desktop/ser/dataset/Audio_Speech_Actors_01-24/Actor_10/03-01-02-01-02-01-10.wav,03-01-02-01-02-01-10.wav,calm,02,10,female,normal,2,Dogs are sitting by the door,1,speech,audio_only,48000.0,174574.0,3.6369583333333333,0.01625586859881878
/Users/devanshbansal/Desktop/ser/dataset/Audio_Speech_Actors_01-24/Actor_10/03-01-02-01-02-02-10.wav,03-01-02-01-02-02-10.wav,calm,02,10,female,normal,2,Dogs are sitting by the door,2,speech,audio_only,48000.0,177778.0,3.703708333333333,0.017615219578146935
/Users/devanshbansal/Desktop/ser/dataset/Audio_Speech_Actors_01-24/Actor_10/03-01-02-02-01-01-10.wav,03-01-02-02-01-01-10.wav,calm,02,10,female,strong,1,Kids are talking by the door,1,speech,audio_only,48000.0,179379.0,3.7370625,0.012965266592800617
/Users/devanshbansal/Desktop/ser/dataset/Audio_Speech_Actors_01-24/Actor_10/03-01-02-02-01-02-10.wav,03-01-02-02-01-02-10.wav,calm,02,10,female,strong,1,Kids are talking by the door,2,speech,audio_only,48000.0,179379.0,3.7370625,0.016763238236308098
/Users/devanshbansal/Desktop/ser/dataset/Audio_Speech_Actors_01-24/Actor_10/03-01-02-02-02-01-10.wav,03-01-02-02-02-01-10.wav,calm,02,10,female,strong,2,Dogs are sitting by the door,1,speech,audio_only,48000.0,182582.0,3.8037916666666667,0.01495224516838789
/Users/devanshbansal/Desktop/ser/dataset/Audio_Speech_Actors_01-24/Actor_10/03-01-02-02-02-02-10.wav,03-01-02-02-02-02-10.wav,calm,02,10,female,strong,2,Dogs are sitting by the door,2,speech,audio_only,48000.0,184184.0,3.8371666666666666,0.009533434174954891
/Users/devanshbansal/Desktop/ser/dataset/Audio_Speech_Actors_01-24/Actor_10/03-01-03-01-01-01-10.wav,03-01-03-01-01-01-10.wav,happy,03,10,female,normal,1,Kids are talking by the door,1,speech,audio_only,48000.0,168168.0,3.5035,0.02658998593688011
/Users/devanshbansal/Desktop/ser/dataset/Audio_Speech_Actors_01-24/Actor_10/03-01-03-01-01-02-10.wav,03-01-03-01-01-02-10.wav,happy,03,10,female,normal,1,Kids are talking by the door,2,speech,audio_only,48000.0,166566.0,3.470125,0.02956330217421055
/Users/devanshbansal/Desktop/ser/dataset/Audio_Speech_Actors_01-24/Actor_10/03-01-03-01-02-01-10.wav,03-01-03-01-02-01-10.wav,happy,03,10,female,normal,2,Dogs are sitting by the door,1,speech,audio_only,48000.0,158558.0,3.3032916666666665,0.026926809921860695
/Users/devanshbansal/Desktop/ser/dataset/Audio_Speech_Actors_01-24/Actor_10/03-01-03-01-02-02-10.wav,03-01-03-01-02-02-10.wav,happy,03,10,female,normal,2,Dogs are sitting by the door,2,speech,audio_only,48000.0,160160.0,3.3366666666666664,0.02950911782681942
/Users/devanshbansal/Desktop/ser/dataset/Audio_Speech_Actors_01-24/Actor_10/03-01-03-02-01-01-10.wav,03-01-03-02-01-01-10.wav,happy,03,10,female,strong,1,Kids are talking by the door,1,speech,audio_only,48000.0,184184.0,3.8371666666666666,0.09681727737188339
/Users/devanshbansal/Desktop/ser/dataset/Audio_Speech_Actors_01-24/Actor_10/03-01-03-02-01-02-10.wav,03-01-03-02-01-02-10.wav,happy,03,10,female,strong,1,Kids are talking by the door,2,speech,audio_only,48000.0,168168.0,3.5035,0.09211020916700363
/Users/devanshbansal/Desktop/ser/dataset/Audio_Speech_Actors_01-24/Actor_10/03-01-03-02-02-01-10.wav,03-01-03-02-02-01-10.wav,happy,03,10,female,strong,2,Dogs are sitting by the door,1,speech,audio_only,48000.0,179379.0,3.7370625,0.12326709926128387
/Users/devanshbansal/Desktop/ser/dataset/Audio_Speech_Actors_01-24/Actor_10/03-01-03-02-02-02-10.wav,03-01-03-02-02-02-10.wav,happy,03,10,female,strong,2,Dogs are sitting by the door,2,speech,audio_only,48000.0,190591.0,3.970645833333333,0.10452276468276978
/Users/devanshbansal/Desktop/ser/dataset/Audio_Speech_Actors_01-24/Actor_10/03-01-04-01-01-01-10.wav,03-01-04-01-01-01-10.wav,sad,04,10,female,normal,1,Kids are talking by the door,1,speech,audio_only,48000.0,158558.0,3.3032916666666665,0.008310799486935139
/Users/devanshbansal/Desktop/ser/dataset/Audio_Speech_Actors_01-24/Actor_10/03-01-04-01-01-02-10.wav,03-01-04-01-01-02-10.wav,sad,04,10,female,normal,1,Kids are talking by the door,2,speech,audio_only,48000.0,166566.0,3.470125,0.007007088046520948
/Users/devanshbansal/Desktop/ser/dataset/Audio_Speech_Actors_01-24/Actor_10/03-01-04-01-02-01-10.wav,03-01-04-01-02-01-10.wav,sad,04,10,female,normal,2,Dogs are sitting by the door,1,speech,audio_only,48000.0,169770.0,3.536875,0.009113578125834465
/Users/devanshbansal/Desktop/ser/dataset/Audio_Speech_Actors_01-24/Actor_10/03-01-04-01-02-02-10.wav,03-01-04-01-02-02-10.wav,sad,04,10,female,normal,2,Dogs are sitting by the door,2,speech,audio_only,48000.0,182582.0,3.8037916666666667,0.007374538574367762
/Users/devanshbansal/Desktop/ser/dataset/Audio_Speech_Actors_01-24/Actor_10/03-01-04-02-01-01-10.wav,03-01-04-02-01-01-10.wav,sad,04,10,female,strong,1,Kids are talking by the door,1,speech,audio_only,48000.0,168168.0,3.5035,0.02078670635819435
/Users/devanshbansal/Desktop/ser/dataset/Audio_Speech_Actors_01-24/Actor_10/03-01-04-02-01-02-10.wav,03-01-04-02-01-02-10.wav,sad,04,10,female,strong,1,Kids are talking by the door,2,speech,audio_only,48000.0,171371.0,3.5702291666666666,0.011361731216311455
/Users/devanshbansal/Desktop/ser/dataset/Audio_Speech_Actors_01-24/Actor_10/03-01-04-02-02-01-10.wav,03-01-04-02-02-01-10.wav,sad,04,10,female,strong,2,Dogs are sitting by the door,1,speech,audio_only,48000.0,176176.0,3.6703333333333332,0.009061828255653381
/Users/devanshbansal/Desktop/ser/dataset/Audio_Speech_Actors_01-24/Actor_10/03-01-04-02-02-02-10.wav,03-01-04-02-02-02-10.wav,sad,04,10,female,strong,2,Dogs are sitting by the door,2,speech,audio_only,48000.0,171371.0,3.5702291666666666,0.01148755382746458
/Users/devanshbansal/Desktop/ser/dataset/Audio_Speech_Actors_01-24/Actor_10/03-01-05-01-01-01-10.wav,03-01-05-01-01-01-10.wav,angry,05,10,female,normal,1,Kids are talking by the door,1,speech,audio_only,48000.0,187387.0,3.9038958333333333,0.015144294127821922
/Users/devanshbansal/Desktop/ser/dataset/Audio_Speech_Actors_01-24/Actor_10/03-01-05-01-01-02-10.wav,03-01-05-01-01-02-10.wav,angry,05,10,female,normal,1,Kids are talking by the door,2,speech,audio_only,48000.0,192192.0,4.004,0.02842167392373085
/Users/devanshbansal/Desktop/ser/dataset/Audio_Speech_Actors_01-24/Actor_10/03-01-05-01-02-01-10.wav,03-01-05-01-02-01-10.wav,angry,05,10,female,normal,2,Dogs are sitting by the door,1,speech,audio_only,48000.0,196997.0,4.104104166666667,0.02246718294918537
/Users/devanshbansal/Desktop/ser/dataset/Audio_Speech_Actors_01-24/Actor_10/03-01-05-01-02-02-10.wav,03-01-05-01-02-02-10.wav,angry,05,10,female,normal,2,Dogs are sitting by the door,2,speech,audio_only,48000.0,198599.0,4.137479166666667,0.023496277630329132
/Users/devanshbansal/Desktop/ser/dataset/Audio_Speech_Actors_01-24/Actor_10/03-01-05-02-01-01-10.wav,03-01-05-02-01-01-10.wav,angry,05,10,female,strong,1,Kids are talking by the door,1,speech,audio_only,48000.0,200200.0,4.170833333333333,0.088240846991539
/Users/devanshbansal/Desktop/ser/dataset/Audio_Speech_Actors_01-24/Actor_10/03-01-05-02-01-02-10.wav,03-01-05-02-01-02-10.wav,angry,05,10,female,strong,1,Kids are talking by the door,2,speech,audio_only,48000.0,214614.0,4.471125,0.09346678107976913
/Users/devanshbansal/Desktop/ser/dataset/Audio_Speech_Actors_01-24/Actor_10/03-01-05-02-02-01-10.wav,03-01-05-02-02-01-10.wav,angry,05,10,female,strong,2,Dogs are sitting by the door,1,speech,audio_only,48000.0,185785.0,3.8705208333333334,0.09547384828329086
/Users/devanshbansal/Desktop/ser/dataset/Audio_Speech_Actors_01-24/Actor_10/03-01-05-02-02-02-10.wav,03-01-05-02-02-02-10.wav,angry,05,10,female,strong,2,Dogs are sitting by the door,2,speech,audio_only,48000.0,198598.0,4.137458333333333,0.09222173690795898
/Users/devanshbansal/Desktop/ser/dataset/Audio_Speech_Actors_01-24/Actor_10/03-01-06-01-01-01-10.wav,03-01-06-01-01-01-10.wav,fearful,06,10,female,normal,1,Kids are talking by the door,1,speech,audio_only,48000.0,163364.0,3.4034166666666668,0.01781367138028145
/Users/devanshbansal/Desktop/ser/dataset/Audio_Speech_Actors_01-24/Actor_10/03-01-06-01-01-02-10.wav,03-01-06-01-01-02-10.wav,fearful,06,10,female,normal,1,Kids are talking by the door,2,speech,audio_only,48000.0,158559.0,3.3033125,0.008937446400523186
/Users/devanshbansal/Desktop/ser/dataset/Audio_Speech_Actors_01-24/Actor_10/03-01-06-01-02-01-10.wav,03-01-06-01-02-01-10.wav,fearful,06,10,female,normal,2,Dogs are sitting by the door,1,speech,audio_only,48000.0,169769.0,3.5368541666666666,0.012529045343399048
/Users/devanshbansal/Desktop/ser/dataset/Audio_Speech_Actors_01-24/Actor_10/03-01-06-01-02-02-10.wav,03-01-06-01-02-02-10.wav,fearful,06,10,female,normal,2,Dogs are sitting by the door,2,speech,audio_only,48000.0,164965.0,3.4367708333333336,0.012461324222385883
/Users/devanshbansal/Desktop/ser/dataset/Audio_Speech_Actors_01-24/Actor_10/03-01-06-02-01-01-10.wav,03-01-06-02-01-01-10.wav,fearful,06,10,female,strong,1,Kids are talking by the door,1,speech,audio_only,48000.0,168168.0,3.5035,0.041802313178777695
/Users/devanshbansal/Desktop/ser/dataset/Audio_Speech_Actors_01-24/Actor_10/03-01-06-02-01-02-10.wav,03-01-06-02-01-02-10.wav,fearful,06,10,female,strong,1,Kids are talking by the door,2,speech,audio_only,48000.0,177778.0,3.703708333333333,0.03601989895105362
/Users/devanshbansal/Desktop/ser/dataset/Audio_Speech_Actors_01-24/Actor_10/03-01-06-02-02-01-10.wav,03-01-06-02-02-01-10.wav,fearful,06,10,female,strong,2,Dogs are sitting by the door,1,speech,audio_only,48000.0,182582.0,3.8037916666666667,0.043155062943696976
/Users/devanshbansal/Desktop/ser/dataset/Audio_Speech_Actors_01-24/Actor_10/03-01-06-02-02-02-10.wav,03-01-06-02-02-02-10.wav,fearful,06,10,female,strong,2,Dogs are sitting by the door,2,speech,audio_only,48000.0,185786.0,3.8705416666666665,0.020988846197724342
/Users/devanshbansal/Desktop/ser/dataset/Audio_Speech_Actors_01-24/Actor_10/03-01-07-01-01-01-10.wav,03-01-07-01-01-01-10.wav,disgust,07,10,female,normal,1,Kids are talking by the door,1,speech,audio_only,48000.0,177778.0,3.703708333333333,0.009722961112856865
/Users/devanshbansal/Desktop/ser/dataset/Audio_Speech_Actors_01-24/Actor_10/03-01-07-01-01-02-10.wav,03-01-07-01-01-02-10.wav,disgust,07,10,female,normal,1,Kids are talking by the door,2,speech,audio_only,48000.0,201801.0,4.2041875,0.010510362684726715
/Users/devanshbansal/Desktop/ser/dataset/Audio_Speech_Actors_01-24/Actor_10/03-01-07-01-02-01-10.wav,03-01-07-01-02-01-10.wav,disgust,07,10,female,normal,2,Dogs are sitting by the door,1,speech,audio_only,48000.0,185786.0,3.8705416666666665,0.009562808088958263
/Users/devanshbansal/Desktop/ser/dataset/Audio_Speech_Actors_01-24/Actor_10/03-01-07-01-02-02-10.wav,03-01-07-01-02-02-10.wav,disgust,07,10,female,normal,2,Dogs are sitting by the door,2,speech,audio_only,48000.0,205005.0,4.2709375,0.014425874687731266
/Users/devanshbansal/Desktop/ser/dataset/Audio_Speech_Actors_01-24/Actor_10/03-01-07-02-01-01-10.wav,03-01-07-02-01-01-10.wav,disgust,07,10,female,strong,1,Kids are talking by the door,1,speech,audio_only,48000.0,224224.0,4.671333333333333,0.03328507021069527
/Users/devanshbansal/Desktop/ser/dataset/Audio_Speech_Actors_01-24/Actor_10/03-01-07-02-01-02-10.wav,03-01-07-02-01-02-10.wav,disgust,07,10,female,strong,1,Kids are talking by the door,2,speech,audio_only,48000.0,217818.0,4.537875,0.03655510023236275
/Users/devanshbansal/Desktop/ser/dataset/Audio_Speech_Actors_01-24/Actor_10/03-01-07-02-02-01-10.wav,03-01-07-02-02-01-10.wav,disgust,07,10,female,strong,2,Dogs are sitting by the door,1,speech,audio_only,48000.0,201801.0,4.2041875,0.03051772154867649
/Users/devanshbansal/Desktop/ser/dataset/Audio_Speech_Actors_01-24/Actor_10/03-01-07-02-02-02-10.wav,03-01-07-02-02-02-10.wav,disgust,07,10,female,strong,2,Dogs are sitting by the door,2,speech,audio_only,48000.0,233834.0,4.871541666666666,0.039921294897794724
/Users/devanshbansal/Desktop/ser/dataset/Audio_Speech_Actors_01-24/Actor_10/03-01-08-01-01-01-10.wav,03-01-08-01-01-01-10.wav,surprised,08,10,female,normal,1,Kids are talking by the door,1,speech,audio_only,48000.0,155355.0,3.2365625,0.017215866595506668
/Users/devanshbansal/Desktop/ser/dataset/Audio_Speech_Actors_01-24/Actor_10/03-01-08-01-01-02-10.wav,03-01-08-01-01-02-10.wav,surprised,08,10,female,normal,1,Kids are talking by the door,2,speech,audio_only,48000.0,163364.0,3.4034166666666668,0.015253021381795406
/Users/devanshbansal/Desktop/ser/dataset/Audio_Speech_Actors_01-24/Actor_10/03-01-08-01-02-01-10.wav,03-01-08-01-02-01-10.wav,surprised,08,10,female,normal,2,Dogs are sitting by the door,1,speech,audio_only,48000.0,168168.0,3.5035,0.03269927203655243
/Users/devanshbansal/Desktop/ser/dataset/Audio_Speech_Actors_01-24/Actor_10/03-01-08-01-02-02-10.wav,03-01-08-01-02-02-10.wav,surprised,08,10,female,normal,2,Dogs are sitting by the door,2,speech,audio_only,48000.0,166566.0,3.470125,0.017147919163107872
/Users/devanshbansal/Desktop/ser/dataset/Audio_Speech_Actors_01-24/Actor_10/03-01-08-02-01-01-10.wav,03-01-08-02-01-01-10.wav,surprised,08,10,female,strong,1,Kids are talking by the door,1,speech,audio_only,48000.0,168168.0,3.5035,0.03676266968250275
/Users/devanshbansal/Desktop/ser/dataset/Audio_Speech_Actors_01-24/Actor_10/03-01-08-02-01-02-10.wav,03-01-08-02-01-02-10.wav,surprised,08,10,female,strong,1,Kids are talking by the door,2,speech,audio_only,48000.0,163363.0,3.403395833333333,0.04423145949840546
/Users/devanshbansal/Desktop/ser/dataset/Audio_Speech_Actors_01-24/Actor_10/03-01-08-02-02-01-10.wav,03-01-08-02-02-01-10.wav,surprised,08,10,female,strong,2,Dogs are sitting by the door,1,speech,audio_only,48000.0,174574.0,3.6369583333333333,0.0573950819671154
/Users/devanshbansal/Desktop/ser/dataset/Audio_Speech_Actors_01-24/Actor_10/03-01-08-02-02-02-10.wav,03-01-08-02-02-02-10.wav,surprised,08,10,female,strong,2,Dogs are sitting by the door,2,speech,audio_only,48000.0,168168.0,3.5035,0.04662944748997688
/Users/devanshbansal/Desktop/ser/dataset/Audio_Speech_Actors_01-24/Actor_11/03-01-01-01-01-01-11.wav,03-01-01-01-01-01-11.wav,calm,01,11,male,normal,1,Kids are talking by the door,1,speech,audio_only,48000.0,150551.0,3.1364791666666667,0.003030577441677451
/Users/devanshbansal/Desktop/ser/dataset/Audio_Speech_Actors_01-24/Actor_11/03-01-01-01-01-02-11.wav,03-01-01-01-01-02-11.wav,calm,01,11,male,normal,1,Kids are talking by the door,2,speech,audio_only,48000.0,148949.0,3.1031041666666668,0.0041906507685780525
/Users/devanshbansal/Desktop/ser/dataset/Audio_Speech_Actors_01-24/Actor_11/03-01-01-01-02-01-11.wav,03-01-01-01-02-01-11.wav,calm,01,11,male,normal,2,Dogs are sitting by the door,1,speech,audio_only,48000.0,153754.0,3.2032083333333334,0.0036478228867053986
/Users/devanshbansal/Desktop/ser/dataset/Audio_Speech_Actors_01-24/Actor_11/03-01-01-01-02-02-11.wav,03-01-01-01-02-02-11.wav,calm,01,11,male,normal,2,Dogs are sitting by the door,2,speech,audio_only,48000.0,152152.0,3.1698333333333335,0.0036241794005036354
/Users/devanshbansal/Desktop/ser/dataset/Audio_Speech_Actors_01-24/Actor_11/03-01-02-01-01-01-11.wav,03-01-02-01-01-01-11.wav,calm,02,11,male,normal,1,Kids are talking by the door,1,speech,audio_only,48000.0,156956.0,3.2699166666666666,0.0017367008840665221
/Users/devanshbansal/Desktop/ser/dataset/Audio_Speech_Actors_01-24/Actor_11/03-01-02-01-01-02-11.wav,03-01-02-01-01-02-11.wav,calm,02,11,male,normal,1,Kids are talking by the door,2,speech,audio_only,48000.0,160160.0,3.3366666666666664,0.002020431449636817
/Users/devanshbansal/Desktop/ser/dataset/Audio_Speech_Actors_01-24/Actor_11/03-01-02-01-02-01-11.wav,03-01-02-01-02-01-11.wav,calm,02,11,male,normal,2,Dogs are sitting by the door,1,speech,audio_only,48000.0,160160.0,3.3366666666666664,0.0032498303335160017
/Users/devanshbansal/Desktop/ser/dataset/Audio_Speech_Actors_01-24/Actor_11/03-01-02-01-02-02-11.wav,03-01-02-01-02-02-11.wav,calm,02,11,male,normal,2,Dogs are sitting by the door,2,speech,audio_only,48000.0,176176.0,3.6703333333333332,0.002008907962590456
/Users/devanshbansal/Desktop/ser/dataset/Audio_Speech_Actors_01-24/Actor_11/03-01-02-02-01-01-11.wav,03-01-02-02-01-01-11.wav,calm,02,11,male,strong,1,Kids are talking by the door,1,speech,audio_only,48000.0,184184.0,3.8371666666666666,0.001595585490576923
/Users/devanshbansal/Desktop/ser/dataset/Audio_Speech_Actors_01-24/Actor_11/03-01-02-02-01-02-11.wav,03-01-02-02-01-02-11.wav,calm,02,11,male,strong,1,Kids are talking by the door,2,speech,audio_only,48000.0,179380.0,3.7370833333333335,0.0015012278454378247
/Users/devanshbansal/Desktop/ser/dataset/Audio_Speech_Actors_01-24/Actor_11/03-01-02-02-02-01-11.wav,03-01-02-02-02-01-11.wav,calm,02,11,male,strong,2,Dogs are sitting by the door,1,speech,audio_only,48000.0,180981.0,3.7704375,0.0018616870511323214
/Users/devanshbansal/Desktop/ser/dataset/Audio_Speech_Actors_01-24/Actor_11/03-01-02-02-02-02-11.wav,03-01-02-02-02-02-11.wav,calm,02,11,male,strong,2,Dogs are sitting by the door,2,speech,audio_only,48000.0,184184.0,3.8371666666666666,0.0022023532073944807
/Users/devanshbansal/Desktop/ser/dataset/Audio_Speech_Actors_01-24/Actor_11/03-01-03-01-01-01-11.wav,03-01-03-01-01-01-11.wav,happy,03,11,male,normal,1,Kids are talking by the door,1,speech,audio_only,48000.0,148949.0,3.1031041666666668,0.006058479659259319
/Users/devanshbansal/Desktop/ser/dataset/Audio_Speech_Actors_01-24/Actor_11/03-01-03-01-01-02-11.wav,03-01-03-01-01-02-11.wav,happy,03,11,male,normal,1,Kids are talking by the door,2,speech,audio_only,48000.0,153754.0,3.2032083333333334,0.005986357573419809
/Users/devanshbansal/Desktop/ser/dataset/Audio_Speech_Actors_01-24/Actor_11/03-01-03-01-02-01-11.wav,03-01-03-01-02-01-11.wav,happy,03,11,male,normal,2,Dogs are sitting by the door,1,speech,audio_only,48000.0,152152.0,3.1698333333333335,0.006297889165580273
/Users/devanshbansal/Desktop/ser/dataset/Audio_Speech_Actors_01-24/Actor_11/03-01-03-01-02-02-11.wav,03-01-03-01-02-02-11.wav,happy,03,11,male,normal,2,Dogs are sitting by the door,2,speech,audio_only,48000.0,155356.0,3.2365833333333334,0.007344672456383705
/Users/devanshbansal/Desktop/ser/dataset/Audio_Speech_Actors_01-24/Actor_11/03-01-03-02-01-01-11.wav,03-01-03-02-01-01-11.wav,happy,03,11,male,strong,1,Kids are talking by the door,1,speech,audio_only,48000.0,193794.0,4.037375,0.02644459716975689
/Users/devanshbansal/Desktop/ser/dataset/Audio_Speech_Actors_01-24/Actor_11/03-01-03-02-01-02-11.wav,03-01-03-02-01-02-11.wav,happy,03,11,male,strong,1,Kids are talking by the door,2,speech,audio_only,48000.0,174575.0,3.636979166666667,0.029264148324728012
/Users/devanshbansal/Desktop/ser/dataset/Audio_Speech_Actors_01-24/Actor_11/03-01-03-02-02-01-11.wav,03-01-03-02-02-01-11.wav,happy,03,11,male,strong,2,Dogs are sitting by the door,1,speech,audio_only,48000.0,185785.0,3.8705208333333334,0.027345504611730576
/Users/devanshbansal/Desktop/ser/dataset/Audio_Speech_Actors_01-24/Actor_11/03-01-03-02-02-02-11.wav,03-01-03-02-02-02-11.wav,happy,03,11,male,strong,2,Dogs are sitting by the door,2,speech,audio_only,48000.0,168168.0,3.5035,0.02527458406984806
/Users/devanshbansal/Desktop/ser/dataset/Audio_Speech_Actors_01-24/Actor_11/03-01-04-01-01-01-11.wav,03-01-04-01-01-01-11.wav,sad,04,11,male,normal,1,Kids are talking by the door,1,speech,audio_only,48000.0,160160.0,3.3366666666666664,0.0030968673527240753
/Users/devanshbansal/Desktop/ser/dataset/Audio_Speech_Actors_01-24/Actor_11/03-01-04-01-01-02-11.wav,03-01-04-01-01-02-11.wav,sad,04,11,male,normal,1,Kids are talking by the door,2,speech,audio_only,48000.0,172973.0,3.6036041666666665,0.0026339334435760975
/Users/devanshbansal/Desktop/ser/dataset/Audio_Speech_Actors_01-24/Actor_11/03-01-04-01-02-01-11.wav,03-01-04-01-02-01-11.wav,sad,04,11,male,normal,2,Dogs are sitting by the door,1,speech,audio_only,48000.0,169769.0,3.5368541666666666,0.003438991727307439
/Users/devanshbansal/Desktop/ser/dataset/Audio_Speech_Actors_01-24/Actor_11/03-01-04-01-02-02-11.wav,03-01-04-01-02-02-11.wav,sad,04,11,male,normal,2,Dogs are sitting by the door,2,speech,audio_only,48000.0,164965.0,3.4367708333333336,0.004089594818651676
/Users/devanshbansal/Desktop/ser/dataset/Audio_Speech_Actors_01-24/Actor_11/03-01-04-02-01-01-11.wav,03-01-04-02-01-01-11.wav,sad,04,11,male,strong,1,Kids are talking by the door,1,speech,audio_only,48000.0,160160.0,3.3366666666666664,0.01023989450186491
/Users/devanshbansal/Desktop/ser/dataset/Audio_Speech_Actors_01-24/Actor_11/03-01-04-02-01-02-11.wav,03-01-04-02-01-02-11.wav,sad,04,11,male,strong,1,Kids are talking by the door,2,speech,audio_only,48000.0,172973.0,3.6036041666666665,0.015088827349245548
/Users/devanshbansal/Desktop/ser/dataset/Audio_Speech_Actors_01-24/Actor_11/03-01-04-02-02-01-11.wav,03-01-04-02-02-01-11.wav,sad,04,11,male,strong,2,Dogs are sitting by the door,1,speech,audio_only,48000.0,161762.0,3.370041666666667,0.014928781427443027
/Users/devanshbansal/Desktop/ser/dataset/Audio_Speech_Actors_01-24/Actor_11/03-01-04-02-02-02-11.wav,03-01-04-02-02-02-11.wav,sad,04,11,male,strong,2,Dogs are sitting by the door,2,speech,audio_only,48000.0,160160.0,3.3366666666666664,0.015684429556131363
/Users/devanshbansal/Desktop/ser/dataset/Audio_Speech_Actors_01-24/Actor_11/03-01-05-01-01-01-11.wav,03-01-05-01-01-01-11.wav,angry,05,11,male,normal,1,Kids are talking by the door,1,speech,audio_only,48000.0,172973.0,3.6036041666666665,0.014324663206934929
/Users/devanshbansal/Desktop/ser/dataset/Audio_Speech_Actors_01-24/Actor_11/03-01-05-01-01-02-11.wav,03-01-05-01-01-02-11.wav,angry,05,11,male,normal,1,Kids are talking by the door,2,speech,audio_only,48000.0,166567.0,3.4701458333333335,0.009361912496387959
/Users/devanshbansal/Desktop/ser/dataset/Audio_Speech_Actors_01-24/Actor_11/03-01-05-01-02-01-11.wav,03-01-05-01-02-01-11.wav,angry,05,11,male,normal,2,Dogs are sitting by the door,1,speech,audio_only,48000.0,166566.0,3.470125,0.02029717154800892
/Users/devanshbansal/Desktop/ser/dataset/Audio_Speech_Actors_01-24/Actor_11/03-01-05-01-02-02-11.wav,03-01-05-01-02-02-11.wav,angry,05,11,male,normal,2,Dogs are sitting by the door,2,speech,audio_only,48000.0,179380.0,3.7370833333333335,0.017950590699911118
/Users/devanshbansal/Desktop/ser/dataset/Audio_Speech_Actors_01-24/Actor_11/03-01-05-02-01-01-11.wav,03-01-05-02-01-01-11.wav,angry,05,11,male,strong,1,Kids are talking by the door,1,speech,audio_only,48000.0,169770.0,3.536875,0.038400374352931976
/Users/devanshbansal/Desktop/ser/dataset/Audio_Speech_Actors_01-24/Actor_11/03-01-05-02-01-02-11.wav,03-01-05-02-01-02-11.wav,angry,05,11,male,strong,1,Kids are talking by the door,2,speech,audio_only,48000.0,190590.0,3.970625,0.08181121200323105
/Users/devanshbansal/Desktop/ser/dataset/Audio_Speech_Actors_01-24/Actor_11/03-01-05-02-02-01-11.wav,03-01-05-02-02-01-11.wav,angry,05,11,male,strong,2,Dogs are sitting by the door,1,speech,audio_only,48000.0,188989.0,3.9372708333333333,0.07881651818752289
/Users/devanshbansal/Desktop/ser/dataset/Audio_Speech_Actors_01-24/Actor_11/03-01-05-02-02-02-11.wav,03-01-05-02-02-02-11.wav,angry,05,11,male,strong,2,Dogs are sitting by the door,2,speech,audio_only,48000.0,180981.0,3.7704375,0.10427530109882355
/Users/devanshbansal/Desktop/ser/dataset/Audio_Speech_Actors_01-24/Actor_11/03-01-06-01-01-01-11.wav,03-01-06-01-01-01-11.wav,fearful,06,11,male,normal,1,Kids are talking by the door,1,speech,audio_only,48000.0,166566.0,3.470125,0.005220492836087942
/Users/devanshbansal/Desktop/ser/dataset/Audio_Speech_Actors_01-24/Actor_11/03-01-06-01-01-02-11.wav,03-01-06-01-01-02-11.wav,fearful,06,11,male,normal,1,Kids are talking by the door,2,speech,audio_only,48000.0,168168.0,3.5035,0.007577329408377409
/Users/devanshbansal/Desktop/ser/dataset/Audio_Speech_Actors_01-24/Actor_11/03-01-06-01-02-01-11.wav,03-01-06-01-02-01-11.wav,fearful,06,11,male,normal,2,Dogs are sitting by the door,1,speech,audio_only,48000.0,152152.0,3.1698333333333335,0.01048780232667923
/Users/devanshbansal/Desktop/ser/dataset/Audio_Speech_Actors_01-24/Actor_11/03-01-06-01-02-02-11.wav,03-01-06-01-02-02-11.wav,fearful,06,11,male,normal,2,Dogs are sitting by the door,2,speech,audio_only,48000.0,153754.0,3.2032083333333334,0.010658130049705505
/Users/devanshbansal/Desktop/ser/dataset/Audio_Speech_Actors_01-24/Actor_11/03-01-06-02-01-01-11.wav,03-01-06-02-01-01-11.wav,fearful,06,11,male,strong,1,Kids are talking by the door,1,speech,audio_only,48000.0,153754.0,3.2032083333333334,0.035457219928503036
/Users/devanshbansal/Desktop/ser/dataset/Audio_Speech_Actors_01-24/Actor_11/03-01-06-02-01-02-11.wav,03-01-06-02-01-02-11.wav,fearful,06,11,male,strong,1,Kids are talking by the door,2,speech,audio_only,48000.0,153754.0,3.2032083333333334,0.04261091351509094
/Users/devanshbansal/Desktop/ser/dataset/Audio_Speech_Actors_01-24/Actor_11/03-01-06-02-02-01-11.wav,03-01-06-02-02-01-11.wav,fearful,06,11,male,strong,2,Dogs are sitting by the door,1,speech,audio_only,48000.0,147348.0,3.06975,0.04965943098068237
/Users/devanshbansal/Desktop/ser/dataset/Audio_Speech_Actors_01-24/Actor_11/03-01-06-02-02-02-11.wav,03-01-06-02-02-02-11.wav,fearful,06,11,male,strong,2,Dogs are sitting by the door,2,speech,audio_only,48000.0,150550.0,3.136458333333333,0.0513678714632988
/Users/devanshbansal/Desktop/ser/dataset/Audio_Speech_Actors_01-24/Actor_11/03-01-07-01-01-01-11.wav,03-01-07-01-01-01-11.wav,disgust,07,11,male,normal,1,Kids are talking by the door,1,speech,audio_only,48000.0,176176.0,3.6703333333333332,0.00687116663902998
/Users/devanshbansal/Desktop/ser/dataset/Audio_Speech_Actors_01-24/Actor_11/03-01-07-01-01-02-11.wav,03-01-07-01-01-02-11.wav,disgust,07,11,male,normal,1,Kids are talking by the door,2,speech,audio_only,48000.0,172973.0,3.6036041666666665,0.009336400777101517
/Users/devanshbansal/Desktop/ser/dataset/Audio_Speech_Actors_01-24/Actor_11/03-01-07-01-02-01-11.wav,03-01-07-01-02-01-11.wav,disgust,07,11,male,normal,2,Dogs are sitting by the door,1,speech,audio_only,48000.0,166566.0,3.470125,0.007892179302871227
/Users/devanshbansal/Desktop/ser/dataset/Audio_Speech_Actors_01-24/Actor_11/03-01-07-01-02-02-11.wav,03-01-07-01-02-02-11.wav,disgust,07,11,male,normal,2,Dogs are sitting by the door,2,speech,audio_only,48000.0,176176.0,3.6703333333333332,0.009984000585973263
/Users/devanshbansal/Desktop/ser/dataset/Audio_Speech_Actors_01-24/Actor_11/03-01-07-02-01-01-11.wav,03-01-07-02-01-01-11.wav,disgust,07,11,male,strong,1,Kids are talking by the door,1,speech,audio_only,48000.0,182583.0,3.8038125,0.010991446673870087
/Users/devanshbansal/Desktop/ser/dataset/Audio_Speech_Actors_01-24/Actor_11/03-01-07-02-01-02-11.wav,03-01-07-02-01-02-11.wav,disgust,07,11,male,strong,1,Kids are talking by the door,2,speech,audio_only,48000.0,182583.0,3.8038125,0.009002168662846088
/Users/devanshbansal/Desktop/ser/dataset/Audio_Speech_Actors_01-24/Actor_11/03-01-07-02-02-01-11.wav,03-01-07-02-02-01-11.wav,disgust,07,11,male,strong,2,Dogs are sitting by the door,1,speech,audio_only,48000.0,179379.0,3.7370625,0.009903467260301113
/Users/devanshbansal/Desktop/ser/dataset/Audio_Speech_Actors_01-24/Actor_11/03-01-07-02-02-02-11.wav,03-01-07-02-02-02-11.wav,disgust,07,11,male,strong,2,Dogs are sitting by the door,2,speech,audio_only,48000.0,179379.0,3.7370625,0.013139061629772186
/Users/devanshbansal/Desktop/ser/dataset/Audio_Speech_Actors_01-24/Actor_11/03-01-08-01-01-01-11.wav,03-01-08-01-01-01-11.wav,surprised,08,11,male,normal,1,Kids are talking by the door,1,speech,audio_only,48000.0,147347.0,3.069729166666667,0.006185346748679876
/Users/devanshbansal/Desktop/ser/dataset/Audio_Speech_Actors_01-24/Actor_11/03-01-08-01-01-02-11.wav,03-01-08-01-01-02-11.wav,surprised,08,11,male,normal,1,Kids are talking by the door,2,speech,audio_only,48000.0,150550.0,3.136458333333333,0.008982695639133453
/Users/devanshbansal/Desktop/ser/dataset/Audio_Speech_Actors_01-24/Actor_11/03-01-08-01-02-01-11.wav,03-01-08-01-02-01-11.wav,surprised,08,11,male,normal,2,Dogs are sitting by the door,1,speech,audio_only,48000.0,152152.0,3.1698333333333335,0.015515560284256935
/Users/devanshbansal/Desktop/ser/dataset/Audio_Speech_Actors_01-24/Actor_11/03-01-08-01-02-02-11.wav,03-01-08-01-02-02-11.wav,surprised,08,11,male,normal,2,Dogs are sitting by the door,2,speech,audio_only,48000.0,142542.0,2.969625,0.012684480287134647
/Users/devanshbansal/Desktop/ser/dataset/Audio_Speech_Actors_01-24/Actor_11/03-01-08-02-01-01-11.wav,03-01-08-02-01-01-11.wav,surprised,08,11,male,strong,1,Kids are talking by the door,1,speech,audio_only,48000.0,147347.0,3.069729166666667,0.012016667984426022
/Users/devanshbansal/Desktop/ser/dataset/Audio_Speech_Actors_01-24/Actor_11/03-01-08-02-01-02-11.wav,03-01-08-02-01-02-11.wav,surprised,08,11,male,strong,1,Kids are talking by the door,2,speech,audio_only,48000.0,148949.0,3.1031041666666668,0.020559532567858696
/Users/devanshbansal/Desktop/ser/dataset/Audio_Speech_Actors_01-24/Actor_11/03-01-08-02-02-01-11.wav,03-01-08-02-02-01-11.wav,surprised,08,11,male,strong,2,Dogs are sitting by the door,1,speech,audio_only,48000.0,147347.0,3.069729166666667,0.020254487171769142
/Users/devanshbansal/Desktop/ser/dataset/Audio_Speech_Actors_01-24/Actor_11/03-01-08-02-02-02-11.wav,03-01-08-02-02-02-11.wav,surprised,08,11,male,strong,2,Dogs are sitting by the door,2,speech,audio_only,48000.0,147347.0,3.069729166666667,0.020051324740052223
/Users/devanshbansal/Desktop/ser/dataset/Audio_Speech_Actors_01-24/Actor_12/03-01-01-01-01-01-12.wav,03-01-01-01-01-01-12.wav,calm,01,12,female,normal,1,Kids are talking by the door,1,speech,audio_only,48000.0,174574.0,3.6369583333333333,0.00422237953171134
/Users/devanshbansal/Desktop/ser/dataset/Audio_Speech_Actors_01-24/Actor_12/03-01-01-01-01-02-12.wav,03-01-01-01-01-02-12.wav,calm,01,12,female,normal,1,Kids are talking by the door,2,speech,audio_only,48000.0,169770.0,3.536875,0.004007375333458185
/Users/devanshbansal/Desktop/ser/dataset/Audio_Speech_Actors_01-24/Actor_12/03-01-01-01-02-01-12.wav,03-01-01-01-02-01-12.wav,calm,01,12,female,normal,2,Dogs are sitting by the door,1,speech,audio_only,48000.0,172973.0,3.6036041666666665,0.005489271599799395
/Users/devanshbansal/Desktop/ser/dataset/Audio_Speech_Actors_01-24/Actor_12/03-01-01-01-02-02-12.wav,03-01-01-01-02-02-12.wav,calm,01,12,female,normal,2,Dogs are sitting by the door,2,speech,audio_only,48000.0,174575.0,3.636979166666667,0.004765362478792667
/Users/devanshbansal/Desktop/ser/dataset/Audio_Speech_Actors_01-24/Actor_12/03-01-02-01-01-01-12.wav,03-01-02-01-01-01-12.wav,calm,02,12,female,normal,1,Kids are talking by the door,1,speech,audio_only,48000.0,185785.0,3.8705208333333334,0.004620647057890892
/Users/devanshbansal/Desktop/ser/dataset/Audio_Speech_Actors_01-24/Actor_12/03-01-02-01-01-02-12.wav,03-01-02-01-01-02-12.wav,calm,02,12,female,normal,1,Kids are talking by the door,2,speech,audio_only,48000.0,180980.0,3.7704166666666667,0.0038197431713342667
/Users/devanshbansal/Desktop/ser/dataset/Audio_Speech_Actors_01-24/Actor_12/03-01-02-01-02-01-12.wav,03-01-02-01-02-01-12.wav,calm,02,12,female,normal,2,Dogs are sitting by the door,1,speech,audio_only,48000.0,180981.0,3.7704375,0.005090685095638037
/Users/devanshbansal/Desktop/ser/dataset/Audio_Speech_Actors_01-24/Actor_12/03-01-02-01-02-02-12.wav,03-01-02-01-02-02-12.wav,calm,02,12,female,normal,2,Dogs are sitting by the door,2,speech,audio_only,48000.0,176176.0,3.6703333333333332,0.004687628708779812
/Users/devanshbansal/Desktop/ser/dataset/Audio_Speech_Actors_01-24/Actor_12/03-01-02-02-01-01-12.wav,03-01-02-02-01-01-12.wav,calm,02,12,female,strong,1,Kids are talking by the door,1,speech,audio_only,48000.0,190590.0,3.970625,0.004059061408042908
/Users/devanshbansal/Desktop/ser/dataset/Audio_Speech_Actors_01-24/Actor_12/03-01-02-02-01-02-12.wav,03-01-02-02-01-02-12.wav,calm,02,12,female,strong,1,Kids are talking by the door,2,speech,audio_only,48000.0,180981.0,3.7704375,0.004252753686159849
/Users/devanshbansal/Desktop/ser/dataset/Audio_Speech_Actors_01-24/Actor_12/03-01-02-02-02-01-12.wav,03-01-02-02-02-01-12.wav,calm,02,12,female,strong,2,Dogs are sitting by the door,1,speech,audio_only,48000.0,179380.0,3.7370833333333335,0.004923962987959385
/Users/devanshbansal/Desktop/ser/dataset/Audio_Speech_Actors_01-24/Actor_12/03-01-02-02-02-02-12.wav,03-01-02-02-02-02-12.wav,calm,02,12,female,strong,2,Dogs are sitting by the door,2,speech,audio_only,48000.0,182583.0,3.8038125,0.0046068476513028145
/Users/devanshbansal/Desktop/ser/dataset/Audio_Speech_Actors_01-24/Actor_12/03-01-03-01-01-01-12.wav,03-01-03-01-01-01-12.wav,happy,03,12,female,normal,1,Kids are talking by the door,1,speech,audio_only,48000.0,177778.0,3.703708333333333,0.010019497945904732
/Users/devanshbansal/Desktop/ser/dataset/Audio_Speech_Actors_01-24/Actor_12/03-01-03-01-01-02-12.wav,03-01-03-01-01-02-12.wav,happy,03,12,female,normal,1,Kids are talking by the door,2,speech,audio_only,48000.0,179379.0,3.7370625,0.010531371459364891
/Users/devanshbansal/Desktop/ser/dataset/Audio_Speech_Actors_01-24/Actor_12/03-01-03-01-02-01-12.wav,03-01-03-01-02-01-12.wav,happy,03,12,female,normal,2,Dogs are sitting by the door,1,speech,audio_only,48000.0,168168.0,3.5035,0.009664665907621384
/Users/devanshbansal/Desktop/ser/dataset/Audio_Speech_Actors_01-24/Actor_12/03-01-03-01-02-02-12.wav,03-01-03-01-02-02-12.wav,happy,03,12,female,normal,2,Dogs are sitting by the door,2,speech,audio_only,48000.0,179380.0,3.7370833333333335,0.011676527559757233
/Users/devanshbansal/Desktop/ser/dataset/Audio_Speech_Actors_01-24/Actor_12/03-01-03-02-01-01-12.wav,03-01-03-02-01-01-12.wav,happy,03,12,female,strong,1,Kids are talking by the door,1,speech,audio_only,48000.0,201802.0,4.204208333333334,0.04057231545448303
/Users/devanshbansal/Desktop/ser/dataset/Audio_Speech_Actors_01-24/Actor_12/03-01-03-02-01-02-12.wav,03-01-03-02-01-02-12.wav,happy,03,12,female,strong,1,Kids are talking by the door,2,speech,audio_only,48000.0,198598.0,4.137458333333333,0.03678407147526741
/Users/devanshbansal/Desktop/ser/dataset/Audio_Speech_Actors_01-24/Actor_12/03-01-03-02-02-01-12.wav,03-01-03-02-02-01-12.wav,happy,03,12,female,strong,2,Dogs are sitting by the door,1,speech,audio_only,48000.0,187388.0,3.9039166666666665,0.02002614177763462
/Users/devanshbansal/Desktop/ser/dataset/Audio_Speech_Actors_01-24/Actor_12/03-01-03-02-02-02-12.wav,03-01-03-02-02-02-12.wav,happy,03,12,female,strong,2,Dogs are sitting by the door,2,speech,audio_only,48000.0,190590.0,3.970625,0.042748481035232544
/Users/devanshbansal/Desktop/ser/dataset/Audio_Speech_Actors_01-24/Actor_12/03-01-04-01-01-01-12.wav,03-01-04-01-01-01-12.wav,sad,04,12,female,normal,1,Kids are talking by the door,1,speech,audio_only,48000.0,176176.0,3.6703333333333332,0.008495213463902473
/Users/devanshbansal/Desktop/ser/dataset/Audio_Speech_Actors_01-24/Actor_12/03-01-04-01-01-02-12.wav,03-01-04-01-01-02-12.wav,sad,04,12,female,normal,1,Kids are talking by the door,2,speech,audio_only,48000.0,172972.0,3.6035833333333334,0.00760992243885994
/Users/devanshbansal/Desktop/ser/dataset/Audio_Speech_Actors_01-24/Actor_12/03-01-04-01-02-01-12.wav,03-01-04-01-02-01-12.wav,sad,04,12,female,normal,2,Dogs are sitting by the door,1,speech,audio_only,48000.0,176176.0,3.6703333333333332,0.005372287705540657
/Users/devanshbansal/Desktop/ser/dataset/Audio_Speech_Actors_01-24/Actor_12/03-01-04-01-02-02-12.wav,03-01-04-01-02-02-12.wav,sad,04,12,female,normal,2,Dogs are sitting by the door,2,speech,audio_only,48000.0,171371.0,3.5702291666666666,0.007070566527545452
/Users/devanshbansal/Desktop/ser/dataset/Audio_Speech_Actors_01-24/Actor_12/03-01-04-02-01-01-12.wav,03-01-04-02-01-01-12.wav,sad,04,12,female,strong,1,Kids are talking by the door,1,speech,audio_only,48000.0,185785.0,3.8705208333333334,0.02286919578909874
/Users/devanshbansal/Desktop/ser/dataset/Audio_Speech_Actors_01-24/Actor_12/03-01-04-02-01-02-12.wav,03-01-04-02-01-02-12.wav,sad,04,12,female,strong,1,Kids are talking by the door,2,speech,audio_only,48000.0,180981.0,3.7704375,0.03208064287900925
/Users/devanshbansal/Desktop/ser/dataset/Audio_Speech_Actors_01-24/Actor_12/03-01-04-02-02-01-12.wav,03-01-04-02-02-01-12.wav,sad,04,12,female,strong,2,Dogs are sitting by the door,1,speech,audio_only,48000.0,182582.0,3.8037916666666667,0.023990213871002197
/Users/devanshbansal/Desktop/ser/dataset/Audio_Speech_Actors_01-24/Actor_12/03-01-04-02-02-02-12.wav,03-01-04-02-02-02-12.wav,sad,04,12,female,strong,2,Dogs are sitting by the door,2,speech,audio_only,48000.0,185786.0,3.8705416666666665,0.038777898997068405
/Users/devanshbansal/Desktop/ser/dataset/Audio_Speech_Actors_01-24/Actor_12/03-01-05-01-01-01-12.wav,03-01-05-01-01-01-12.wav,angry,05,12,female,normal,1,Kids are talking by the door,1,speech,audio_only,48000.0,205005.0,4.2709375,0.00991690531373024
/Users/devanshbansal/Desktop/ser/dataset/Audio_Speech_Actors_01-24/Actor_12/03-01-05-01-01-02-12.wav,03-01-05-01-01-02-12.wav,angry,05,12,female,normal,1,Kids are talking by the door,2,speech,audio_only,48000.0,190590.0,3.970625,0.011377147398889065
/Users/devanshbansal/Desktop/ser/dataset/Audio_Speech_Actors_01-24/Actor_12/03-01-05-01-02-01-12.wav,03-01-05-01-02-01-12.wav,angry,05,12,female,normal,2,Dogs are sitting by the door,1,speech,audio_only,48000.0,179380.0,3.7370833333333335,0.007240879349410534
/Users/devanshbansal/Desktop/ser/dataset/Audio_Speech_Actors_01-24/Actor_12/03-01-05-01-02-02-12.wav,03-01-05-01-02-02-12.wav,angry,05,12,female,normal,2,Dogs are sitting by the door,2,speech,audio_only,48000.0,198598.0,4.137458333333333,0.008231942541897297
/Users/devanshbansal/Desktop/ser/dataset/Audio_Speech_Actors_01-24/Actor_12/03-01-05-02-01-01-12.wav,03-01-05-02-01-01-12.wav,angry,05,12,female,strong,1,Kids are talking by the door,1,speech,audio_only,48000.0,174574.0,3.6369583333333333,0.04470527917146683
/Users/devanshbansal/Desktop/ser/dataset/Audio_Speech_Actors_01-24/Actor_12/03-01-05-02-01-02-12.wav,03-01-05-02-01-02-12.wav,angry,05,12,female,strong,1,Kids are talking by the door,2,speech,audio_only,48000.0,176176.0,3.6703333333333332,0.0891704261302948
/Users/devanshbansal/Desktop/ser/dataset/Audio_Speech_Actors_01-24/Actor_12/03-01-05-02-02-01-12.wav,03-01-05-02-02-01-12.wav,angry,05,12,female,strong,2,Dogs are sitting by the door,1,speech,audio_only,48000.0,182583.0,3.8038125,0.038681529462337494
/Users/devanshbansal/Desktop/ser/dataset/Audio_Speech_Actors_01-24/Actor_12/03-01-05-02-02-02-12.wav,03-01-05-02-02-02-12.wav,angry,05,12,female,strong,2,Dogs are sitting by the door,2,speech,audio_only,48000.0,184184.0,3.8371666666666666,0.06807494908571243
/Users/devanshbansal/Desktop/ser/dataset/Audio_Speech_Actors_01-24/Actor_12/03-01-06-01-01-01-12.wav,03-01-06-01-01-01-12.wav,fearful,06,12,female,normal,1,Kids are talking by the door,1,speech,audio_only,48000.0,163364.0,3.4034166666666668,0.016410553827881813
/Users/devanshbansal/Desktop/ser/dataset/Audio_Speech_Actors_01-24/Actor_12/03-01-06-01-01-02-12.wav,03-01-06-01-01-02-12.wav,fearful,06,12,female,normal,1,Kids are talking by the door,2,speech,audio_only,48000.0,168168.0,3.5035,0.015193370170891285
/Users/devanshbansal/Desktop/ser/dataset/Audio_Speech_Actors_01-24/Actor_12/03-01-06-01-02-01-12.wav,03-01-06-01-02-01-12.wav,fearful,06,12,female,normal,2,Dogs are sitting by the door,1,speech,audio_only,48000.0,161761.0,3.3700208333333332,0.010399876162409782
/Users/devanshbansal/Desktop/ser/dataset/Audio_Speech_Actors_01-24/Actor_12/03-01-06-01-02-02-12.wav,03-01-06-01-02-02-12.wav,fearful,06,12,female,normal,2,Dogs are sitting by the door,2,speech,audio_only,48000.0,153754.0,3.2032083333333334,0.01253462489694357
/Users/devanshbansal/Desktop/ser/dataset/Audio_Speech_Actors_01-24/Actor_12/03-01-06-02-01-01-12.wav,03-01-06-02-01-01-12.wav,fearful,06,12,female,strong,1,Kids are talking by the door,1,speech,audio_only,48000.0,179380.0,3.7370833333333335,0.05401023477315903
/Users/devanshbansal/Desktop/ser/dataset/Audio_Speech_Actors_01-24/Actor_12/03-01-06-02-01-02-12.wav,03-01-06-02-01-02-12.wav,fearful,06,12,female,strong,1,Kids are talking by the door,2,speech,audio_only,48000.0,177778.0,3.703708333333333,0.07109913975000381
/Users/devanshbansal/Desktop/ser/dataset/Audio_Speech_Actors_01-24/Actor_12/03-01-06-02-02-01-12.wav,03-01-06-02-02-01-12.wav,fearful,06,12,female,strong,2,Dogs are sitting by the door,1,speech,audio_only,48000.0,166567.0,3.4701458333333335,0.055383265018463135
/Users/devanshbansal/Desktop/ser/dataset/Audio_Speech_Actors_01-24/Actor_12/03-01-06-02-02-02-12.wav,03-01-06-02-02-02-12.wav,fearful,06,12,female,strong,2,Dogs are sitting by the door,2,speech,audio_only,48000.0,176176.0,3.6703333333333332,0.061586830765008926
/Users/devanshbansal/Desktop/ser/dataset/Audio_Speech_Actors_01-24/Actor_12/03-01-07-01-01-01-12.wav,03-01-07-01-01-01-12.wav,disgust,07,12,female,normal,1,Kids are talking by the door,1,speech,audio_only,48000.0,179379.0,3.7370625,0.006725630257278681
/Users/devanshbansal/Desktop/ser/dataset/Audio_Speech_Actors_01-24/Actor_12/03-01-07-01-01-02-12.wav,03-01-07-01-01-02-12.wav,disgust,07,12,female,normal,1,Kids are talking by the door,2,speech,audio_only,48000.0,177778.0,3.703708333333333,0.007343298755586147
/Users/devanshbansal/Desktop/ser/dataset/Audio_Speech_Actors_01-24/Actor_12/03-01-07-01-02-01-12.wav,03-01-07-01-02-01-12.wav,disgust,07,12,female,normal,2,Dogs are sitting by the door,1,speech,audio_only,48000.0,172973.0,3.6036041666666665,0.006469981744885445
/Users/devanshbansal/Desktop/ser/dataset/Audio_Speech_Actors_01-24/Actor_12/03-01-07-01-02-02-12.wav,03-01-07-01-02-02-12.wav,disgust,07,12,female,normal,2,Dogs are sitting by the door,2,speech,audio_only,48000.0,177778.0,3.703708333333333,0.006267704535275698
/Users/devanshbansal/Desktop/ser/dataset/Audio_Speech_Actors_01-24/Actor_12/03-01-07-02-01-01-12.wav,03-01-07-02-01-01-12.wav,disgust,07,12,female,strong,1,Kids are talking by the door,1,speech,audio_only,48000.0,190591.0,3.970645833333333,0.011004183441400528
/Users/devanshbansal/Desktop/ser/dataset/Audio_Speech_Actors_01-24/Actor_12/03-01-07-02-01-02-12.wav,03-01-07-02-01-02-12.wav,disgust,07,12,female,strong,1,Kids are talking by the door,2,speech,audio_only,48000.0,217817.0,4.5378541666666665,0.018093690276145935
/Users/devanshbansal/Desktop/ser/dataset/Audio_Speech_Actors_01-24/Actor_12/03-01-07-02-02-01-12.wav,03-01-07-02-02-01-12.wav,disgust,07,12,female,strong,2,Dogs are sitting by the door,1,speech,audio_only,48000.0,201802.0,4.204208333333334,0.019577978178858757
/Users/devanshbansal/Desktop/ser/dataset/Audio_Speech_Actors_01-24/Actor_12/03-01-07-02-02-02-12.wav,03-01-07-02-02-02-12.wav,disgust,07,12,female,strong,2,Dogs are sitting by the door,2,speech,audio_only,48000.0,190591.0,3.970645833333333,0.019931018352508545
/Users/devanshbansal/Desktop/ser/dataset/Audio_Speech_Actors_01-24/Actor_12/03-01-08-01-01-01-12.wav,03-01-08-01-01-01-12.wav,surprised,08,12,female,normal,1,Kids are talking by the door,1,speech,audio_only,48000.0,169770.0,3.536875,0.008123260922729969
/Users/devanshbansal/Desktop/ser/dataset/Audio_Speech_Actors_01-24/Actor_12/03-01-08-01-01-02-12.wav,03-01-08-01-01-02-12.wav,surprised,08,12,female,normal,1,Kids are talking by the door,2,speech,audio_only,48000.0,174574.0,3.6369583333333333,0.009769000113010406
/Users/devanshbansal/Desktop/ser/dataset/Audio_Speech_Actors_01-24/Actor_12/03-01-08-01-02-01-12.wav,03-01-08-01-02-01-12.wav,surprised,08,12,female,normal,2,Dogs are sitting by the door,1,speech,audio_only,48000.0,168168.0,3.5035,0.010275873355567455
/Users/devanshbansal/Desktop/ser/dataset/Audio_Speech_Actors_01-24/Actor_12/03-01-08-01-02-02-12.wav,03-01-08-01-02-02-12.wav,surprised,08,12,female,normal,2,Dogs are sitting by the door,2,speech,audio_only,48000.0,172973.0,3.6036041666666665,0.010978659614920616
/Users/devanshbansal/Desktop/ser/dataset/Audio_Speech_Actors_01-24/Actor_12/03-01-08-02-01-01-12.wav,03-01-08-02-01-01-12.wav,surprised,08,12,female,strong,1,Kids are talking by the door,1,speech,audio_only,48000.0,177777.0,3.7036875,0.014206908643245697
/Users/devanshbansal/Desktop/ser/dataset/Audio_Speech_Actors_01-24/Actor_12/03-01-08-02-01-02-12.wav,03-01-08-02-01-02-12.wav,surprised,08,12,female,strong,1,Kids are talking by the door,2,speech,audio_only,48000.0,179379.0,3.7370625,0.017389165237545967
/Users/devanshbansal/Desktop/ser/dataset/Audio_Speech_Actors_01-24/Actor_12/03-01-08-02-02-01-12.wav,03-01-08-02-02-01-12.wav,surprised,08,12,female,strong,2,Dogs are sitting by the door,1,speech,audio_only,48000.0,179379.0,3.7370625,0.016118479892611504
/Users/devanshbansal/Desktop/ser/dataset/Audio_Speech_Actors_01-24/Actor_12/03-01-08-02-02-02-12.wav,03-01-08-02-02-02-12.wav,surprised,08,12,female,strong,2,Dogs are sitting by the door,2,speech,audio_only,48000.0,176176.0,3.6703333333333332,0.014668435789644718
/Users/devanshbansal/Desktop/ser/dataset/Audio_Speech_Actors_01-24/Actor_13/03-01-01-01-01-01-13.wav,03-01-01-01-01-01-13.wav,calm,01,13,male,normal,1,Kids are talking by the door,1,speech,audio_only,48000.0,152152.0,3.1698333333333335,0.003504502587020397
/Users/devanshbansal/Desktop/ser/dataset/Audio_Speech_Actors_01-24/Actor_13/03-01-01-01-01-02-13.wav,03-01-01-01-01-02-13.wav,calm,01,13,male,normal,1,Kids are talking by the door,2,speech,audio_only,48000.0,153753.0,3.2031875,0.0035826500970870256
/Users/devanshbansal/Desktop/ser/dataset/Audio_Speech_Actors_01-24/Actor_13/03-01-01-01-02-01-13.wav,03-01-01-01-02-01-13.wav,calm,01,13,male,normal,2,Dogs are sitting by the door,1,speech,audio_only,48000.0,147347.0,3.069729166666667,0.003673823084682226
/Users/devanshbansal/Desktop/ser/dataset/Audio_Speech_Actors_01-24/Actor_13/03-01-01-01-02-02-13.wav,03-01-01-01-02-02-13.wav,calm,01,13,male,normal,2,Dogs are sitting by the door,2,speech,audio_only,48000.0,150550.0,3.136458333333333,0.0044419728219509125
/Users/devanshbansal/Desktop/ser/dataset/Audio_Speech_Actors_01-24/Actor_13/03-01-02-01-01-01-13.wav,03-01-02-01-01-01-13.wav,calm,02,13,male,normal,1,Kids are talking by the door,1,speech,audio_only,48000.0,158558.0,3.3032916666666665,0.00269990018568933
/Users/devanshbansal/Desktop/ser/dataset/Audio_Speech_Actors_01-24/Actor_13/03-01-02-01-01-02-13.wav,03-01-02-01-01-02-13.wav,calm,02,13,male,normal,1,Kids are talking by the door,2,speech,audio_only,48000.0,152152.0,3.1698333333333335,0.0030984256882220507
/Users/devanshbansal/Desktop/ser/dataset/Audio_Speech_Actors_01-24/Actor_13/03-01-02-01-02-01-13.wav,03-01-02-01-02-01-13.wav,calm,02,13,male,normal,2,Dogs are sitting by the door,1,speech,audio_only,48000.0,150550.0,3.136458333333333,0.0027295229956507683
/Users/devanshbansal/Desktop/ser/dataset/Audio_Speech_Actors_01-24/Actor_13/03-01-02-01-02-02-13.wav,03-01-02-01-02-02-13.wav,calm,02,13,male,normal,2,Dogs are sitting by the door,2,speech,audio_only,48000.0,140941.0,2.9362708333333334,0.0029476131312549114
/Users/devanshbansal/Desktop/ser/dataset/Audio_Speech_Actors_01-24/Actor_13/03-01-02-02-01-01-13.wav,03-01-02-02-01-01-13.wav,calm,02,13,male,strong,1,Kids are talking by the door,1,speech,audio_only,48000.0,150551.0,3.1364791666666667,0.0027530649676918983
/Users/devanshbansal/Desktop/ser/dataset/Audio_Speech_Actors_01-24/Actor_13/03-01-02-02-01-02-13.wav,03-01-02-02-01-02-13.wav,calm,02,13,male,strong,1,Kids are talking by the door,2,speech,audio_only,48000.0,153754.0,3.2032083333333334,0.0036844913847744465
/Users/devanshbansal/Desktop/ser/dataset/Audio_Speech_Actors_01-24/Actor_13/03-01-02-02-02-01-13.wav,03-01-02-02-02-01-13.wav,calm,02,13,male,strong,2,Dogs are sitting by the door,1,speech,audio_only,48000.0,144144.0,3.003,0.003737484570592642
/Users/devanshbansal/Desktop/ser/dataset/Audio_Speech_Actors_01-24/Actor_13/03-01-02-02-02-02-13.wav,03-01-02-02-02-02-13.wav,calm,02,13,male,strong,2,Dogs are sitting by the door,2,speech,audio_only,48000.0,145745.0,3.0363541666666665,0.003725194139406085
/Users/devanshbansal/Desktop/ser/dataset/Audio_Speech_Actors_01-24/Actor_13/03-01-03-01-01-01-13.wav,03-01-03-01-01-01-13.wav,happy,03,13,male,normal,1,Kids are talking by the door,1,speech,audio_only,48000.0,155355.0,3.2365625,0.006257295608520508
/Users/devanshbansal/Desktop/ser/dataset/Audio_Speech_Actors_01-24/Actor_13/03-01-03-01-01-02-13.wav,03-01-03-01-01-02-13.wav,happy,03,13,male,normal,1,Kids are talking by the door,2,speech,audio_only,48000.0,153754.0,3.2032083333333334,0.005752768367528915
/Users/devanshbansal/Desktop/ser/dataset/Audio_Speech_Actors_01-24/Actor_13/03-01-03-01-02-01-13.wav,03-01-03-01-02-01-13.wav,happy,03,13,male,normal,2,Dogs are sitting by the door,1,speech,audio_only,48000.0,150551.0,3.1364791666666667,0.005905698519200087
/Users/devanshbansal/Desktop/ser/dataset/Audio_Speech_Actors_01-24/Actor_13/03-01-03-01-02-02-13.wav,03-01-03-01-02-02-13.wav,happy,03,13,male,normal,2,Dogs are sitting by the door,2,speech,audio_only,48000.0,153754.0,3.2032083333333334,0.007556034252047539
/Users/devanshbansal/Desktop/ser/dataset/Audio_Speech_Actors_01-24/Actor_13/03-01-03-02-01-01-13.wav,03-01-03-02-01-01-13.wav,happy,03,13,male,strong,1,Kids are talking by the door,1,speech,audio_only,48000.0,164965.0,3.4367708333333336,0.008844486437737942
/Users/devanshbansal/Desktop/ser/dataset/Audio_Speech_Actors_01-24/Actor_13/03-01-03-02-01-02-13.wav,03-01-03-02-01-02-13.wav,happy,03,13,male,strong,1,Kids are talking by the door,2,speech,audio_only,48000.0,172973.0,3.6036041666666665,0.019152920693159103
/Users/devanshbansal/Desktop/ser/dataset/Audio_Speech_Actors_01-24/Actor_13/03-01-03-02-02-01-13.wav,03-01-03-02-02-01-13.wav,happy,03,13,male,strong,2,Dogs are sitting by the door,1,speech,audio_only,48000.0,161761.0,3.3700208333333332,0.02112008072435856
/Users/devanshbansal/Desktop/ser/dataset/Audio_Speech_Actors_01-24/Actor_13/03-01-03-02-02-02-13.wav,03-01-03-02-02-02-13.wav,happy,03,13,male,strong,2,Dogs are sitting by the door,2,speech,audio_only,48000.0,160160.0,3.3366666666666664,0.02094646543264389
/Users/devanshbansal/Desktop/ser/dataset/Audio_Speech_Actors_01-24/Actor_13/03-01-04-01-01-01-13.wav,03-01-04-01-01-01-13.wav,sad,04,13,male,normal,1,Kids are talking by the door,1,speech,audio_only,48000.0,171371.0,3.5702291666666666,0.0032955212518572807
/Users/devanshbansal/Desktop/ser/dataset/Audio_Speech_Actors_01-24/Actor_13/03-01-04-01-01-02-13.wav,03-01-04-01-01-02-13.wav,sad,04,13,male,normal,1,Kids are talking by the door,2,speech,audio_only,48000.0,169769.0,3.5368541666666666,0.0028080628253519535
/Users/devanshbansal/Desktop/ser/dataset/Audio_Speech_Actors_01-24/Actor_13/03-01-04-01-02-01-13.wav,03-01-04-01-02-01-13.wav,sad,04,13,male,normal,2,Dogs are sitting by the door,1,speech,audio_only,48000.0,164965.0,3.4367708333333336,0.0031081782653927803
/Users/devanshbansal/Desktop/ser/dataset/Audio_Speech_Actors_01-24/Actor_13/03-01-04-01-02-02-13.wav,03-01-04-01-02-02-13.wav,sad,04,13,male,normal,2,Dogs are sitting by the door,2,speech,audio_only,48000.0,161762.0,3.370041666666667,0.00349835935048759
/Users/devanshbansal/Desktop/ser/dataset/Audio_Speech_Actors_01-24/Actor_13/03-01-04-02-01-01-13.wav,03-01-04-02-01-01-13.wav,sad,04,13,male,strong,1,Kids are talking by the door,1,speech,audio_only,48000.0,160160.0,3.3366666666666664,0.005708656739443541
/Users/devanshbansal/Desktop/ser/dataset/Audio_Speech_Actors_01-24/Actor_13/03-01-04-02-01-02-13.wav,03-01-04-02-01-02-13.wav,sad,04,13,male,strong,1,Kids are talking by the door,2,speech,audio_only,48000.0,158558.0,3.3032916666666665,0.004082509316504002
/Users/devanshbansal/Desktop/ser/dataset/Audio_Speech_Actors_01-24/Actor_13/03-01-04-02-02-01-13.wav,03-01-04-02-02-01-13.wav,sad,04,13,male,strong,2,Dogs are sitting by the door,1,speech,audio_only,48000.0,164965.0,3.4367708333333336,0.004384344909340143
/Users/devanshbansal/Desktop/ser/dataset/Audio_Speech_Actors_01-24/Actor_13/03-01-04-02-02-02-13.wav,03-01-04-02-02-02-13.wav,sad,04,13,male,strong,2,Dogs are sitting by the door,2,speech,audio_only,48000.0,153753.0,3.2031875,0.0032526126597076654
/Users/devanshbansal/Desktop/ser/dataset/Audio_Speech_Actors_01-24/Actor_13/03-01-05-01-01-01-13.wav,03-01-05-01-01-01-13.wav,angry,05,13,male,normal,1,Kids are talking by the door,1,speech,audio_only,48000.0,164965.0,3.4367708333333336,0.009022235870361328
/Users/devanshbansal/Desktop/ser/dataset/Audio_Speech_Actors_01-24/Actor_13/03-01-05-01-01-02-13.wav,03-01-05-01-01-02-13.wav,angry,05,13,male,normal,1,Kids are talking by the door,2,speech,audio_only,48000.0,169769.0,3.5368541666666666,0.01213937345892191
/Users/devanshbansal/Desktop/ser/dataset/Audio_Speech_Actors_01-24/Actor_13/03-01-05-01-02-01-13.wav,03-01-05-01-02-01-13.wav,angry,05,13,male,normal,2,Dogs are sitting by the door,1,speech,audio_only,48000.0,172973.0,3.6036041666666665,0.011859670281410217
/Users/devanshbansal/Desktop/ser/dataset/Audio_Speech_Actors_01-24/Actor_13/03-01-05-01-02-02-13.wav,03-01-05-01-02-02-13.wav,angry,05,13,male,normal,2,Dogs are sitting by the door,2,speech,audio_only,48000.0,161761.0,3.3700208333333332,0.015105337835848331
/Users/devanshbansal/Desktop/ser/dataset/Audio_Speech_Actors_01-24/Actor_13/03-01-05-02-01-01-13.wav,03-01-05-02-01-01-13.wav,angry,05,13,male,strong,1,Kids are talking by the door,1,speech,audio_only,48000.0,176176.0,3.6703333333333332,0.09900470823049545
/Users/devanshbansal/Desktop/ser/dataset/Audio_Speech_Actors_01-24/Actor_13/03-01-05-02-01-02-13.wav,03-01-05-02-01-02-13.wav,angry,05,13,male,strong,1,Kids are talking by the door,2,speech,audio_only,48000.0,205005.0,4.2709375,0.04965580999851227
/Users/devanshbansal/Desktop/ser/dataset/Audio_Speech_Actors_01-24/Actor_13/03-01-05-02-02-01-13.wav,03-01-05-02-02-01-13.wav,angry,05,13,male,strong,2,Dogs are sitting by the door,1,speech,audio_only,48000.0,171371.0,3.5702291666666666,0.0679958388209343
/Users/devanshbansal/Desktop/ser/dataset/Audio_Speech_Actors_01-24/Actor_13/03-01-05-02-02-02-13.wav,03-01-05-02-02-02-13.wav,angry,05,13,male,strong,2,Dogs are sitting by the door,2,speech,audio_only,48000.0,200200.0,4.170833333333333,0.15216797590255737
/Users/devanshbansal/Desktop/ser/dataset/Audio_Speech_Actors_01-24/Actor_13/03-01-06-01-01-01-13.wav,03-01-06-01-01-01-13.wav,fearful,06,13,male,normal,1,Kids are talking by the door,1,speech,audio_only,48000.0,150551.0,3.1364791666666667,0.005287669599056244
/Users/devanshbansal/Desktop/ser/dataset/Audio_Speech_Actors_01-24/Actor_13/03-01-06-01-01-02-13.wav,03-01-06-01-01-02-13.wav,fearful,06,13,male,normal,1,Kids are talking by the door,2,speech,audio_only,48000.0,152152.0,3.1698333333333335,0.003710133722051978
/Users/devanshbansal/Desktop/ser/dataset/Audio_Speech_Actors_01-24/Actor_13/03-01-06-01-02-01-13.wav,03-01-06-01-02-01-13.wav,fearful,06,13,male,normal,2,Dogs are sitting by the door,1,speech,audio_only,48000.0,153754.0,3.2032083333333334,0.007499761879444122
/Users/devanshbansal/Desktop/ser/dataset/Audio_Speech_Actors_01-24/Actor_13/03-01-06-01-02-02-13.wav,03-01-06-01-02-02-13.wav,fearful,06,13,male,normal,2,Dogs are sitting by the door,2,speech,audio_only,48000.0,155355.0,3.2365625,0.007836014032363892
/Users/devanshbansal/Desktop/ser/dataset/Audio_Speech_Actors_01-24/Actor_13/03-01-06-02-01-01-13.wav,03-01-06-02-01-01-13.wav,fearful,06,13,male,strong,1,Kids are talking by the door,1,speech,audio_only,48000.0,161762.0,3.370041666666667,0.0057907188311219215
/Users/devanshbansal/Desktop/ser/dataset/Audio_Speech_Actors_01-24/Actor_13/03-01-06-02-01-02-13.wav,03-01-06-02-01-02-13.wav,fearful,06,13,male,strong,1,Kids are talking by the door,2,speech,audio_only,48000.0,156957.0,3.2699375,0.030232222750782967
/Users/devanshbansal/Desktop/ser/dataset/Audio_Speech_Actors_01-24/Actor_13/03-01-06-02-02-01-13.wav,03-01-06-02-02-01-13.wav,fearful,06,13,male,strong,2,Dogs are sitting by the door,1,speech,audio_only,48000.0,168168.0,3.5035,0.024656744673848152
/Users/devanshbansal/Desktop/ser/dataset/Audio_Speech_Actors_01-24/Actor_13/03-01-06-02-02-02-13.wav,03-01-06-02-02-02-13.wav,fearful,06,13,male,strong,2,Dogs are sitting by the door,2,speech,audio_only,48000.0,153754.0,3.2032083333333334,0.006550028920173645
/Users/devanshbansal/Desktop/ser/dataset/Audio_Speech_Actors_01-24/Actor_13/03-01-07-01-01-01-13.wav,03-01-07-01-01-01-13.wav,disgust,07,13,male,normal,1,Kids are talking by the door,1,speech,audio_only,48000.0,150550.0,3.136458333333333,0.0029833372682332993
/Users/devanshbansal/Desktop/ser/dataset/Audio_Speech_Actors_01-24/Actor_13/03-01-07-01-01-02-13.wav,03-01-07-01-01-02-13.wav,disgust,07,13,male,normal,1,Kids are talking by the door,2,speech,audio_only,48000.0,152152.0,3.1698333333333335,0.003049785504117608
/Users/devanshbansal/Desktop/ser/dataset/Audio_Speech_Actors_01-24/Actor_13/03-01-07-01-02-01-13.wav,03-01-07-01-02-01-13.wav,disgust,07,13,male,normal,2,Dogs are sitting by the door,1,speech,audio_only,48000.0,156957.0,3.2699375,0.0032911014277487993
/Users/devanshbansal/Desktop/ser/dataset/Audio_Speech_Actors_01-24/Actor_13/03-01-07-01-02-02-13.wav,03-01-07-01-02-02-13.wav,disgust,07,13,male,normal,2,Dogs are sitting by the door,2,speech,audio_only,48000.0,155355.0,3.2365625,0.003684612223878503
/Users/devanshbansal/Desktop/ser/dataset/Audio_Speech_Actors_01-24/Actor_13/03-01-07-02-01-01-13.wav,03-01-07-02-01-01-13.wav,disgust,07,13,male,strong,1,Kids are talking by the door,1,speech,audio_only,48000.0,163363.0,3.403395833333333,0.00621012644842267
/Users/devanshbansal/Desktop/ser/dataset/Audio_Speech_Actors_01-24/Actor_13/03-01-07-02-01-02-13.wav,03-01-07-02-01-02-13.wav,disgust,07,13,male,strong,1,Kids are talking by the door,2,speech,audio_only,48000.0,177778.0,3.703708333333333,0.007653737440705299
/Users/devanshbansal/Desktop/ser/dataset/Audio_Speech_Actors_01-24/Actor_13/03-01-07-02-02-01-13.wav,03-01-07-02-02-01-13.wav,disgust,07,13,male,strong,2,Dogs are sitting by the door,1,speech,audio_only,48000.0,163363.0,3.403395833333333,0.00353196426294744
/Users/devanshbansal/Desktop/ser/dataset/Audio_Speech_Actors_01-24/Actor_13/03-01-07-02-02-02-13.wav,03-01-07-02-02-02-13.wav,disgust,07,13,male,strong,2,Dogs are sitting by the door,2,speech,audio_only,48000.0,164965.0,3.4367708333333336,0.005374784115701914
/Users/devanshbansal/Desktop/ser/dataset/Audio_Speech_Actors_01-24/Actor_13/03-01-08-01-01-01-13.wav,03-01-08-01-01-01-13.wav,surprised,08,13,male,normal,1,Kids are talking by the door,1,speech,audio_only,48000.0,163363.0,3.403395833333333,0.011244505643844604
/Users/devanshbansal/Desktop/ser/dataset/Audio_Speech_Actors_01-24/Actor_13/03-01-08-01-01-02-13.wav,03-01-08-01-01-02-13.wav,surprised,08,13,male,normal,1,Kids are talking by the door,2,speech,audio_only,48000.0,150550.0,3.136458333333333,0.005351030267775059
/Users/devanshbansal/Desktop/ser/dataset/Audio_Speech_Actors_01-24/Actor_13/03-01-08-01-02-01-13.wav,03-01-08-01-02-01-13.wav,surprised,08,13,male,normal,2,Dogs are sitting by the door,1,speech,audio_only,48000.0,150551.0,3.1364791666666667,0.005402167793363333
/Users/devanshbansal/Desktop/ser/dataset/Audio_Speech_Actors_01-24/Actor_13/03-01-08-01-02-02-13.wav,03-01-08-01-02-02-13.wav,surprised,08,13,male,normal,2,Dogs are sitting by the door,2,speech,audio_only,48000.0,145746.0,3.036375,0.0058785537257790565
/Users/devanshbansal/Desktop/ser/dataset/Audio_Speech_Actors_01-24/Actor_13/03-01-08-02-01-01-13.wav,03-01-08-02-01-01-13.wav,surprised,08,13,male,strong,1,Kids are talking by the door,1,speech,audio_only,48000.0,160160.0,3.3366666666666664,0.009590215981006622
/Users/devanshbansal/Desktop/ser/dataset/Audio_Speech_Actors_01-24/Actor_13/03-01-08-02-01-02-13.wav,03-01-08-02-01-02-13.wav,surprised,08,13,male,strong,1,Kids are talking by the door,2,speech,audio_only,48000.0,158558.0,3.3032916666666665,0.0063980622217059135
/Users/devanshbansal/Desktop/ser/dataset/Audio_Speech_Actors_01-24/Actor_13/03-01-08-02-02-01-13.wav,03-01-08-02-02-01-13.wav,surprised,08,13,male,strong,2,Dogs are sitting by the door,1,speech,audio_only,48000.0,160160.0,3.3366666666666664,0.012647618539631367
/Users/devanshbansal/Desktop/ser/dataset/Audio_Speech_Actors_01-24/Actor_13/03-01-08-02-02-02-13.wav,03-01-08-02-02-02-13.wav,surprised,08,13,male,strong,2,Dogs are sitting by the door,2,speech,audio_only,48000.0,158558.0,3.3032916666666665,0.013448333367705345
/Users/devanshbansal/Desktop/ser/dataset/Audio_Speech_Actors_01-24/Actor_14/03-01-01-01-01-01-14.wav,03-01-01-01-01-01-14.wav,calm,01,14,female,normal,1,Kids are talking by the door,1,speech,audio_only,48000.0,166566.0,3.470125,0.002032930264249444
/Users/devanshbansal/Desktop/ser/dataset/Audio_Speech_Actors_01-24/Actor_14/03-01-01-01-01-02-14.wav,03-01-01-01-01-02-14.wav,calm,01,14,female,normal,1,Kids are talking by the door,2,speech,audio_only,48000.0,160160.0,3.3366666666666664,0.0018635158194229007
/Users/devanshbansal/Desktop/ser/dataset/Audio_Speech_Actors_01-24/Actor_14/03-01-01-01-02-01-14.wav,03-01-01-01-02-01-14.wav,calm,01,14,female,normal,2,Dogs are sitting by the door,1,speech,audio_only,48000.0,166567.0,3.4701458333333335,0.00265172915533185
/Users/devanshbansal/Desktop/ser/dataset/Audio_Speech_Actors_01-24/Actor_14/03-01-01-01-02-02-14.wav,03-01-01-01-02-02-14.wav,calm,01,14,female,normal,2,Dogs are sitting by the door,2,speech,audio_only,48000.0,171371.0,3.5702291666666666,0.0027383274864405394
/Users/devanshbansal/Desktop/ser/dataset/Audio_Speech_Actors_01-24/Actor_14/03-01-02-01-01-01-14.wav,03-01-02-01-01-01-14.wav,calm,02,14,female,normal,1,Kids are talking by the door,1,speech,audio_only,48000.0,179379.0,3.7370625,0.0029541412368416786
/Users/devanshbansal/Desktop/ser/dataset/Audio_Speech_Actors_01-24/Actor_14/03-01-02-01-01-02-14.wav,03-01-02-01-01-02-14.wav,calm,02,14,female,normal,1,Kids are talking by the door,2,speech,audio_only,48000.0,171371.0,3.5702291666666666,0.0015906909247860312
/Users/devanshbansal/Desktop/ser/dataset/Audio_Speech_Actors_01-24/Actor_14/03-01-02-01-02-01-14.wav,03-01-02-01-02-01-14.wav,calm,02,14,female,normal,2,Dogs are sitting by the door,1,speech,audio_only,48000.0,163364.0,3.4034166666666668,0.0030410541221499443
/Users/devanshbansal/Desktop/ser/dataset/Audio_Speech_Actors_01-24/Actor_14/03-01-02-01-02-02-14.wav,03-01-02-01-02-02-14.wav,calm,02,14,female,normal,2,Dogs are sitting by the door,2,speech,audio_only,48000.0,168168.0,3.5035,0.0032701180316507816
/Users/devanshbansal/Desktop/ser/dataset/Audio_Speech_Actors_01-24/Actor_14/03-01-02-02-01-01-14.wav,03-01-02-02-01-01-14.wav,calm,02,14,female,strong,1,Kids are talking by the door,1,speech,audio_only,48000.0,185785.0,3.8705208333333334,0.0011810301803052425
/Users/devanshbansal/Desktop/ser/dataset/Audio_Speech_Actors_01-24/Actor_14/03-01-02-02-01-02-14.wav,03-01-02-02-01-02-14.wav,calm,02,14,female,strong,1,Kids are talking by the door,2,speech,audio_only,48000.0,187387.0,3.9038958333333333,0.0013459987239912152
/Users/devanshbansal/Desktop/ser/dataset/Audio_Speech_Actors_01-24/Actor_14/03-01-02-02-02-01-14.wav,03-01-02-02-02-01-14.wav,calm,02,14,female,strong,2,Dogs are sitting by the door,1,speech,audio_only,48000.0,179379.0,3.7370625,0.0017019520746544003
/Users/devanshbansal/Desktop/ser/dataset/Audio_Speech_Actors_01-24/Actor_14/03-01-02-02-02-02-14.wav,03-01-02-02-02-02-14.wav,calm,02,14,female,strong,2,Dogs are sitting by the door,2,speech,audio_only,48000.0,180981.0,3.7704375,0.0023364608641713858
/Users/devanshbansal/Desktop/ser/dataset/Audio_Speech_Actors_01-24/Actor_14/03-01-03-01-01-01-14.wav,03-01-03-01-01-01-14.wav,happy,03,14,female,normal,1,Kids are talking by the door,1,speech,audio_only,48000.0,177778.0,3.703708333333333,0.017021052539348602
/Users/devanshbansal/Desktop/ser/dataset/Audio_Speech_Actors_01-24/Actor_14/03-01-03-01-01-02-14.wav,03-01-03-01-01-02-14.wav,happy,03,14,female,normal,1,Kids are talking by the door,2,speech,audio_only,48000.0,176176.0,3.6703333333333332,0.01642529107630253
/Users/devanshbansal/Desktop/ser/dataset/Audio_Speech_Actors_01-24/Actor_14/03-01-03-01-02-01-14.wav,03-01-03-01-02-01-14.wav,happy,03,14,female,normal,2,Dogs are sitting by the door,1,speech,audio_only,48000.0,163363.0,3.403395833333333,0.011091750115156174
/Users/devanshbansal/Desktop/ser/dataset/Audio_Speech_Actors_01-24/Actor_14/03-01-03-01-02-02-14.wav,03-01-03-01-02-02-14.wav,happy,03,14,female,normal,2,Dogs are sitting by the door,2,speech,audio_only,48000.0,166566.0,3.470125,0.011622702702879906
/Users/devanshbansal/Desktop/ser/dataset/Audio_Speech_Actors_01-24/Actor_14/03-01-03-02-01-01-14.wav,03-01-03-02-01-01-14.wav,happy,03,14,female,strong,1,Kids are talking by the door,1,speech,audio_only,48000.0,180980.0,3.7704166666666667,0.040611959993839264
/Users/devanshbansal/Desktop/ser/dataset/Audio_Speech_Actors_01-24/Actor_14/03-01-03-02-01-02-14.wav,03-01-03-02-01-02-14.wav,happy,03,14,female,strong,1,Kids are talking by the door,2,speech,audio_only,48000.0,179379.0,3.7370625,0.03334834799170494
/Users/devanshbansal/Desktop/ser/dataset/Audio_Speech_Actors_01-24/Actor_14/03-01-03-02-02-01-14.wav,03-01-03-02-02-01-14.wav,happy,03,14,female,strong,2,Dogs are sitting by the door,1,speech,audio_only,48000.0,184184.0,3.8371666666666666,0.047824982553720474
/Users/devanshbansal/Desktop/ser/dataset/Audio_Speech_Actors_01-24/Actor_14/03-01-03-02-02-02-14.wav,03-01-03-02-02-02-14.wav,happy,03,14,female,strong,2,Dogs are sitting by the door,2,speech,audio_only,48000.0,179379.0,3.7370625,0.0418337918817997
/Users/devanshbansal/Desktop/ser/dataset/Audio_Speech_Actors_01-24/Actor_14/03-01-04-01-01-01-14.wav,03-01-04-01-01-01-14.wav,sad,04,14,female,normal,1,Kids are talking by the door,1,speech,audio_only,48000.0,179379.0,3.7370625,0.002631954150274396
/Users/devanshbansal/Desktop/ser/dataset/Audio_Speech_Actors_01-24/Actor_14/03-01-04-01-01-02-14.wav,03-01-04-01-01-02-14.wav,sad,04,14,female,normal,1,Kids are talking by the door,2,speech,audio_only,48000.0,172973.0,3.6036041666666665,0.0037159728817641735
/Users/devanshbansal/Desktop/ser/dataset/Audio_Speech_Actors_01-24/Actor_14/03-01-04-01-02-01-14.wav,03-01-04-01-02-01-14.wav,sad,04,14,female,normal,2,Dogs are sitting by the door,1,speech,audio_only,48000.0,172973.0,3.6036041666666665,0.003058971371501684
/Users/devanshbansal/Desktop/ser/dataset/Audio_Speech_Actors_01-24/Actor_14/03-01-04-01-02-02-14.wav,03-01-04-01-02-02-14.wav,sad,04,14,female,normal,2,Dogs are sitting by the door,2,speech,audio_only,48000.0,169770.0,3.536875,0.004169984254986048
/Users/devanshbansal/Desktop/ser/dataset/Audio_Speech_Actors_01-24/Actor_14/03-01-04-02-01-01-14.wav,03-01-04-02-01-01-14.wav,sad,04,14,female,strong,1,Kids are talking by the door,1,speech,audio_only,48000.0,185785.0,3.8705208333333334,0.005599491763859987
/Users/devanshbansal/Desktop/ser/dataset/Audio_Speech_Actors_01-24/Actor_14/03-01-04-02-01-02-14.wav,03-01-04-02-01-02-14.wav,sad,04,14,female,strong,1,Kids are talking by the door,2,speech,audio_only,48000.0,176176.0,3.6703333333333332,0.0035177746322005987
/Users/devanshbansal/Desktop/ser/dataset/Audio_Speech_Actors_01-24/Actor_14/03-01-04-02-02-01-14.wav,03-01-04-02-02-01-14.wav,sad,04,14,female,strong,2,Dogs are sitting by the door,1,speech,audio_only,48000.0,176176.0,3.6703333333333332,0.007664494216442108
/Users/devanshbansal/Desktop/ser/dataset/Audio_Speech_Actors_01-24/Actor_14/03-01-04-02-02-02-14.wav,03-01-04-02-02-02-14.wav,sad,04,14,female,strong,2,Dogs are sitting by the door,2,speech,audio_only,48000.0,187388.0,3.9039166666666665,0.01081185881048441
/Users/devanshbansal/Desktop/ser/dataset/Audio_Speech_Actors_01-24/Actor_14/03-01-05-01-01-01-14.wav,03-01-05-01-01-01-14.wav,angry,05,14,female,normal,1,Kids are talking by the door,1,speech,audio_only,48000.0,172972.0,3.6035833333333334,0.010642072185873985
/Users/devanshbansal/Desktop/ser/dataset/Audio_Speech_Actors_01-24/Actor_14/03-01-05-01-01-02-14.wav,03-01-05-01-01-02-14.wav,angry,05,14,female,normal,1,Kids are talking by the door,2,speech,audio_only,48000.0,177778.0,3.703708333333333,0.011813092045485973
/Users/devanshbansal/Desktop/ser/dataset/Audio_Speech_Actors_01-24/Actor_14/03-01-05-01-02-01-14.wav,03-01-05-01-02-01-14.wav,angry,05,14,female,normal,2,Dogs are sitting by the door,1,speech,audio_only,48000.0,179379.0,3.7370625,0.014671247452497482
/Users/devanshbansal/Desktop/ser/dataset/Audio_Speech_Actors_01-24/Actor_14/03-01-05-01-02-02-14.wav,03-01-05-01-02-02-14.wav,angry,05,14,female,normal,2,Dogs are sitting by the door,2,speech,audio_only,48000.0,187388.0,3.9039166666666665,0.01477072387933731
/Users/devanshbansal/Desktop/ser/dataset/Audio_Speech_Actors_01-24/Actor_14/03-01-05-02-01-01-14.wav,03-01-05-02-01-01-14.wav,angry,05,14,female,strong,1,Kids are talking by the door,1,speech,audio_only,48000.0,205005.0,4.2709375,0.0877302959561348
/Users/devanshbansal/Desktop/ser/dataset/Audio_Speech_Actors_01-24/Actor_14/03-01-05-02-01-02-14.wav,03-01-05-02-01-02-14.wav,angry,05,14,female,strong,1,Kids are talking by the door,2,speech,audio_only,48000.0,209809.0,4.371020833333334,0.061089783906936646
/Users/devanshbansal/Desktop/ser/dataset/Audio_Speech_Actors_01-24/Actor_14/03-01-05-02-02-01-14.wav,03-01-05-02-02-01-14.wav,angry,05,14,female,strong,2,Dogs are sitting by the door,1,speech,audio_only,48000.0,200200.0,4.170833333333333,0.08533748984336853
/Users/devanshbansal/Desktop/ser/dataset/Audio_Speech_Actors_01-24/Actor_14/03-01-05-02-02-02-14.wav,03-01-05-02-02-02-14.wav,angry,05,14,female,strong,2,Dogs are sitting by the door,2,speech,audio_only,48000.0,211412.0,4.404416666666667,0.060788486152887344
/Users/devanshbansal/Desktop/ser/dataset/Audio_Speech_Actors_01-24/Actor_14/03-01-06-01-01-01-14.wav,03-01-06-01-01-01-14.wav,fearful,06,14,female,normal,1,Kids are talking by the door,1,speech,audio_only,48000.0,161761.0,3.3700208333333332,0.00247206911444664
/Users/devanshbansal/Desktop/ser/dataset/Audio_Speech_Actors_01-24/Actor_14/03-01-06-01-01-02-14.wav,03-01-06-01-01-02-14.wav,fearful,06,14,female,normal,1,Kids are talking by the door,2,speech,audio_only,48000.0,171371.0,3.5702291666666666,0.0030105600599199533
/Users/devanshbansal/Desktop/ser/dataset/Audio_Speech_Actors_01-24/Actor_14/03-01-06-01-02-01-14.wav,03-01-06-01-02-01-14.wav,fearful,06,14,female,normal,2,Dogs are sitting by the door,1,speech,audio_only,48000.0,161762.0,3.370041666666667,0.0038961570244282484
/Users/devanshbansal/Desktop/ser/dataset/Audio_Speech_Actors_01-24/Actor_14/03-01-06-01-02-02-14.wav,03-01-06-01-02-02-14.wav,fearful,06,14,female,normal,2,Dogs are sitting by the door,2,speech,audio_only,48000.0,161761.0,3.3700208333333332,0.005302485078573227
/Users/devanshbansal/Desktop/ser/dataset/Audio_Speech_Actors_01-24/Actor_14/03-01-06-02-01-01-14.wav,03-01-06-02-01-01-14.wav,fearful,06,14,female,strong,1,Kids are talking by the door,1,speech,audio_only,48000.0,161761.0,3.3700208333333332,0.05913546308875084
/Users/devanshbansal/Desktop/ser/dataset/Audio_Speech_Actors_01-24/Actor_14/03-01-06-02-01-02-14.wav,03-01-06-02-01-02-14.wav,fearful,06,14,female,strong,1,Kids are talking by the door,2,speech,audio_only,48000.0,163363.0,3.403395833333333,0.05707976967096329
/Users/devanshbansal/Desktop/ser/dataset/Audio_Speech_Actors_01-24/Actor_14/03-01-06-02-02-01-14.wav,03-01-06-02-02-01-14.wav,fearful,06,14,female,strong,2,Dogs are sitting by the door,1,speech,audio_only,48000.0,168168.0,3.5035,0.029563050717115402
/Users/devanshbansal/Desktop/ser/dataset/Audio_Speech_Actors_01-24/Actor_14/03-01-06-02-02-02-14.wav,03-01-06-02-02-02-14.wav,fearful,06,14,female,strong,2,Dogs are sitting by the door,2,speech,audio_only,48000.0,166566.0,3.470125,0.03461495041847229
/Users/devanshbansal/Desktop/ser/dataset/Audio_Speech_Actors_01-24/Actor_14/03-01-07-01-01-01-14.wav,03-01-07-01-01-01-14.wav,disgust,07,14,female,normal,1,Kids are talking by the door,1,speech,audio_only,48000.0,180980.0,3.7704166666666667,0.0071197375655174255
/Users/devanshbansal/Desktop/ser/dataset/Audio_Speech_Actors_01-24/Actor_14/03-01-07-01-01-02-14.wav,03-01-07-01-01-02-14.wav,disgust,07,14,female,normal,1,Kids are talking by the door,2,speech,audio_only,48000.0,174574.0,3.6369583333333333,0.0057905009016394615
/Users/devanshbansal/Desktop/ser/dataset/Audio_Speech_Actors_01-24/Actor_14/03-01-07-01-02-01-14.wav,03-01-07-01-02-01-14.wav,disgust,07,14,female,normal,2,Dogs are sitting by the door,1,speech,audio_only,48000.0,179379.0,3.7370625,0.005513526499271393
/Users/devanshbansal/Desktop/ser/dataset/Audio_Speech_Actors_01-24/Actor_14/03-01-07-01-02-02-14.wav,03-01-07-01-02-02-14.wav,disgust,07,14,female,normal,2,Dogs are sitting by the door,2,speech,audio_only,48000.0,180981.0,3.7704375,0.012016979977488518
/Users/devanshbansal/Desktop/ser/dataset/Audio_Speech_Actors_01-24/Actor_14/03-01-07-02-01-01-14.wav,03-01-07-02-01-01-14.wav,disgust,07,14,female,strong,1,Kids are talking by the door,1,speech,audio_only,48000.0,188988.0,3.93725,0.01478502620011568
/Users/devanshbansal/Desktop/ser/dataset/Audio_Speech_Actors_01-24/Actor_14/03-01-07-02-01-02-14.wav,03-01-07-02-01-02-14.wav,disgust,07,14,female,strong,1,Kids are talking by the door,2,speech,audio_only,48000.0,179379.0,3.7370625,0.0068266368471086025
/Users/devanshbansal/Desktop/ser/dataset/Audio_Speech_Actors_01-24/Actor_14/03-01-07-02-02-01-14.wav,03-01-07-02-02-01-14.wav,disgust,07,14,female,strong,2,Dogs are sitting by the door,1,speech,audio_only,48000.0,176176.0,3.6703333333333332,0.006877978332340717
/Users/devanshbansal/Desktop/ser/dataset/Audio_Speech_Actors_01-24/Actor_14/03-01-07-02-02-02-14.wav,03-01-07-02-02-02-14.wav,disgust,07,14,female,strong,2,Dogs are sitting by the door,2,speech,audio_only,48000.0,182582.0,3.8037916666666667,0.013336027972400188
/Users/devanshbansal/Desktop/ser/dataset/Audio_Speech_Actors_01-24/Actor_14/03-01-08-01-01-01-14.wav,03-01-08-01-01-01-14.wav,surprised,08,14,female,normal,1,Kids are talking by the door,1,speech,audio_only,48000.0,174575.0,3.636979166666667,0.0035609863698482513
/Users/devanshbansal/Desktop/ser/dataset/Audio_Speech_Actors_01-24/Actor_14/03-01-08-01-01-02-14.wav,03-01-08-01-01-02-14.wav,surprised,08,14,female,normal,1,Kids are talking by the door,2,speech,audio_only,48000.0,171372.0,3.57025,0.0040664710104465485
/Users/devanshbansal/Desktop/ser/dataset/Audio_Speech_Actors_01-24/Actor_14/03-01-08-01-02-01-14.wav,03-01-08-01-02-01-14.wav,surprised,08,14,female,normal,2,Dogs are sitting by the door,1,speech,audio_only,48000.0,153754.0,3.2032083333333334,0.00485703581944108
/Users/devanshbansal/Desktop/ser/dataset/Audio_Speech_Actors_01-24/Actor_14/03-01-08-01-02-02-14.wav,03-01-08-01-02-02-14.wav,surprised,08,14,female,normal,2,Dogs are sitting by the door,2,speech,audio_only,48000.0,158558.0,3.3032916666666665,0.0055486964993178844
/Users/devanshbansal/Desktop/ser/dataset/Audio_Speech_Actors_01-24/Actor_14/03-01-08-02-01-01-14.wav,03-01-08-02-01-01-14.wav,surprised,08,14,female,strong,1,Kids are talking by the door,1,speech,audio_only,48000.0,190590.0,3.970625,0.005558936391025782
/Users/devanshbansal/Desktop/ser/dataset/Audio_Speech_Actors_01-24/Actor_14/03-01-08-02-01-02-14.wav,03-01-08-02-01-02-14.wav,surprised,08,14,female,strong,1,Kids are talking by the door,2,speech,audio_only,48000.0,177778.0,3.703708333333333,0.011964850127696991
/Users/devanshbansal/Desktop/ser/dataset/Audio_Speech_Actors_01-24/Actor_14/03-01-08-02-02-01-14.wav,03-01-08-02-02-01-14.wav,surprised,08,14,female,strong,2,Dogs are sitting by the door,1,speech,audio_only,48000.0,177778.0,3.703708333333333,0.008339228108525276
/Users/devanshbansal/Desktop/ser/dataset/Audio_Speech_Actors_01-24/Actor_14/03-01-08-02-02-02-14.wav,03-01-08-02-02-02-14.wav,surprised,08,14,female,strong,2,Dogs are sitting by the door,2,speech,audio_only,48000.0,179379.0,3.7370625,0.0077319336123764515
/Users/devanshbansal/Desktop/ser/dataset/Audio_Speech_Actors_01-24/Actor_15/03-01-01-01-01-01-15.wav,03-01-01-01-01-01-15.wav,calm,01,15,male,normal,1,Kids are talking by the door,1,speech,audio_only,48000.0,161762.0,3.370041666666667,0.007650717161595821
/Users/devanshbansal/Desktop/ser/dataset/Audio_Speech_Actors_01-24/Actor_15/03-01-01-01-01-02-15.wav,03-01-01-01-01-02-15.wav,calm,01,15,male,normal,1,Kids are talking by the door,2,speech,audio_only,48000.0,164965.0,3.4367708333333336,0.006422022357583046
/Users/devanshbansal/Desktop/ser/dataset/Audio_Speech_Actors_01-24/Actor_15/03-01-01-01-02-01-15.wav,03-01-01-01-02-01-15.wav,calm,01,15,male,normal,2,Dogs are sitting by the door,1,speech,audio_only,48000.0,164964.0,3.43675,0.0073858327232301235
/Users/devanshbansal/Desktop/ser/dataset/Audio_Speech_Actors_01-24/Actor_15/03-01-01-01-02-02-15.wav,03-01-01-01-02-02-15.wav,calm,01,15,male,normal,2,Dogs are sitting by the door,2,speech,audio_only,48000.0,163363.0,3.403395833333333,0.007598089054226875
/Users/devanshbansal/Desktop/ser/dataset/Audio_Speech_Actors_01-24/Actor_15/03-01-02-01-01-01-15.wav,03-01-02-01-01-01-15.wav,calm,02,15,male,normal,1,Kids are talking by the door,1,speech,audio_only,48000.0,171372.0,3.57025,0.004553436767309904
/Users/devanshbansal/Desktop/ser/dataset/Audio_Speech_Actors_01-24/Actor_15/03-01-02-01-01-02-15.wav,03-01-02-01-01-02-15.wav,calm,02,15,male,normal,1,Kids are talking by the door,2,speech,audio_only,48000.0,171371.0,3.5702291666666666,0.004972740076482296
/Users/devanshbansal/Desktop/ser/dataset/Audio_Speech_Actors_01-24/Actor_15/03-01-02-01-02-01-15.wav,03-01-02-01-02-01-15.wav,calm,02,15,male,normal,2,Dogs are sitting by the door,1,speech,audio_only,48000.0,179379.0,3.7370625,0.0050467224791646
/Users/devanshbansal/Desktop/ser/dataset/Audio_Speech_Actors_01-24/Actor_15/03-01-02-01-02-02-15.wav,03-01-02-01-02-02-15.wav,calm,02,15,male,normal,2,Dogs are sitting by the door,2,speech,audio_only,48000.0,171371.0,3.5702291666666666,0.00539366202428937
/Users/devanshbansal/Desktop/ser/dataset/Audio_Speech_Actors_01-24/Actor_15/03-01-02-02-01-01-15.wav,03-01-02-02-01-01-15.wav,calm,02,15,male,strong,1,Kids are talking by the door,1,speech,audio_only,48000.0,176176.0,3.6703333333333332,0.005288930609822273
/Users/devanshbansal/Desktop/ser/dataset/Audio_Speech_Actors_01-24/Actor_15/03-01-02-02-01-02-15.wav,03-01-02-02-01-02-15.wav,calm,02,15,male,strong,1,Kids are talking by the door,2,speech,audio_only,48000.0,182583.0,3.8038125,0.0054358504712581635
/Users/devanshbansal/Desktop/ser/dataset/Audio_Speech_Actors_01-24/Actor_15/03-01-02-02-02-01-15.wav,03-01-02-02-02-01-15.wav,calm,02,15,male,strong,2,Dogs are sitting by the door,1,speech,audio_only,48000.0,188989.0,3.9372708333333333,0.0063078743405640125
/Users/devanshbansal/Desktop/ser/dataset/Audio_Speech_Actors_01-24/Actor_15/03-01-02-02-02-02-15.wav,03-01-02-02-02-02-15.wav,calm,02,15,male,strong,2,Dogs are sitting by the door,2,speech,audio_only,48000.0,172972.0,3.6035833333333334,0.0046181026846170425
/Users/devanshbansal/Desktop/ser/dataset/Audio_Speech_Actors_01-24/Actor_15/03-01-03-01-01-01-15.wav,03-01-03-01-01-01-15.wav,happy,03,15,male,normal,1,Kids are talking by the door,1,speech,audio_only,48000.0,163363.0,3.403395833333333,0.009322204627096653
/Users/devanshbansal/Desktop/ser/dataset/Audio_Speech_Actors_01-24/Actor_15/03-01-03-01-01-02-15.wav,03-01-03-01-01-02-15.wav,happy,03,15,male,normal,1,Kids are talking by the door,2,speech,audio_only,48000.0,160160.0,3.3366666666666664,0.011025517247617245
/Users/devanshbansal/Desktop/ser/dataset/Audio_Speech_Actors_01-24/Actor_15/03-01-03-01-02-01-15.wav,03-01-03-01-02-01-15.wav,happy,03,15,male,normal,2,Dogs are sitting by the door,1,speech,audio_only,48000.0,160160.0,3.3366666666666664,0.008544103242456913
/Users/devanshbansal/Desktop/ser/dataset/Audio_Speech_Actors_01-24/Actor_15/03-01-03-01-02-02-15.wav,03-01-03-01-02-02-15.wav,happy,03,15,male,normal,2,Dogs are sitting by the door,2,speech,audio_only,48000.0,164965.0,3.4367708333333336,0.01070909108966589
/Users/devanshbansal/Desktop/ser/dataset/Audio_Speech_Actors_01-24/Actor_15/03-01-03-02-01-01-15.wav,03-01-03-02-01-01-15.wav,happy,03,15,male,strong,1,Kids are talking by the door,1,speech,audio_only,48000.0,171371.0,3.5702291666666666,0.022278599441051483
/Users/devanshbansal/Desktop/ser/dataset/Audio_Speech_Actors_01-24/Actor_15/03-01-03-02-01-02-15.wav,03-01-03-02-01-02-15.wav,happy,03,15,male,strong,1,Kids are talking by the door,2,speech,audio_only,48000.0,166566.0,3.470125,0.01784541644155979
/Users/devanshbansal/Desktop/ser/dataset/Audio_Speech_Actors_01-24/Actor_15/03-01-03-02-02-01-15.wav,03-01-03-02-02-01-15.wav,happy,03,15,male,strong,2,Dogs are sitting by the door,1,speech,audio_only,48000.0,182582.0,3.8037916666666667,0.02130628190934658
/Users/devanshbansal/Desktop/ser/dataset/Audio_Speech_Actors_01-24/Actor_15/03-01-03-02-02-02-15.wav,03-01-03-02-02-02-15.wav,happy,03,15,male,strong,2,Dogs are sitting by the door,2,speech,audio_only,48000.0,161762.0,3.370041666666667,0.016531474888324738
/Users/devanshbansal/Desktop/ser/dataset/Audio_Speech_Actors_01-24/Actor_15/03-01-04-01-01-01-15.wav,03-01-04-01-01-01-15.wav,sad,04,15,male,normal,1,Kids are talking by the door,1,speech,audio_only,48000.0,168168.0,3.5035,0.008748804219067097
/Users/devanshbansal/Desktop/ser/dataset/Audio_Speech_Actors_01-24/Actor_15/03-01-04-01-01-02-15.wav,03-01-04-01-01-02-15.wav,sad,04,15,male,normal,1,Kids are talking by the door,2,speech,audio_only,48000.0,158558.0,3.3032916666666665,0.006004414986819029
/Users/devanshbansal/Desktop/ser/dataset/Audio_Speech_Actors_01-24/Actor_15/03-01-04-01-02-01-15.wav,03-01-04-01-02-01-15.wav,sad,04,15,male,normal,2,Dogs are sitting by the door,1,speech,audio_only,48000.0,158559.0,3.3033125,0.008007953874766827
/Users/devanshbansal/Desktop/ser/dataset/Audio_Speech_Actors_01-24/Actor_15/03-01-04-01-02-02-15.wav,03-01-04-01-02-02-15.wav,sad,04,15,male,normal,2,Dogs are sitting by the door,2,speech,audio_only,48000.0,161761.0,3.3700208333333332,0.0066236876882612705
/Users/devanshbansal/Desktop/ser/dataset/Audio_Speech_Actors_01-24/Actor_15/03-01-04-02-01-01-15.wav,03-01-04-02-01-01-15.wav,sad,04,15,male,strong,1,Kids are talking by the door,1,speech,audio_only,48000.0,156956.0,3.2699166666666666,0.0158288162201643
/Users/devanshbansal/Desktop/ser/dataset/Audio_Speech_Actors_01-24/Actor_15/03-01-04-02-01-02-15.wav,03-01-04-02-01-02-15.wav,sad,04,15,male,strong,1,Kids are talking by the door,2,speech,audio_only,48000.0,163363.0,3.403395833333333,0.014594507403671741
/Users/devanshbansal/Desktop/ser/dataset/Audio_Speech_Actors_01-24/Actor_15/03-01-04-02-02-01-15.wav,03-01-04-02-02-01-15.wav,sad,04,15,male,strong,2,Dogs are sitting by the door,1,speech,audio_only,48000.0,169770.0,3.536875,0.010457749478518963
/Users/devanshbansal/Desktop/ser/dataset/Audio_Speech_Actors_01-24/Actor_15/03-01-04-02-02-02-15.wav,03-01-04-02-02-02-15.wav,sad,04,15,male,strong,2,Dogs are sitting by the door,2,speech,audio_only,48000.0,164965.0,3.4367708333333336,0.009666322730481625
/Users/devanshbansal/Desktop/ser/dataset/Audio_Speech_Actors_01-24/Actor_15/03-01-05-01-01-01-15.wav,03-01-05-01-01-01-15.wav,angry,05,15,male,normal,1,Kids are talking by the door,1,speech,audio_only,48000.0,174575.0,3.636979166666667,0.016896670684218407
/Users/devanshbansal/Desktop/ser/dataset/Audio_Speech_Actors_01-24/Actor_15/03-01-05-01-01-02-15.wav,03-01-05-01-01-02-15.wav,angry,05,15,male,normal,1,Kids are talking by the door,2,speech,audio_only,48000.0,172973.0,3.6036041666666665,0.024502605199813843
/Users/devanshbansal/Desktop/ser/dataset/Audio_Speech_Actors_01-24/Actor_15/03-01-05-01-02-01-15.wav,03-01-05-01-02-01-15.wav,angry,05,15,male,normal,2,Dogs are sitting by the door,1,speech,audio_only,48000.0,177778.0,3.703708333333333,0.01747943088412285
/Users/devanshbansal/Desktop/ser/dataset/Audio_Speech_Actors_01-24/Actor_15/03-01-05-01-02-02-15.wav,03-01-05-01-02-02-15.wav,angry,05,15,male,normal,2,Dogs are sitting by the door,2,speech,audio_only,48000.0,169770.0,3.536875,0.02985822968184948
/Users/devanshbansal/Desktop/ser/dataset/Audio_Speech_Actors_01-24/Actor_15/03-01-05-02-01-01-15.wav,03-01-05-02-01-01-15.wav,angry,05,15,male,strong,1,Kids are talking by the door,1,speech,audio_only,48000.0,169770.0,3.536875,0.03710973262786865
/Users/devanshbansal/Desktop/ser/dataset/Audio_Speech_Actors_01-24/Actor_15/03-01-05-02-01-02-15.wav,03-01-05-02-01-02-15.wav,angry,05,15,male,strong,1,Kids are talking by the door,2,speech,audio_only,48000.0,179380.0,3.7370833333333335,0.044441379606723785
/Users/devanshbansal/Desktop/ser/dataset/Audio_Speech_Actors_01-24/Actor_15/03-01-05-02-02-01-15.wav,03-01-05-02-02-01-15.wav,angry,05,15,male,strong,2,Dogs are sitting by the door,1,speech,audio_only,48000.0,166567.0,3.4701458333333335,0.02808513306081295
/Users/devanshbansal/Desktop/ser/dataset/Audio_Speech_Actors_01-24/Actor_15/03-01-05-02-02-02-15.wav,03-01-05-02-02-02-15.wav,angry,05,15,male,strong,2,Dogs are sitting by the door,2,speech,audio_only,48000.0,172973.0,3.6036041666666665,0.054287414997816086
/Users/devanshbansal/Desktop/ser/dataset/Audio_Speech_Actors_01-24/Actor_15/03-01-06-01-01-01-15.wav,03-01-06-01-01-01-15.wav,fearful,06,15,male,normal,1,Kids are talking by the door,1,speech,audio_only,48000.0,158558.0,3.3032916666666665,0.009254662320017815
/Users/devanshbansal/Desktop/ser/dataset/Audio_Speech_Actors_01-24/Actor_15/03-01-06-01-01-02-15.wav,03-01-06-01-01-02-15.wav,fearful,06,15,male,normal,1,Kids are talking by the door,2,speech,audio_only,48000.0,158559.0,3.3033125,0.01106056198477745
/Users/devanshbansal/Desktop/ser/dataset/Audio_Speech_Actors_01-24/Actor_15/03-01-06-01-02-01-15.wav,03-01-06-01-02-01-15.wav,fearful,06,15,male,normal,2,Dogs are sitting by the door,1,speech,audio_only,48000.0,156957.0,3.2699375,0.010360592044889927
/Users/devanshbansal/Desktop/ser/dataset/Audio_Speech_Actors_01-24/Actor_15/03-01-06-01-02-02-15.wav,03-01-06-01-02-02-15.wav,fearful,06,15,male,normal,2,Dogs are sitting by the door,2,speech,audio_only,48000.0,158558.0,3.3032916666666665,0.009873351082205772
/Users/devanshbansal/Desktop/ser/dataset/Audio_Speech_Actors_01-24/Actor_15/03-01-06-02-01-01-15.wav,03-01-06-02-01-01-15.wav,fearful,06,15,male,strong,1,Kids are talking by the door,1,speech,audio_only,48000.0,160160.0,3.3366666666666664,0.026645969599485397
/Users/devanshbansal/Desktop/ser/dataset/Audio_Speech_Actors_01-24/Actor_15/03-01-06-02-01-02-15.wav,03-01-06-02-01-02-15.wav,fearful,06,15,male,strong,1,Kids are talking by the door,2,speech,audio_only,48000.0,166567.0,3.4701458333333335,0.0369645431637764
/Users/devanshbansal/Desktop/ser/dataset/Audio_Speech_Actors_01-24/Actor_15/03-01-06-02-02-01-15.wav,03-01-06-02-02-01-15.wav,fearful,06,15,male,strong,2,Dogs are sitting by the door,1,speech,audio_only,48000.0,161761.0,3.3700208333333332,0.019222116097807884
/Users/devanshbansal/Desktop/ser/dataset/Audio_Speech_Actors_01-24/Actor_15/03-01-06-02-02-02-15.wav,03-01-06-02-02-02-15.wav,fearful,06,15,male,strong,2,Dogs are sitting by the door,2,speech,audio_only,48000.0,168168.0,3.5035,0.032138437032699585
/Users/devanshbansal/Desktop/ser/dataset/Audio_Speech_Actors_01-24/Actor_15/03-01-07-01-01-01-15.wav,03-01-07-01-01-01-15.wav,disgust,07,15,male,normal,1,Kids are talking by the door,1,speech,audio_only,48000.0,179379.0,3.7370625,0.008186794817447662
/Users/devanshbansal/Desktop/ser/dataset/Audio_Speech_Actors_01-24/Actor_15/03-01-07-01-01-02-15.wav,03-01-07-01-01-02-15.wav,disgust,07,15,male,normal,1,Kids are talking by the door,2,speech,audio_only,48000.0,174574.0,3.6369583333333333,0.00666077621281147
/Users/devanshbansal/Desktop/ser/dataset/Audio_Speech_Actors_01-24/Actor_15/03-01-07-01-02-01-15.wav,03-01-07-01-02-01-15.wav,disgust,07,15,male,normal,2,Dogs are sitting by the door,1,speech,audio_only,48000.0,176176.0,3.6703333333333332,0.008106688968837261
/Users/devanshbansal/Desktop/ser/dataset/Audio_Speech_Actors_01-24/Actor_15/03-01-07-01-02-02-15.wav,03-01-07-01-02-02-15.wav,disgust,07,15,male,normal,2,Dogs are sitting by the door,2,speech,audio_only,48000.0,195395.0,4.070729166666666,0.012489985674619675
/Users/devanshbansal/Desktop/ser/dataset/Audio_Speech_Actors_01-24/Actor_15/03-01-07-02-01-01-15.wav,03-01-07-02-01-01-15.wav,disgust,07,15,male,strong,1,Kids are talking by the door,1,speech,audio_only,48000.0,177777.0,3.7036875,0.014437283389270306
/Users/devanshbansal/Desktop/ser/dataset/Audio_Speech_Actors_01-24/Actor_15/03-01-07-02-01-02-15.wav,03-01-07-02-01-02-15.wav,disgust,07,15,male,strong,1,Kids are talking by the door,2,speech,audio_only,48000.0,161762.0,3.370041666666667,0.009608985856175423
/Users/devanshbansal/Desktop/ser/dataset/Audio_Speech_Actors_01-24/Actor_15/03-01-07-02-02-01-15.wav,03-01-07-02-02-01-15.wav,disgust,07,15,male,strong,2,Dogs are sitting by the door,1,speech,audio_only,48000.0,158559.0,3.3033125,0.014652825891971588
/Users/devanshbansal/Desktop/ser/dataset/Audio_Speech_Actors_01-24/Actor_15/03-01-07-02-02-02-15.wav,03-01-07-02-02-02-15.wav,disgust,07,15,male,strong,2,Dogs are sitting by the door,2,speech,audio_only,48000.0,166567.0,3.4701458333333335,0.013647004030644894
/Users/devanshbansal/Desktop/ser/dataset/Audio_Speech_Actors_01-24/Actor_15/03-01-08-01-01-01-15.wav,03-01-08-01-01-01-15.wav,surprised,08,15,male,normal,1,Kids are talking by the door,1,speech,audio_only,48000.0,174575.0,3.636979166666667,0.01013892237097025
/Users/devanshbansal/Desktop/ser/dataset/Audio_Speech_Actors_01-24/Actor_15/03-01-08-01-01-02-15.wav,03-01-08-01-01-02-15.wav,surprised,08,15,male,normal,1,Kids are talking by the door,2,speech,audio_only,48000.0,164965.0,3.4367708333333336,0.011631054803729057
/Users/devanshbansal/Desktop/ser/dataset/Audio_Speech_Actors_01-24/Actor_15/03-01-08-01-02-01-15.wav,03-01-08-01-02-01-15.wav,surprised,08,15,male,normal,2,Dogs are sitting by the door,1,speech,audio_only,48000.0,177778.0,3.703708333333333,0.009018993005156517
/Users/devanshbansal/Desktop/ser/dataset/Audio_Speech_Actors_01-24/Actor_15/03-01-08-01-02-02-15.wav,03-01-08-01-02-02-15.wav,surprised,08,15,male,normal,2,Dogs are sitting by the door,2,speech,audio_only,48000.0,161762.0,3.370041666666667,0.009776793420314789
/Users/devanshbansal/Desktop/ser/dataset/Audio_Speech_Actors_01-24/Actor_15/03-01-08-02-01-01-15.wav,03-01-08-02-01-01-15.wav,surprised,08,15,male,strong,1,Kids are talking by the door,1,speech,audio_only,48000.0,161761.0,3.3700208333333332,0.02475118637084961
/Users/devanshbansal/Desktop/ser/dataset/Audio_Speech_Actors_01-24/Actor_15/03-01-08-02-01-02-15.wav,03-01-08-02-01-02-15.wav,surprised,08,15,male,strong,1,Kids are talking by the door,2,speech,audio_only,48000.0,158558.0,3.3032916666666665,0.014544219709932804
/Users/devanshbansal/Desktop/ser/dataset/Audio_Speech_Actors_01-24/Actor_15/03-01-08-02-02-01-15.wav,03-01-08-02-02-01-15.wav,surprised,08,15,male,strong,2,Dogs are sitting by the door,1,speech,audio_only,48000.0,153754.0,3.2032083333333334,0.01035955362021923
/Users/devanshbansal/Desktop/ser/dataset/Audio_Speech_Actors_01-24/Actor_15/03-01-08-02-02-02-15.wav,03-01-08-02-02-02-15.wav,surprised,08,15,male,strong,2,Dogs are sitting by the door,2,speech,audio_only,48000.0,160160.0,3.3366666666666664,0.014030502177774906
/Users/devanshbansal/Desktop/ser/dataset/Audio_Speech_Actors_01-24/Actor_16/03-01-01-01-01-01-16.wav,03-01-01-01-01-01-16.wav,calm,01,16,female,normal,1,Kids are talking by the door,1,speech,audio_only,48000.0,179379.0,3.7370625,0.004810894373804331
/Users/devanshbansal/Desktop/ser/dataset/Audio_Speech_Actors_01-24/Actor_16/03-01-01-01-01-02-16.wav,03-01-01-01-01-02-16.wav,calm,01,16,female,normal,1,Kids are talking by the door,2,speech,audio_only,48000.0,179380.0,3.7370833333333335,0.005181801505386829
/Users/devanshbansal/Desktop/ser/dataset/Audio_Speech_Actors_01-24/Actor_16/03-01-01-01-02-01-16.wav,03-01-01-01-02-01-16.wav,calm,01,16,female,normal,2,Dogs are sitting by the door,1,speech,audio_only,48000.0,172973.0,3.6036041666666665,0.007714126259088516
/Users/devanshbansal/Desktop/ser/dataset/Audio_Speech_Actors_01-24/Actor_16/03-01-01-01-02-02-16.wav,03-01-01-01-02-02-16.wav,calm,01,16,female,normal,2,Dogs are sitting by the door,2,speech,audio_only,48000.0,171371.0,3.5702291666666666,0.0073730237782001495
/Users/devanshbansal/Desktop/ser/dataset/Audio_Speech_Actors_01-24/Actor_16/03-01-02-01-01-01-16.wav,03-01-02-01-01-01-16.wav,calm,02,16,female,normal,1,Kids are talking by the door,1,speech,audio_only,48000.0,177777.0,3.7036875,0.0037458031438291073
/Users/devanshbansal/Desktop/ser/dataset/Audio_Speech_Actors_01-24/Actor_16/03-01-02-01-01-02-16.wav,03-01-02-01-01-02-16.wav,calm,02,16,female,normal,1,Kids are talking by the door,2,speech,audio_only,48000.0,185785.0,3.8705208333333334,0.005353687796741724
/Users/devanshbansal/Desktop/ser/dataset/Audio_Speech_Actors_01-24/Actor_16/03-01-02-01-02-01-16.wav,03-01-02-01-02-01-16.wav,calm,02,16,female,normal,2,Dogs are sitting by the door,1,speech,audio_only,48000.0,182582.0,3.8037916666666667,0.005320379510521889
/Users/devanshbansal/Desktop/ser/dataset/Audio_Speech_Actors_01-24/Actor_16/03-01-02-01-02-02-16.wav,03-01-02-01-02-02-16.wav,calm,02,16,female,normal,2,Dogs are sitting by the door,2,speech,audio_only,48000.0,176176.0,3.6703333333333332,0.006643380969762802
/Users/devanshbansal/Desktop/ser/dataset/Audio_Speech_Actors_01-24/Actor_16/03-01-02-02-01-01-16.wav,03-01-02-02-01-01-16.wav,calm,02,16,female,strong,1,Kids are talking by the door,1,speech,audio_only,48000.0,185785.0,3.8705208333333334,0.005318031180649996
/Users/devanshbansal/Desktop/ser/dataset/Audio_Speech_Actors_01-24/Actor_16/03-01-02-02-01-02-16.wav,03-01-02-02-01-02-16.wav,calm,02,16,female,strong,1,Kids are talking by the door,2,speech,audio_only,48000.0,188989.0,3.9372708333333333,0.008430329151451588
/Users/devanshbansal/Desktop/ser/dataset/Audio_Speech_Actors_01-24/Actor_16/03-01-02-02-02-01-16.wav,03-01-02-02-02-01-16.wav,calm,02,16,female,strong,2,Dogs are sitting by the door,1,speech,audio_only,48000.0,182583.0,3.8038125,0.004880256950855255
/Users/devanshbansal/Desktop/ser/dataset/Audio_Speech_Actors_01-24/Actor_16/03-01-02-02-02-02-16.wav,03-01-02-02-02-02-16.wav,calm,02,16,female,strong,2,Dogs are sitting by the door,2,speech,audio_only,48000.0,182582.0,3.8037916666666667,0.00500171072781086
/Users/devanshbansal/Desktop/ser/dataset/Audio_Speech_Actors_01-24/Actor_16/03-01-03-01-01-01-16.wav,03-01-03-01-01-01-16.wav,happy,03,16,female,normal,1,Kids are talking by the door,1,speech,audio_only,48000.0,177778.0,3.703708333333333,0.011802269145846367
/Users/devanshbansal/Desktop/ser/dataset/Audio_Speech_Actors_01-24/Actor_16/03-01-03-01-01-02-16.wav,03-01-03-01-01-02-16.wav,happy,03,16,female,normal,1,Kids are talking by the door,2,speech,audio_only,48000.0,176176.0,3.6703333333333332,0.013755391351878643
/Users/devanshbansal/Desktop/ser/dataset/Audio_Speech_Actors_01-24/Actor_16/03-01-03-01-02-01-16.wav,03-01-03-01-02-01-16.wav,happy,03,16,female,normal,2,Dogs are sitting by the door,1,speech,audio_only,48000.0,179379.0,3.7370625,0.011800767853856087
/Users/devanshbansal/Desktop/ser/dataset/Audio_Speech_Actors_01-24/Actor_16/03-01-03-01-02-02-16.wav,03-01-03-01-02-02-16.wav,happy,03,16,female,normal,2,Dogs are sitting by the door,2,speech,audio_only,48000.0,176176.0,3.6703333333333332,0.012504715472459793
/Users/devanshbansal/Desktop/ser/dataset/Audio_Speech_Actors_01-24/Actor_16/03-01-03-02-01-01-16.wav,03-01-03-02-01-01-16.wav,happy,03,16,female,strong,1,Kids are talking by the door,1,speech,audio_only,48000.0,180981.0,3.7704375,0.0195061806589365
/Users/devanshbansal/Desktop/ser/dataset/Audio_Speech_Actors_01-24/Actor_16/03-01-03-02-01-02-16.wav,03-01-03-02-01-02-16.wav,happy,03,16,female,strong,1,Kids are talking by the door,2,speech,audio_only,48000.0,171371.0,3.5702291666666666,0.0361626036465168
/Users/devanshbansal/Desktop/ser/dataset/Audio_Speech_Actors_01-24/Actor_16/03-01-03-02-02-01-16.wav,03-01-03-02-02-01-16.wav,happy,03,16,female,strong,2,Dogs are sitting by the door,1,speech,audio_only,48000.0,180980.0,3.7704166666666667,0.02265656553208828
/Users/devanshbansal/Desktop/ser/dataset/Audio_Speech_Actors_01-24/Actor_16/03-01-03-02-02-02-16.wav,03-01-03-02-02-02-16.wav,happy,03,16,female,strong,2,Dogs are sitting by the door,2,speech,audio_only,48000.0,182583.0,3.8038125,0.0192544125020504
/Users/devanshbansal/Desktop/ser/dataset/Audio_Speech_Actors_01-24/Actor_16/03-01-04-01-01-01-16.wav,03-01-04-01-01-01-16.wav,sad,04,16,female,normal,1,Kids are talking by the door,1,speech,audio_only,48000.0,171371.0,3.5702291666666666,0.0055503095500171185
/Users/devanshbansal/Desktop/ser/dataset/Audio_Speech_Actors_01-24/Actor_16/03-01-04-01-01-02-16.wav,03-01-04-01-01-02-16.wav,sad,04,16,female,normal,1,Kids are talking by the door,2,speech,audio_only,48000.0,174574.0,3.6369583333333333,0.00485013984143734
/Users/devanshbansal/Desktop/ser/dataset/Audio_Speech_Actors_01-24/Actor_16/03-01-04-01-02-01-16.wav,03-01-04-01-02-01-16.wav,sad,04,16,female,normal,2,Dogs are sitting by the door,1,speech,audio_only,48000.0,163364.0,3.4034166666666668,0.005643179174512625
/Users/devanshbansal/Desktop/ser/dataset/Audio_Speech_Actors_01-24/Actor_16/03-01-04-01-02-02-16.wav,03-01-04-01-02-02-16.wav,sad,04,16,female,normal,2,Dogs are sitting by the door,2,speech,audio_only,48000.0,168168.0,3.5035,0.004925257060676813
/Users/devanshbansal/Desktop/ser/dataset/Audio_Speech_Actors_01-24/Actor_16/03-01-04-02-01-01-16.wav,03-01-04-02-01-01-16.wav,sad,04,16,female,strong,1,Kids are talking by the door,1,speech,audio_only,48000.0,179379.0,3.7370625,0.007079005241394043
/Users/devanshbansal/Desktop/ser/dataset/Audio_Speech_Actors_01-24/Actor_16/03-01-04-02-01-02-16.wav,03-01-04-02-01-02-16.wav,sad,04,16,female,strong,1,Kids are talking by the door,2,speech,audio_only,48000.0,182583.0,3.8038125,0.005839720834046602
/Users/devanshbansal/Desktop/ser/dataset/Audio_Speech_Actors_01-24/Actor_16/03-01-04-02-02-01-16.wav,03-01-04-02-02-01-16.wav,sad,04,16,female,strong,2,Dogs are sitting by the door,1,speech,audio_only,48000.0,185786.0,3.8705416666666665,0.008880345150828362
/Users/devanshbansal/Desktop/ser/dataset/Audio_Speech_Actors_01-24/Actor_16/03-01-04-02-02-02-16.wav,03-01-04-02-02-02-16.wav,sad,04,16,female,strong,2,Dogs are sitting by the door,2,speech,audio_only,48000.0,179379.0,3.7370625,0.009449479170143604
/Users/devanshbansal/Desktop/ser/dataset/Audio_Speech_Actors_01-24/Actor_16/03-01-05-01-01-01-16.wav,03-01-05-01-01-01-16.wav,angry,05,16,female,normal,1,Kids are talking by the door,1,speech,audio_only,48000.0,190591.0,3.970645833333333,0.020926402881741524
/Users/devanshbansal/Desktop/ser/dataset/Audio_Speech_Actors_01-24/Actor_16/03-01-05-01-01-02-16.wav,03-01-05-01-01-02-16.wav,angry,05,16,female,normal,1,Kids are talking by the door,2,speech,audio_only,48000.0,192192.0,4.004,0.027315735816955566
/Users/devanshbansal/Desktop/ser/dataset/Audio_Speech_Actors_01-24/Actor_16/03-01-05-01-02-01-16.wav,03-01-05-01-02-01-16.wav,angry,05,16,female,normal,2,Dogs are sitting by the door,1,speech,audio_only,48000.0,187387.0,3.9038958333333333,0.020417222753167152
/Users/devanshbansal/Desktop/ser/dataset/Audio_Speech_Actors_01-24/Actor_16/03-01-05-01-02-02-16.wav,03-01-05-01-02-02-16.wav,angry,05,16,female,normal,2,Dogs are sitting by the door,2,speech,audio_only,48000.0,187387.0,3.9038958333333333,0.030589498579502106
/Users/devanshbansal/Desktop/ser/dataset/Audio_Speech_Actors_01-24/Actor_16/03-01-05-02-01-01-16.wav,03-01-05-02-01-01-16.wav,angry,05,16,female,strong,1,Kids are talking by the door,1,speech,audio_only,48000.0,190591.0,3.970645833333333,0.045641444623470306
/Users/devanshbansal/Desktop/ser/dataset/Audio_Speech_Actors_01-24/Actor_16/03-01-05-02-01-02-16.wav,03-01-05-02-01-02-16.wav,angry,05,16,female,strong,1,Kids are talking by the door,2,speech,audio_only,48000.0,179379.0,3.7370625,0.07493684440851212
/Users/devanshbansal/Desktop/ser/dataset/Audio_Speech_Actors_01-24/Actor_16/03-01-05-02-02-01-16.wav,03-01-05-02-02-01-16.wav,angry,05,16,female,strong,2,Dogs are sitting by the door,1,speech,audio_only,48000.0,182582.0,3.8037916666666667,0.06977296620607376
/Users/devanshbansal/Desktop/ser/dataset/Audio_Speech_Actors_01-24/Actor_16/03-01-05-02-02-02-16.wav,03-01-05-02-02-02-16.wav,angry,05,16,female,strong,2,Dogs are sitting by the door,2,speech,audio_only,48000.0,195396.0,4.07075,0.05199712514877319
/Users/devanshbansal/Desktop/ser/dataset/Audio_Speech_Actors_01-24/Actor_16/03-01-06-01-01-01-16.wav,03-01-06-01-01-01-16.wav,fearful,06,16,female,normal,1,Kids are talking by the door,1,speech,audio_only,48000.0,177777.0,3.7036875,0.014614983461797237
/Users/devanshbansal/Desktop/ser/dataset/Audio_Speech_Actors_01-24/Actor_16/03-01-06-01-01-02-16.wav,03-01-06-01-01-02-16.wav,fearful,06,16,female,normal,1,Kids are talking by the door,2,speech,audio_only,48000.0,168168.0,3.5035,0.010408087633550167
/Users/devanshbansal/Desktop/ser/dataset/Audio_Speech_Actors_01-24/Actor_16/03-01-06-01-02-01-16.wav,03-01-06-01-02-01-16.wav,fearful,06,16,female,normal,2,Dogs are sitting by the door,1,speech,audio_only,48000.0,174574.0,3.6369583333333333,0.011405936442315578
/Users/devanshbansal/Desktop/ser/dataset/Audio_Speech_Actors_01-24/Actor_16/03-01-06-01-02-02-16.wav,03-01-06-01-02-02-16.wav,fearful,06,16,female,normal,2,Dogs are sitting by the door,2,speech,audio_only,48000.0,171371.0,3.5702291666666666,0.015295548364520073
/Users/devanshbansal/Desktop/ser/dataset/Audio_Speech_Actors_01-24/Actor_16/03-01-06-02-01-01-16.wav,03-01-06-02-01-01-16.wav,fearful,06,16,female,strong,1,Kids are talking by the door,1,speech,audio_only,48000.0,179379.0,3.7370625,0.05279034003615379
/Users/devanshbansal/Desktop/ser/dataset/Audio_Speech_Actors_01-24/Actor_16/03-01-06-02-01-02-16.wav,03-01-06-02-01-02-16.wav,fearful,06,16,female,strong,1,Kids are talking by the door,2,speech,audio_only,48000.0,179379.0,3.7370625,0.0761583149433136
/Users/devanshbansal/Desktop/ser/dataset/Audio_Speech_Actors_01-24/Actor_16/03-01-06-02-02-01-16.wav,03-01-06-02-02-01-16.wav,fearful,06,16,female,strong,2,Dogs are sitting by the door,1,speech,audio_only,48000.0,169769.0,3.5368541666666666,0.06309333443641663
/Users/devanshbansal/Desktop/ser/dataset/Audio_Speech_Actors_01-24/Actor_16/03-01-06-02-02-02-16.wav,03-01-06-02-02-02-16.wav,fearful,06,16,female,strong,2,Dogs are sitting by the door,2,speech,audio_only,48000.0,168168.0,3.5035,0.06995749473571777
/Users/devanshbansal/Desktop/ser/dataset/Audio_Speech_Actors_01-24/Actor_16/03-01-07-01-01-01-16.wav,03-01-07-01-01-01-16.wav,disgust,07,16,female,normal,1,Kids are talking by the door,1,speech,audio_only,48000.0,180981.0,3.7704375,0.00720716267824173
/Users/devanshbansal/Desktop/ser/dataset/Audio_Speech_Actors_01-24/Actor_16/03-01-07-01-01-02-16.wav,03-01-07-01-01-02-16.wav,disgust,07,16,female,normal,1,Kids are talking by the door,2,speech,audio_only,48000.0,179379.0,3.7370625,0.00832268688827753
/Users/devanshbansal/Desktop/ser/dataset/Audio_Speech_Actors_01-24/Actor_16/03-01-07-01-02-01-16.wav,03-01-07-01-02-01-16.wav,disgust,07,16,female,normal,2,Dogs are sitting by the door,1,speech,audio_only,48000.0,166566.0,3.470125,0.008488640189170837
/Users/devanshbansal/Desktop/ser/dataset/Audio_Speech_Actors_01-24/Actor_16/03-01-07-01-02-02-16.wav,03-01-07-01-02-02-16.wav,disgust,07,16,female,normal,2,Dogs are sitting by the door,2,speech,audio_only,48000.0,171371.0,3.5702291666666666,0.011820783838629723
/Users/devanshbansal/Desktop/ser/dataset/Audio_Speech_Actors_01-24/Actor_16/03-01-07-02-01-01-16.wav,03-01-07-02-01-01-16.wav,disgust,07,16,female,strong,1,Kids are talking by the door,1,speech,audio_only,48000.0,205004.0,4.2709166666666665,0.007716067135334015
/Users/devanshbansal/Desktop/ser/dataset/Audio_Speech_Actors_01-24/Actor_16/03-01-07-02-01-02-16.wav,03-01-07-02-01-02-16.wav,disgust,07,16,female,strong,1,Kids are talking by the door,2,speech,audio_only,48000.0,203404.0,4.237583333333333,0.010073821060359478
/Users/devanshbansal/Desktop/ser/dataset/Audio_Speech_Actors_01-24/Actor_16/03-01-07-02-02-01-16.wav,03-01-07-02-02-01-16.wav,disgust,07,16,female,strong,2,Dogs are sitting by the door,1,speech,audio_only,48000.0,198598.0,4.137458333333333,0.013713691383600235
/Users/devanshbansal/Desktop/ser/dataset/Audio_Speech_Actors_01-24/Actor_16/03-01-07-02-02-02-16.wav,03-01-07-02-02-02-16.wav,disgust,07,16,female,strong,2,Dogs are sitting by the door,2,speech,audio_only,48000.0,198599.0,4.137479166666667,0.016170985996723175
/Users/devanshbansal/Desktop/ser/dataset/Audio_Speech_Actors_01-24/Actor_16/03-01-08-01-01-01-16.wav,03-01-08-01-01-01-16.wav,surprised,08,16,female,normal,1,Kids are talking by the door,1,speech,audio_only,48000.0,169770.0,3.536875,0.010121828876435757
/Users/devanshbansal/Desktop/ser/dataset/Audio_Speech_Actors_01-24/Actor_16/03-01-08-01-01-02-16.wav,03-01-08-01-01-02-16.wav,surprised,08,16,female,normal,1,Kids are talking by the door,2,speech,audio_only,48000.0,164964.0,3.43675,0.015606420114636421
/Users/devanshbansal/Desktop/ser/dataset/Audio_Speech_Actors_01-24/Actor_16/03-01-08-01-02-01-16.wav,03-01-08-01-02-01-16.wav,surprised,08,16,female,normal,2,Dogs are sitting by the door,1,speech,audio_only,48000.0,168168.0,3.5035,0.016391849145293236
/Users/devanshbansal/Desktop/ser/dataset/Audio_Speech_Actors_01-24/Actor_16/03-01-08-01-02-02-16.wav,03-01-08-01-02-02-16.wav,surprised,08,16,female,normal,2,Dogs are sitting by the door,2,speech,audio_only,48000.0,164965.0,3.4367708333333336,0.025147242471575737
/Users/devanshbansal/Desktop/ser/dataset/Audio_Speech_Actors_01-24/Actor_16/03-01-08-02-01-01-16.wav,03-01-08-02-01-01-16.wav,surprised,08,16,female,strong,1,Kids are talking by the door,1,speech,audio_only,48000.0,169770.0,3.536875,0.01531447283923626
/Users/devanshbansal/Desktop/ser/dataset/Audio_Speech_Actors_01-24/Actor_16/03-01-08-02-01-02-16.wav,03-01-08-02-01-02-16.wav,surprised,08,16,female,strong,1,Kids are talking by the door,2,speech,audio_only,48000.0,169769.0,3.5368541666666666,0.020746689289808273
/Users/devanshbansal/Desktop/ser/dataset/Audio_Speech_Actors_01-24/Actor_16/03-01-08-02-02-01-16.wav,03-01-08-02-02-01-16.wav,surprised,08,16,female,strong,2,Dogs are sitting by the door,1,speech,audio_only,48000.0,171372.0,3.57025,0.02859189361333847
/Users/devanshbansal/Desktop/ser/dataset/Audio_Speech_Actors_01-24/Actor_16/03-01-08-02-02-02-16.wav,03-01-08-02-02-02-16.wav,surprised,08,16,female,strong,2,Dogs are sitting by the door,2,speech,audio_only,48000.0,171371.0,3.5702291666666666,0.0228191539645195
/Users/devanshbansal/Desktop/ser/dataset/Audio_Speech_Actors_01-24/Actor_17/03-01-01-01-01-01-17.wav,03-01-01-01-01-01-17.wav,calm,01,17,male,normal,1,Kids are talking by the door,1,speech,audio_only,48000.0,184184.0,3.8371666666666666,0.006687106564640999
/Users/devanshbansal/Desktop/ser/dataset/Audio_Speech_Actors_01-24/Actor_17/03-01-01-01-01-02-17.wav,03-01-01-01-01-02-17.wav,calm,01,17,male,normal,1,Kids are talking by the door,2,speech,audio_only,48000.0,168168.0,3.5035,0.006861320696771145
/Users/devanshbansal/Desktop/ser/dataset/Audio_Speech_Actors_01-24/Actor_17/03-01-01-01-02-01-17.wav,03-01-01-01-02-01-17.wav,calm,01,17,male,normal,2,Dogs are sitting by the door,1,speech,audio_only,48000.0,168168.0,3.5035,0.008038364350795746
/Users/devanshbansal/Desktop/ser/dataset/Audio_Speech_Actors_01-24/Actor_17/03-01-01-01-02-02-17.wav,03-01-01-01-02-02-17.wav,calm,01,17,male,normal,2,Dogs are sitting by the door,2,speech,audio_only,48000.0,166566.0,3.470125,0.007995969615876675
/Users/devanshbansal/Desktop/ser/dataset/Audio_Speech_Actors_01-24/Actor_17/03-01-02-01-01-01-17.wav,03-01-02-01-01-01-17.wav,calm,02,17,male,normal,1,Kids are talking by the door,1,speech,audio_only,48000.0,168168.0,3.5035,0.006475714035332203
/Users/devanshbansal/Desktop/ser/dataset/Audio_Speech_Actors_01-24/Actor_17/03-01-02-01-01-02-17.wav,03-01-02-01-01-02-17.wav,calm,02,17,male,normal,1,Kids are talking by the door,2,speech,audio_only,48000.0,169770.0,3.536875,0.007601368706673384
/Users/devanshbansal/Desktop/ser/dataset/Audio_Speech_Actors_01-24/Actor_17/03-01-02-01-02-01-17.wav,03-01-02-01-02-01-17.wav,calm,02,17,male,normal,2,Dogs are sitting by the door,1,speech,audio_only,48000.0,179380.0,3.7370833333333335,0.007636637892574072
/Users/devanshbansal/Desktop/ser/dataset/Audio_Speech_Actors_01-24/Actor_17/03-01-02-01-02-02-17.wav,03-01-02-01-02-02-17.wav,calm,02,17,male,normal,2,Dogs are sitting by the door,2,speech,audio_only,48000.0,180981.0,3.7704375,0.008019336499273777
/Users/devanshbansal/Desktop/ser/dataset/Audio_Speech_Actors_01-24/Actor_17/03-01-02-02-01-01-17.wav,03-01-02-02-01-01-17.wav,calm,02,17,male,strong,1,Kids are talking by the door,1,speech,audio_only,48000.0,185786.0,3.8705416666666665,0.006206486839801073
/Users/devanshbansal/Desktop/ser/dataset/Audio_Speech_Actors_01-24/Actor_17/03-01-02-02-01-02-17.wav,03-01-02-02-01-02-17.wav,calm,02,17,male,strong,1,Kids are talking by the door,2,speech,audio_only,48000.0,172973.0,3.6036041666666665,0.004754881840199232
/Users/devanshbansal/Desktop/ser/dataset/Audio_Speech_Actors_01-24/Actor_17/03-01-02-02-02-01-17.wav,03-01-02-02-02-01-17.wav,calm,02,17,male,strong,2,Dogs are sitting by the door,1,speech,audio_only,48000.0,184184.0,3.8371666666666666,0.007259150501340628
/Users/devanshbansal/Desktop/ser/dataset/Audio_Speech_Actors_01-24/Actor_17/03-01-02-02-02-02-17.wav,03-01-02-02-02-02-17.wav,calm,02,17,male,strong,2,Dogs are sitting by the door,2,speech,audio_only,48000.0,169770.0,3.536875,0.00536127295345068
/Users/devanshbansal/Desktop/ser/dataset/Audio_Speech_Actors_01-24/Actor_17/03-01-03-01-01-01-17.wav,03-01-03-01-01-01-17.wav,happy,03,17,male,normal,1,Kids are talking by the door,1,speech,audio_only,48000.0,166566.0,3.470125,0.009990665130317211
/Users/devanshbansal/Desktop/ser/dataset/Audio_Speech_Actors_01-24/Actor_17/03-01-03-01-01-02-17.wav,03-01-03-01-01-02-17.wav,happy,03,17,male,normal,1,Kids are talking by the door,2,speech,audio_only,48000.0,169770.0,3.536875,0.013006984256207943
/Users/devanshbansal/Desktop/ser/dataset/Audio_Speech_Actors_01-24/Actor_17/03-01-03-01-02-01-17.wav,03-01-03-01-02-01-17.wav,happy,03,17,male,normal,2,Dogs are sitting by the door,1,speech,audio_only,48000.0,166567.0,3.4701458333333335,0.016992609947919846
/Users/devanshbansal/Desktop/ser/dataset/Audio_Speech_Actors_01-24/Actor_17/03-01-03-01-02-02-17.wav,03-01-03-01-02-02-17.wav,happy,03,17,male,normal,2,Dogs are sitting by the door,2,speech,audio_only,48000.0,169769.0,3.5368541666666666,0.014215699397027493
/Users/devanshbansal/Desktop/ser/dataset/Audio_Speech_Actors_01-24/Actor_17/03-01-03-02-01-01-17.wav,03-01-03-02-01-01-17.wav,happy,03,17,male,strong,1,Kids are talking by the door,1,speech,audio_only,48000.0,179379.0,3.7370625,0.03406738489866257
/Users/devanshbansal/Desktop/ser/dataset/Audio_Speech_Actors_01-24/Actor_17/03-01-03-02-01-02-17.wav,03-01-03-02-01-02-17.wav,happy,03,17,male,strong,1,Kids are talking by the door,2,speech,audio_only,48000.0,196997.0,4.104104166666667,0.055145785212516785
/Users/devanshbansal/Desktop/ser/dataset/Audio_Speech_Actors_01-24/Actor_17/03-01-03-02-02-01-17.wav,03-01-03-02-02-01-17.wav,happy,03,17,male,strong,2,Dogs are sitting by the door,1,speech,audio_only,48000.0,179379.0,3.7370625,0.029338419437408447
/Users/devanshbansal/Desktop/ser/dataset/Audio_Speech_Actors_01-24/Actor_17/03-01-03-02-02-02-17.wav,03-01-03-02-02-02-17.wav,happy,03,17,male,strong,2,Dogs are sitting by the door,2,speech,audio_only,48000.0,182582.0,3.8037916666666667,0.03037092089653015
/Users/devanshbansal/Desktop/ser/dataset/Audio_Speech_Actors_01-24/Actor_17/03-01-04-01-01-01-17.wav,03-01-04-01-01-01-17.wav,sad,04,17,male,normal,1,Kids are talking by the door,1,speech,audio_only,48000.0,176176.0,3.6703333333333332,0.009706181474030018
/Users/devanshbansal/Desktop/ser/dataset/Audio_Speech_Actors_01-24/Actor_17/03-01-04-01-01-02-17.wav,03-01-04-01-01-02-17.wav,sad,04,17,male,normal,1,Kids are talking by the door,2,speech,audio_only,48000.0,168168.0,3.5035,0.011521522887051105
/Users/devanshbansal/Desktop/ser/dataset/Audio_Speech_Actors_01-24/Actor_17/03-01-04-01-02-01-17.wav,03-01-04-01-02-01-17.wav,sad,04,17,male,normal,2,Dogs are sitting by the door,1,speech,audio_only,48000.0,171371.0,3.5702291666666666,0.007763270288705826
/Users/devanshbansal/Desktop/ser/dataset/Audio_Speech_Actors_01-24/Actor_17/03-01-04-01-02-02-17.wav,03-01-04-01-02-02-17.wav,sad,04,17,male,normal,2,Dogs are sitting by the door,2,speech,audio_only,48000.0,172973.0,3.6036041666666665,0.01147853396832943
/Users/devanshbansal/Desktop/ser/dataset/Audio_Speech_Actors_01-24/Actor_17/03-01-04-02-01-01-17.wav,03-01-04-02-01-01-17.wav,sad,04,17,male,strong,1,Kids are talking by the door,1,speech,audio_only,48000.0,176176.0,3.6703333333333332,0.01940404437482357
/Users/devanshbansal/Desktop/ser/dataset/Audio_Speech_Actors_01-24/Actor_17/03-01-04-02-01-02-17.wav,03-01-04-02-01-02-17.wav,sad,04,17,male,strong,1,Kids are talking by the door,2,speech,audio_only,48000.0,177778.0,3.703708333333333,0.01717102713882923
/Users/devanshbansal/Desktop/ser/dataset/Audio_Speech_Actors_01-24/Actor_17/03-01-04-02-02-01-17.wav,03-01-04-02-02-01-17.wav,sad,04,17,male,strong,2,Dogs are sitting by the door,1,speech,audio_only,48000.0,172973.0,3.6036041666666665,0.01631966419517994
/Users/devanshbansal/Desktop/ser/dataset/Audio_Speech_Actors_01-24/Actor_17/03-01-04-02-02-02-17.wav,03-01-04-02-02-02-17.wav,sad,04,17,male,strong,2,Dogs are sitting by the door,2,speech,audio_only,48000.0,171371.0,3.5702291666666666,0.01665554940700531
/Users/devanshbansal/Desktop/ser/dataset/Audio_Speech_Actors_01-24/Actor_17/03-01-05-01-01-01-17.wav,03-01-05-01-01-01-17.wav,angry,05,17,male,normal,1,Kids are talking by the door,1,speech,audio_only,48000.0,166567.0,3.4701458333333335,0.00557747483253479
/Users/devanshbansal/Desktop/ser/dataset/Audio_Speech_Actors_01-24/Actor_17/03-01-05-01-01-02-17.wav,03-01-05-01-01-02-17.wav,angry,05,17,male,normal,1,Kids are talking by the door,2,speech,audio_only,48000.0,177778.0,3.703708333333333,0.008913937024772167
/Users/devanshbansal/Desktop/ser/dataset/Audio_Speech_Actors_01-24/Actor_17/03-01-05-01-02-01-17.wav,03-01-05-01-02-01-17.wav,angry,05,17,male,normal,2,Dogs are sitting by the door,1,speech,audio_only,48000.0,172973.0,3.6036041666666665,0.015564033761620522
/Users/devanshbansal/Desktop/ser/dataset/Audio_Speech_Actors_01-24/Actor_17/03-01-05-01-02-02-17.wav,03-01-05-01-02-02-17.wav,angry,05,17,male,normal,2,Dogs are sitting by the door,2,speech,audio_only,48000.0,169770.0,3.536875,0.008899200707674026
/Users/devanshbansal/Desktop/ser/dataset/Audio_Speech_Actors_01-24/Actor_17/03-01-05-02-01-01-17.wav,03-01-05-02-01-01-17.wav,angry,05,17,male,strong,1,Kids are talking by the door,1,speech,audio_only,48000.0,168168.0,3.5035,0.04869223013520241
/Users/devanshbansal/Desktop/ser/dataset/Audio_Speech_Actors_01-24/Actor_17/03-01-05-02-01-02-17.wav,03-01-05-02-01-02-17.wav,angry,05,17,male,strong,1,Kids are talking by the door,2,speech,audio_only,48000.0,179379.0,3.7370625,0.08215047419071198
/Users/devanshbansal/Desktop/ser/dataset/Audio_Speech_Actors_01-24/Actor_17/03-01-05-02-02-01-17.wav,03-01-05-02-02-01-17.wav,angry,05,17,male,strong,2,Dogs are sitting by the door,1,speech,audio_only,48000.0,174575.0,3.636979166666667,0.054911769926548004
/Users/devanshbansal/Desktop/ser/dataset/Audio_Speech_Actors_01-24/Actor_17/03-01-05-02-02-02-17.wav,03-01-05-02-02-02-17.wav,angry,05,17,male,strong,2,Dogs are sitting by the door,2,speech,audio_only,48000.0,182583.0,3.8038125,0.054307419806718826
/Users/devanshbansal/Desktop/ser/dataset/Audio_Speech_Actors_01-24/Actor_17/03-01-06-01-01-01-17.wav,03-01-06-01-01-01-17.wav,fearful,06,17,male,normal,1,Kids are talking by the door,1,speech,audio_only,48000.0,166566.0,3.470125,0.01802363060414791
/Users/devanshbansal/Desktop/ser/dataset/Audio_Speech_Actors_01-24/Actor_17/03-01-06-01-01-02-17.wav,03-01-06-01-01-02-17.wav,fearful,06,17,male,normal,1,Kids are talking by the door,2,speech,audio_only,48000.0,168168.0,3.5035,0.022838948294520378
/Users/devanshbansal/Desktop/ser/dataset/Audio_Speech_Actors_01-24/Actor_17/03-01-06-01-02-01-17.wav,03-01-06-01-02-01-17.wav,fearful,06,17,male,normal,2,Dogs are sitting by the door,1,speech,audio_only,48000.0,169770.0,3.536875,0.023561259731650352
/Users/devanshbansal/Desktop/ser/dataset/Audio_Speech_Actors_01-24/Actor_17/03-01-06-01-02-02-17.wav,03-01-06-01-02-02-17.wav,fearful,06,17,male,normal,2,Dogs are sitting by the door,2,speech,audio_only,48000.0,174574.0,3.6369583333333333,0.062106166034936905
/Users/devanshbansal/Desktop/ser/dataset/Audio_Speech_Actors_01-24/Actor_17/03-01-06-02-01-01-17.wav,03-01-06-02-01-01-17.wav,fearful,06,17,male,strong,1,Kids are talking by the door,1,speech,audio_only,48000.0,177778.0,3.703708333333333,0.08446738123893738
/Users/devanshbansal/Desktop/ser/dataset/Audio_Speech_Actors_01-24/Actor_17/03-01-06-02-01-02-17.wav,03-01-06-02-01-02-17.wav,fearful,06,17,male,strong,1,Kids are talking by the door,2,speech,audio_only,48000.0,179379.0,3.7370625,0.057824887335300446
/Users/devanshbansal/Desktop/ser/dataset/Audio_Speech_Actors_01-24/Actor_17/03-01-06-02-02-01-17.wav,03-01-06-02-02-01-17.wav,fearful,06,17,male,strong,2,Dogs are sitting by the door,1,speech,audio_only,48000.0,176176.0,3.6703333333333332,0.059966836124658585
/Users/devanshbansal/Desktop/ser/dataset/Audio_Speech_Actors_01-24/Actor_17/03-01-06-02-02-02-17.wav,03-01-06-02-02-02-17.wav,fearful,06,17,male,strong,2,Dogs are sitting by the door,2,speech,audio_only,48000.0,184184.0,3.8371666666666666,0.055611561983823776
/Users/devanshbansal/Desktop/ser/dataset/Audio_Speech_Actors_01-24/Actor_17/03-01-07-01-01-01-17.wav,03-01-07-01-01-01-17.wav,disgust,07,17,male,normal,1,Kids are talking by the door,1,speech,audio_only,48000.0,184184.0,3.8371666666666666,0.009808757342398167
/Users/devanshbansal/Desktop/ser/dataset/Audio_Speech_Actors_01-24/Actor_17/03-01-07-01-01-02-17.wav,03-01-07-01-01-02-17.wav,disgust,07,17,male,normal,1,Kids are talking by the door,2,speech,audio_only,48000.0,177778.0,3.703708333333333,0.011964733712375164
/Users/devanshbansal/Desktop/ser/dataset/Audio_Speech_Actors_01-24/Actor_17/03-01-07-01-02-01-17.wav,03-01-07-01-02-01-17.wav,disgust,07,17,male,normal,2,Dogs are sitting by the door,1,speech,audio_only,48000.0,171371.0,3.5702291666666666,0.013679939322173595
/Users/devanshbansal/Desktop/ser/dataset/Audio_Speech_Actors_01-24/Actor_17/03-01-07-01-02-02-17.wav,03-01-07-01-02-02-17.wav,disgust,07,17,male,normal,2,Dogs are sitting by the door,2,speech,audio_only,48000.0,168168.0,3.5035,0.007587798405438662
/Users/devanshbansal/Desktop/ser/dataset/Audio_Speech_Actors_01-24/Actor_17/03-01-07-02-01-01-17.wav,03-01-07-02-01-01-17.wav,disgust,07,17,male,strong,1,Kids are talking by the door,1,speech,audio_only,48000.0,201802.0,4.204208333333334,0.019263042137026787
/Users/devanshbansal/Desktop/ser/dataset/Audio_Speech_Actors_01-24/Actor_17/03-01-07-02-01-02-17.wav,03-01-07-02-01-02-17.wav,disgust,07,17,male,strong,1,Kids are talking by the door,2,speech,audio_only,48000.0,200200.0,4.170833333333333,0.015829848125576973
/Users/devanshbansal/Desktop/ser/dataset/Audio_Speech_Actors_01-24/Actor_17/03-01-07-02-02-01-17.wav,03-01-07-02-02-01-17.wav,disgust,07,17,male,strong,2,Dogs are sitting by the door,1,speech,audio_only,48000.0,214615.0,4.471145833333333,0.013628807850182056
/Users/devanshbansal/Desktop/ser/dataset/Audio_Speech_Actors_01-24/Actor_17/03-01-07-02-02-02-17.wav,03-01-07-02-02-02-17.wav,disgust,07,17,male,strong,2,Dogs are sitting by the door,2,speech,audio_only,48000.0,221021.0,4.604604166666666,0.015775417909026146
/Users/devanshbansal/Desktop/ser/dataset/Audio_Speech_Actors_01-24/Actor_17/03-01-08-01-01-01-17.wav,03-01-08-01-01-01-17.wav,surprised,08,17,male,normal,1,Kids are talking by the door,1,speech,audio_only,48000.0,163363.0,3.403395833333333,0.016006238758563995
/Users/devanshbansal/Desktop/ser/dataset/Audio_Speech_Actors_01-24/Actor_17/03-01-08-01-01-02-17.wav,03-01-08-01-01-02-17.wav,surprised,08,17,male,normal,1,Kids are talking by the door,2,speech,audio_only,48000.0,174574.0,3.6369583333333333,0.015107116661965847
/Users/devanshbansal/Desktop/ser/dataset/Audio_Speech_Actors_01-24/Actor_17/03-01-08-01-02-01-17.wav,03-01-08-01-02-01-17.wav,surprised,08,17,male,normal,2,Dogs are sitting by the door,1,speech,audio_only,48000.0,161762.0,3.370041666666667,0.011278054676949978
/Users/devanshbansal/Desktop/ser/dataset/Audio_Speech_Actors_01-24/Actor_17/03-01-08-01-02-02-17.wav,03-01-08-01-02-02-17.wav,surprised,08,17,male,normal,2,Dogs are sitting by the door,2,speech,audio_only,48000.0,164965.0,3.4367708333333336,0.013736329972743988
/Users/devanshbansal/Desktop/ser/dataset/Audio_Speech_Actors_01-24/Actor_17/03-01-08-02-01-01-17.wav,03-01-08-02-01-01-17.wav,surprised,08,17,male,strong,1,Kids are talking by the door,1,speech,audio_only,48000.0,169770.0,3.536875,0.02244499698281288
/Users/devanshbansal/Desktop/ser/dataset/Audio_Speech_Actors_01-24/Actor_17/03-01-08-02-01-02-17.wav,03-01-08-02-01-02-17.wav,surprised,08,17,male,strong,1,Kids are talking by the door,2,speech,audio_only,48000.0,176176.0,3.6703333333333332,0.022786583751440048
/Users/devanshbansal/Desktop/ser/dataset/Audio_Speech_Actors_01-24/Actor_17/03-01-08-02-02-01-17.wav,03-01-08-02-02-01-17.wav,surprised,08,17,male,strong,2,Dogs are sitting by the door,1,speech,audio_only,48000.0,164965.0,3.4367708333333336,0.03546017035841942
/Users/devanshbansal/Desktop/ser/dataset/Audio_Speech_Actors_01-24/Actor_17/03-01-08-02-02-02-17.wav,03-01-08-02-02-02-17.wav,surprised,08,17,male,strong,2,Dogs are sitting by the door,2,speech,audio_only,48000.0,169769.0,3.5368541666666666,0.0314967967569828
/Users/devanshbansal/Desktop/ser/dataset/Audio_Speech_Actors_01-24/Actor_18/03-01-01-01-01-01-18.wav,03-01-01-01-01-01-18.wav,calm,01,18,female,normal,1,Kids are talking by the door,1,speech,audio_only,48000.0,166567.0,3.4701458333333335,0.002830810146406293
/Users/devanshbansal/Desktop/ser/dataset/Audio_Speech_Actors_01-24/Actor_18/03-01-01-01-01-02-18.wav,03-01-01-01-01-02-18.wav,calm,01,18,female,normal,1,Kids are talking by the door,2,speech,audio_only,48000.0,169770.0,3.536875,0.0032749236561357975
/Users/devanshbansal/Desktop/ser/dataset/Audio_Speech_Actors_01-24/Actor_18/03-01-01-01-02-01-18.wav,03-01-01-01-02-01-18.wav,calm,01,18,female,normal,2,Dogs are sitting by the door,1,speech,audio_only,48000.0,166566.0,3.470125,0.0029177486430853605
/Users/devanshbansal/Desktop/ser/dataset/Audio_Speech_Actors_01-24/Actor_18/03-01-01-01-02-02-18.wav,03-01-01-01-02-02-18.wav,calm,01,18,female,normal,2,Dogs are sitting by the door,2,speech,audio_only,48000.0,166567.0,3.4701458333333335,0.0030950007494539022
/Users/devanshbansal/Desktop/ser/dataset/Audio_Speech_Actors_01-24/Actor_18/03-01-02-01-01-01-18.wav,03-01-02-01-01-01-18.wav,calm,02,18,female,normal,1,Kids are talking by the door,1,speech,audio_only,48000.0,166566.0,3.470125,0.004310622811317444
/Users/devanshbansal/Desktop/ser/dataset/Audio_Speech_Actors_01-24/Actor_18/03-01-02-01-01-02-18.wav,03-01-02-01-01-02-18.wav,calm,02,18,female,normal,1,Kids are talking by the door,2,speech,audio_only,48000.0,163364.0,3.4034166666666668,0.0038058029022067785
/Users/devanshbansal/Desktop/ser/dataset/Audio_Speech_Actors_01-24/Actor_18/03-01-02-01-02-01-18.wav,03-01-02-01-02-01-18.wav,calm,02,18,female,normal,2,Dogs are sitting by the door,1,speech,audio_only,48000.0,174575.0,3.636979166666667,0.005089281126856804
/Users/devanshbansal/Desktop/ser/dataset/Audio_Speech_Actors_01-24/Actor_18/03-01-02-01-02-02-18.wav,03-01-02-01-02-02-18.wav,calm,02,18,female,normal,2,Dogs are sitting by the door,2,speech,audio_only,48000.0,168168.0,3.5035,0.005179551895707846
/Users/devanshbansal/Desktop/ser/dataset/Audio_Speech_Actors_01-24/Actor_18/03-01-02-02-01-01-18.wav,03-01-02-02-01-01-18.wav,calm,02,18,female,strong,1,Kids are talking by the door,1,speech,audio_only,48000.0,172973.0,3.6036041666666665,0.0037199892103672028
/Users/devanshbansal/Desktop/ser/dataset/Audio_Speech_Actors_01-24/Actor_18/03-01-02-02-01-02-18.wav,03-01-02-02-01-02-18.wav,calm,02,18,female,strong,1,Kids are talking by the door,2,speech,audio_only,48000.0,172973.0,3.6036041666666665,0.0033054309897124767
/Users/devanshbansal/Desktop/ser/dataset/Audio_Speech_Actors_01-24/Actor_18/03-01-02-02-02-01-18.wav,03-01-02-02-02-01-18.wav,calm,02,18,female,strong,2,Dogs are sitting by the door,1,speech,audio_only,48000.0,172972.0,3.6035833333333334,0.00408385694026947
/Users/devanshbansal/Desktop/ser/dataset/Audio_Speech_Actors_01-24/Actor_18/03-01-02-02-02-02-18.wav,03-01-02-02-02-02-18.wav,calm,02,18,female,strong,2,Dogs are sitting by the door,2,speech,audio_only,48000.0,172973.0,3.6036041666666665,0.00458559300750494
/Users/devanshbansal/Desktop/ser/dataset/Audio_Speech_Actors_01-24/Actor_18/03-01-03-01-01-01-18.wav,03-01-03-01-01-01-18.wav,happy,03,18,female,normal,1,Kids are talking by the door,1,speech,audio_only,48000.0,163363.0,3.403395833333333,0.009707127697765827
/Users/devanshbansal/Desktop/ser/dataset/Audio_Speech_Actors_01-24/Actor_18/03-01-03-01-01-02-18.wav,03-01-03-01-01-02-18.wav,happy,03,18,female,normal,1,Kids are talking by the door,2,speech,audio_only,48000.0,161761.0,3.3700208333333332,0.008175968192517757
/Users/devanshbansal/Desktop/ser/dataset/Audio_Speech_Actors_01-24/Actor_18/03-01-03-01-02-01-18.wav,03-01-03-01-02-01-18.wav,happy,03,18,female,normal,2,Dogs are sitting by the door,1,speech,audio_only,48000.0,164964.0,3.43675,0.006071262061595917
/Users/devanshbansal/Desktop/ser/dataset/Audio_Speech_Actors_01-24/Actor_18/03-01-03-01-02-02-18.wav,03-01-03-01-02-02-18.wav,happy,03,18,female,normal,2,Dogs are sitting by the door,2,speech,audio_only,48000.0,168168.0,3.5035,0.007011343725025654
/Users/devanshbansal/Desktop/ser/dataset/Audio_Speech_Actors_01-24/Actor_18/03-01-03-02-01-01-18.wav,03-01-03-02-01-01-18.wav,happy,03,18,female,strong,1,Kids are talking by the door,1,speech,audio_only,48000.0,180981.0,3.7704375,0.07115807384252548
/Users/devanshbansal/Desktop/ser/dataset/Audio_Speech_Actors_01-24/Actor_18/03-01-03-02-01-02-18.wav,03-01-03-02-01-02-18.wav,happy,03,18,female,strong,1,Kids are talking by the door,2,speech,audio_only,48000.0,188988.0,3.93725,0.05143708735704422
/Users/devanshbansal/Desktop/ser/dataset/Audio_Speech_Actors_01-24/Actor_18/03-01-03-02-02-01-18.wav,03-01-03-02-02-01-18.wav,happy,03,18,female,strong,2,Dogs are sitting by the door,1,speech,audio_only,48000.0,180981.0,3.7704375,0.04323432222008705
/Users/devanshbansal/Desktop/ser/dataset/Audio_Speech_Actors_01-24/Actor_18/03-01-03-02-02-02-18.wav,03-01-03-02-02-02-18.wav,happy,03,18,female,strong,2,Dogs are sitting by the door,2,speech,audio_only,48000.0,184184.0,3.8371666666666666,0.07232298702001572
/Users/devanshbansal/Desktop/ser/dataset/Audio_Speech_Actors_01-24/Actor_18/03-01-04-01-01-01-18.wav,03-01-04-01-01-01-18.wav,sad,04,18,female,normal,1,Kids are talking by the door,1,speech,audio_only,48000.0,171371.0,3.5702291666666666,0.008046717382967472
/Users/devanshbansal/Desktop/ser/dataset/Audio_Speech_Actors_01-24/Actor_18/03-01-04-01-01-02-18.wav,03-01-04-01-01-02-18.wav,sad,04,18,female,normal,1,Kids are talking by the door,2,speech,audio_only,48000.0,174574.0,3.6369583333333333,0.006993964780122042
/Users/devanshbansal/Desktop/ser/dataset/Audio_Speech_Actors_01-24/Actor_18/03-01-04-01-02-01-18.wav,03-01-04-01-02-01-18.wav,sad,04,18,female,normal,2,Dogs are sitting by the door,1,speech,audio_only,48000.0,169770.0,3.536875,0.004865031689405441
/Users/devanshbansal/Desktop/ser/dataset/Audio_Speech_Actors_01-24/Actor_18/03-01-04-01-02-02-18.wav,03-01-04-01-02-02-18.wav,sad,04,18,female,normal,2,Dogs are sitting by the door,2,speech,audio_only,48000.0,174574.0,3.6369583333333333,0.006131923757493496
/Users/devanshbansal/Desktop/ser/dataset/Audio_Speech_Actors_01-24/Actor_18/03-01-04-02-01-01-18.wav,03-01-04-02-01-01-18.wav,sad,04,18,female,strong,1,Kids are talking by the door,1,speech,audio_only,48000.0,182582.0,3.8037916666666667,0.028135115280747414
/Users/devanshbansal/Desktop/ser/dataset/Audio_Speech_Actors_01-24/Actor_18/03-01-04-02-01-02-18.wav,03-01-04-02-01-02-18.wav,sad,04,18,female,strong,1,Kids are talking by the door,2,speech,audio_only,48000.0,184184.0,3.8371666666666666,0.028629742562770844
/Users/devanshbansal/Desktop/ser/dataset/Audio_Speech_Actors_01-24/Actor_18/03-01-04-02-02-01-18.wav,03-01-04-02-02-01-18.wav,sad,04,18,female,strong,2,Dogs are sitting by the door,1,speech,audio_only,48000.0,198599.0,4.137479166666667,0.027455830946564674
/Users/devanshbansal/Desktop/ser/dataset/Audio_Speech_Actors_01-24/Actor_18/03-01-04-02-02-02-18.wav,03-01-04-02-02-02-18.wav,sad,04,18,female,strong,2,Dogs are sitting by the door,2,speech,audio_only,48000.0,184184.0,3.8371666666666666,0.023603981360793114
/Users/devanshbansal/Desktop/ser/dataset/Audio_Speech_Actors_01-24/Actor_18/03-01-05-01-01-01-18.wav,03-01-05-01-01-01-18.wav,angry,05,18,female,normal,1,Kids are talking by the door,1,speech,audio_only,48000.0,187387.0,3.9038958333333333,0.01505130436271429
/Users/devanshbansal/Desktop/ser/dataset/Audio_Speech_Actors_01-24/Actor_18/03-01-05-01-01-02-18.wav,03-01-05-01-01-02-18.wav,angry,05,18,female,normal,1,Kids are talking by the door,2,speech,audio_only,48000.0,200200.0,4.170833333333333,0.011464273557066917
/Users/devanshbansal/Desktop/ser/dataset/Audio_Speech_Actors_01-24/Actor_18/03-01-05-01-02-01-18.wav,03-01-05-01-02-01-18.wav,angry,05,18,female,normal,2,Dogs are sitting by the door,1,speech,audio_only,48000.0,171371.0,3.5702291666666666,0.019609132781624794
/Users/devanshbansal/Desktop/ser/dataset/Audio_Speech_Actors_01-24/Actor_18/03-01-05-01-02-02-18.wav,03-01-05-01-02-02-18.wav,angry,05,18,female,normal,2,Dogs are sitting by the door,2,speech,audio_only,48000.0,174575.0,3.636979166666667,0.014669674448668957
/Users/devanshbansal/Desktop/ser/dataset/Audio_Speech_Actors_01-24/Actor_18/03-01-05-02-01-01-18.wav,03-01-05-02-01-01-18.wav,angry,05,18,female,strong,1,Kids are talking by the door,1,speech,audio_only,48000.0,177778.0,3.703708333333333,0.10111256688833237
/Users/devanshbansal/Desktop/ser/dataset/Audio_Speech_Actors_01-24/Actor_18/03-01-05-02-01-02-18.wav,03-01-05-02-01-02-18.wav,angry,05,18,female,strong,1,Kids are talking by the door,2,speech,audio_only,48000.0,180981.0,3.7704375,0.12572532892227173
/Users/devanshbansal/Desktop/ser/dataset/Audio_Speech_Actors_01-24/Actor_18/03-01-05-02-02-01-18.wav,03-01-05-02-02-01-18.wav,angry,05,18,female,strong,2,Dogs are sitting by the door,1,speech,audio_only,48000.0,184184.0,3.8371666666666666,0.10706821829080582
/Users/devanshbansal/Desktop/ser/dataset/Audio_Speech_Actors_01-24/Actor_18/03-01-05-02-02-02-18.wav,03-01-05-02-02-02-18.wav,angry,05,18,female,strong,2,Dogs are sitting by the door,2,speech,audio_only,48000.0,203403.0,4.2375625,0.12098492681980133
/Users/devanshbansal/Desktop/ser/dataset/Audio_Speech_Actors_01-24/Actor_18/03-01-06-01-01-01-18.wav,03-01-06-01-01-01-18.wav,fearful,06,18,female,normal,1,Kids are talking by the door,1,speech,audio_only,48000.0,164965.0,3.4367708333333336,0.01439545676112175
/Users/devanshbansal/Desktop/ser/dataset/Audio_Speech_Actors_01-24/Actor_18/03-01-06-01-01-02-18.wav,03-01-06-01-01-02-18.wav,fearful,06,18,female,normal,1,Kids are talking by the door,2,speech,audio_only,48000.0,163363.0,3.403395833333333,0.011864295229315758
/Users/devanshbansal/Desktop/ser/dataset/Audio_Speech_Actors_01-24/Actor_18/03-01-06-01-02-01-18.wav,03-01-06-01-02-01-18.wav,fearful,06,18,female,normal,2,Dogs are sitting by the door,1,speech,audio_only,48000.0,166566.0,3.470125,0.00975724495947361
/Users/devanshbansal/Desktop/ser/dataset/Audio_Speech_Actors_01-24/Actor_18/03-01-06-01-02-02-18.wav,03-01-06-01-02-02-18.wav,fearful,06,18,female,normal,2,Dogs are sitting by the door,2,speech,audio_only,48000.0,166567.0,3.4701458333333335,0.011389131657779217
/Users/devanshbansal/Desktop/ser/dataset/Audio_Speech_Actors_01-24/Actor_18/03-01-06-02-01-01-18.wav,03-01-06-02-01-01-18.wav,fearful,06,18,female,strong,1,Kids are talking by the door,1,speech,audio_only,48000.0,179380.0,3.7370833333333335,0.031042350456118584
/Users/devanshbansal/Desktop/ser/dataset/Audio_Speech_Actors_01-24/Actor_18/03-01-06-02-01-02-18.wav,03-01-06-02-01-02-18.wav,fearful,06,18,female,strong,1,Kids are talking by the door,2,speech,audio_only,48000.0,200200.0,4.170833333333333,0.04476693645119667
/Users/devanshbansal/Desktop/ser/dataset/Audio_Speech_Actors_01-24/Actor_18/03-01-06-02-02-01-18.wav,03-01-06-02-02-01-18.wav,fearful,06,18,female,strong,2,Dogs are sitting by the door,1,speech,audio_only,48000.0,182583.0,3.8038125,0.021552082151174545
/Users/devanshbansal/Desktop/ser/dataset/Audio_Speech_Actors_01-24/Actor_18/03-01-06-02-02-02-18.wav,03-01-06-02-02-02-18.wav,fearful,06,18,female,strong,2,Dogs are sitting by the door,2,speech,audio_only,48000.0,182582.0,3.8037916666666667,0.03486713767051697
/Users/devanshbansal/Desktop/ser/dataset/Audio_Speech_Actors_01-24/Actor_18/03-01-07-01-01-01-18.wav,03-01-07-01-01-01-18.wav,disgust,07,18,female,normal,1,Kids are talking by the door,1,speech,audio_only,48000.0,206607.0,4.3043125,0.008515401743352413
/Users/devanshbansal/Desktop/ser/dataset/Audio_Speech_Actors_01-24/Actor_18/03-01-07-01-01-02-18.wav,03-01-07-01-01-02-18.wav,disgust,07,18,female,normal,1,Kids are talking by the door,2,speech,audio_only,48000.0,195396.0,4.07075,0.013823997229337692
/Users/devanshbansal/Desktop/ser/dataset/Audio_Speech_Actors_01-24/Actor_18/03-01-07-01-02-01-18.wav,03-01-07-01-02-01-18.wav,disgust,07,18,female,normal,2,Dogs are sitting by the door,1,speech,audio_only,48000.0,176176.0,3.6703333333333332,0.011941233649849892
/Users/devanshbansal/Desktop/ser/dataset/Audio_Speech_Actors_01-24/Actor_18/03-01-07-01-02-02-18.wav,03-01-07-01-02-02-18.wav,disgust,07,18,female,normal,2,Dogs are sitting by the door,2,speech,audio_only,48000.0,209810.0,4.371041666666667,0.014173785224556923
/Users/devanshbansal/Desktop/ser/dataset/Audio_Speech_Actors_01-24/Actor_18/03-01-07-02-01-01-18.wav,03-01-07-02-01-01-18.wav,disgust,07,18,female,strong,1,Kids are talking by the door,1,speech,audio_only,48000.0,229028.0,4.771416666666667,0.029478663578629494
/Users/devanshbansal/Desktop/ser/dataset/Audio_Speech_Actors_01-24/Actor_18/03-01-07-02-01-02-18.wav,03-01-07-02-01-02-18.wav,disgust,07,18,female,strong,1,Kids are talking by the door,2,speech,audio_only,48000.0,214615.0,4.471145833333333,0.030653314664959908
/Users/devanshbansal/Desktop/ser/dataset/Audio_Speech_Actors_01-24/Actor_18/03-01-07-02-02-01-18.wav,03-01-07-02-02-01-18.wav,disgust,07,18,female,strong,2,Dogs are sitting by the door,1,speech,audio_only,48000.0,222622.0,4.637958333333334,0.028224000707268715
/Users/devanshbansal/Desktop/ser/dataset/Audio_Speech_Actors_01-24/Actor_18/03-01-07-02-02-02-18.wav,03-01-07-02-02-02-18.wav,disgust,07,18,female,strong,2,Dogs are sitting by the door,2,speech,audio_only,48000.0,219419.0,4.571229166666667,0.037152547389268875
/Users/devanshbansal/Desktop/ser/dataset/Audio_Speech_Actors_01-24/Actor_18/03-01-08-01-01-01-18.wav,03-01-08-01-01-01-18.wav,surprised,08,18,female,normal,1,Kids are talking by the door,1,speech,audio_only,48000.0,161761.0,3.3700208333333332,0.006071118637919426
/Users/devanshbansal/Desktop/ser/dataset/Audio_Speech_Actors_01-24/Actor_18/03-01-08-01-01-02-18.wav,03-01-08-01-01-02-18.wav,surprised,08,18,female,normal,1,Kids are talking by the door,2,speech,audio_only,48000.0,168168.0,3.5035,0.005616259295493364
/Users/devanshbansal/Desktop/ser/dataset/Audio_Speech_Actors_01-24/Actor_18/03-01-08-01-02-01-18.wav,03-01-08-01-02-01-18.wav,surprised,08,18,female,normal,2,Dogs are sitting by the door,1,speech,audio_only,48000.0,168168.0,3.5035,0.00860972423106432
/Users/devanshbansal/Desktop/ser/dataset/Audio_Speech_Actors_01-24/Actor_18/03-01-08-01-02-02-18.wav,03-01-08-01-02-02-18.wav,surprised,08,18,female,normal,2,Dogs are sitting by the door,2,speech,audio_only,48000.0,168168.0,3.5035,0.0053985523991286755
/Users/devanshbansal/Desktop/ser/dataset/Audio_Speech_Actors_01-24/Actor_18/03-01-08-02-01-01-18.wav,03-01-08-02-01-01-18.wav,surprised,08,18,female,strong,1,Kids are talking by the door,1,speech,audio_only,48000.0,174575.0,3.636979166666667,0.008787930011749268
/Users/devanshbansal/Desktop/ser/dataset/Audio_Speech_Actors_01-24/Actor_18/03-01-08-02-01-02-18.wav,03-01-08-02-01-02-18.wav,surprised,08,18,female,strong,1,Kids are talking by the door,2,speech,audio_only,48000.0,169770.0,3.536875,0.009933214634656906
/Users/devanshbansal/Desktop/ser/dataset/Audio_Speech_Actors_01-24/Actor_18/03-01-08-02-02-01-18.wav,03-01-08-02-02-01-18.wav,surprised,08,18,female,strong,2,Dogs are sitting by the door,1,speech,audio_only,48000.0,185786.0,3.8705416666666665,0.012220889329910278
/Users/devanshbansal/Desktop/ser/dataset/Audio_Speech_Actors_01-24/Actor_18/03-01-08-02-02-02-18.wav,03-01-08-02-02-02-18.wav,surprised,08,18,female,strong,2,Dogs are sitting by the door,2,speech,audio_only,48000.0,174574.0,3.6369583333333333,0.009659348987042904
/Users/devanshbansal/Desktop/ser/dataset/Audio_Speech_Actors_01-24/Actor_19/03-01-01-01-01-01-19.wav,03-01-01-01-01-01-19.wav,calm,01,19,male,normal,1,Kids are talking by the door,1,speech,audio_only,48000.0,161762.0,3.370041666666667,0.003692914266139269
/Users/devanshbansal/Desktop/ser/dataset/Audio_Speech_Actors_01-24/Actor_19/03-01-01-01-01-02-19.wav,03-01-01-01-01-02-19.wav,calm,01,19,male,normal,1,Kids are talking by the door,2,speech,audio_only,48000.0,155355.0,3.2365625,0.0035084402188658714
/Users/devanshbansal/Desktop/ser/dataset/Audio_Speech_Actors_01-24/Actor_19/03-01-01-01-02-01-19.wav,03-01-01-01-02-01-19.wav,calm,01,19,male,normal,2,Dogs are sitting by the door,1,speech,audio_only,48000.0,160160.0,3.3366666666666664,0.0033627310767769814
/Users/devanshbansal/Desktop/ser/dataset/Audio_Speech_Actors_01-24/Actor_19/03-01-01-01-02-02-19.wav,03-01-01-01-02-02-19.wav,calm,01,19,male,normal,2,Dogs are sitting by the door,2,speech,audio_only,48000.0,158558.0,3.3032916666666665,0.004150015767663717
/Users/devanshbansal/Desktop/ser/dataset/Audio_Speech_Actors_01-24/Actor_19/03-01-02-01-01-01-19.wav,03-01-02-01-01-01-19.wav,calm,02,19,male,normal,1,Kids are talking by the door,1,speech,audio_only,48000.0,176176.0,3.6703333333333332,0.0017666921485215425
/Users/devanshbansal/Desktop/ser/dataset/Audio_Speech_Actors_01-24/Actor_19/03-01-02-01-01-02-19.wav,03-01-02-01-01-02-19.wav,calm,02,19,male,normal,1,Kids are talking by the door,2,speech,audio_only,48000.0,176176.0,3.6703333333333332,0.002019642386585474
/Users/devanshbansal/Desktop/ser/dataset/Audio_Speech_Actors_01-24/Actor_19/03-01-02-01-02-01-19.wav,03-01-02-01-02-01-19.wav,calm,02,19,male,normal,2,Dogs are sitting by the door,1,speech,audio_only,48000.0,160160.0,3.3366666666666664,0.002400239696726203
/Users/devanshbansal/Desktop/ser/dataset/Audio_Speech_Actors_01-24/Actor_19/03-01-02-01-02-02-19.wav,03-01-02-01-02-02-19.wav,calm,02,19,male,normal,2,Dogs are sitting by the door,2,speech,audio_only,48000.0,166566.0,3.470125,0.0020280464086681604
/Users/devanshbansal/Desktop/ser/dataset/Audio_Speech_Actors_01-24/Actor_19/03-01-02-02-01-01-19.wav,03-01-02-02-01-01-19.wav,calm,02,19,male,strong,1,Kids are talking by the door,1,speech,audio_only,48000.0,214615.0,4.471145833333333,0.0038736278656870127
/Users/devanshbansal/Desktop/ser/dataset/Audio_Speech_Actors_01-24/Actor_19/03-01-02-02-01-02-19.wav,03-01-02-02-01-02-19.wav,calm,02,19,male,strong,1,Kids are talking by the door,2,speech,audio_only,48000.0,193794.0,4.037375,0.003298955038189888
/Users/devanshbansal/Desktop/ser/dataset/Audio_Speech_Actors_01-24/Actor_19/03-01-02-02-02-01-19.wav,03-01-02-02-02-01-19.wav,calm,02,19,male,strong,2,Dogs are sitting by the door,1,speech,audio_only,48000.0,221021.0,4.604604166666666,0.002893218770623207
/Users/devanshbansal/Desktop/ser/dataset/Audio_Speech_Actors_01-24/Actor_19/03-01-02-02-02-02-19.wav,03-01-02-02-02-02-19.wav,calm,02,19,male,strong,2,Dogs are sitting by the door,2,speech,audio_only,48000.0,206606.0,4.304291666666667,0.003518634708598256
/Users/devanshbansal/Desktop/ser/dataset/Audio_Speech_Actors_01-24/Actor_19/03-01-03-01-01-01-19.wav,03-01-03-01-01-01-19.wav,happy,03,19,male,normal,1,Kids are talking by the door,1,speech,audio_only,48000.0,174574.0,3.6369583333333333,0.004558018408715725
/Users/devanshbansal/Desktop/ser/dataset/Audio_Speech_Actors_01-24/Actor_19/03-01-03-01-01-02-19.wav,03-01-03-01-01-02-19.wav,happy,03,19,male,normal,1,Kids are talking by the door,2,speech,audio_only,48000.0,177778.0,3.703708333333333,0.00637478893622756
/Users/devanshbansal/Desktop/ser/dataset/Audio_Speech_Actors_01-24/Actor_19/03-01-03-01-02-01-19.wav,03-01-03-01-02-01-19.wav,happy,03,19,male,normal,2,Dogs are sitting by the door,1,speech,audio_only,48000.0,156957.0,3.2699375,0.0036321727093309164
/Users/devanshbansal/Desktop/ser/dataset/Audio_Speech_Actors_01-24/Actor_19/03-01-03-01-02-02-19.wav,03-01-03-01-02-02-19.wav,happy,03,19,male,normal,2,Dogs are sitting by the door,2,speech,audio_only,48000.0,158559.0,3.3033125,0.005521703977137804
/Users/devanshbansal/Desktop/ser/dataset/Audio_Speech_Actors_01-24/Actor_19/03-01-03-02-01-01-19.wav,03-01-03-02-01-01-19.wav,happy,03,19,male,strong,1,Kids are talking by the door,1,speech,audio_only,48000.0,180981.0,3.7704375,0.009522990323603153
/Users/devanshbansal/Desktop/ser/dataset/Audio_Speech_Actors_01-24/Actor_19/03-01-03-02-01-02-19.wav,03-01-03-02-01-02-19.wav,happy,03,19,male,strong,1,Kids are talking by the door,2,speech,audio_only,48000.0,182582.0,3.8037916666666667,0.014531571418046951
/Users/devanshbansal/Desktop/ser/dataset/Audio_Speech_Actors_01-24/Actor_19/03-01-03-02-02-01-19.wav,03-01-03-02-02-01-19.wav,happy,03,19,male,strong,2,Dogs are sitting by the door,1,speech,audio_only,48000.0,211411.0,4.404395833333333,0.020164839923381805
/Users/devanshbansal/Desktop/ser/dataset/Audio_Speech_Actors_01-24/Actor_19/03-01-03-02-02-02-19.wav,03-01-03-02-02-02-19.wav,happy,03,19,male,strong,2,Dogs are sitting by the door,2,speech,audio_only,48000.0,192192.0,4.004,0.010058816522359848
/Users/devanshbansal/Desktop/ser/dataset/Audio_Speech_Actors_01-24/Actor_19/03-01-04-01-01-01-19.wav,03-01-04-01-01-01-19.wav,sad,04,19,male,normal,1,Kids are talking by the door,1,speech,audio_only,48000.0,164965.0,3.4367708333333336,0.0025738028343766928
/Users/devanshbansal/Desktop/ser/dataset/Audio_Speech_Actors_01-24/Actor_19/03-01-04-01-01-02-19.wav,03-01-04-01-01-02-19.wav,sad,04,19,male,normal,1,Kids are talking by the door,2,speech,audio_only,48000.0,176176.0,3.6703333333333332,0.0017842978704720736
/Users/devanshbansal/Desktop/ser/dataset/Audio_Speech_Actors_01-24/Actor_19/03-01-04-01-02-01-19.wav,03-01-04-01-02-01-19.wav,sad,04,19,male,normal,2,Dogs are sitting by the door,1,speech,audio_only,48000.0,152152.0,3.1698333333333335,0.0029614113736897707
/Users/devanshbansal/Desktop/ser/dataset/Audio_Speech_Actors_01-24/Actor_19/03-01-04-01-02-02-19.wav,03-01-04-01-02-02-19.wav,sad,04,19,male,normal,2,Dogs are sitting by the door,2,speech,audio_only,48000.0,176176.0,3.6703333333333332,0.0027916724793612957
/Users/devanshbansal/Desktop/ser/dataset/Audio_Speech_Actors_01-24/Actor_19/03-01-04-02-01-01-19.wav,03-01-04-02-01-01-19.wav,sad,04,19,male,strong,1,Kids are talking by the door,1,speech,audio_only,48000.0,192192.0,4.004,0.018118683248758316
/Users/devanshbansal/Desktop/ser/dataset/Audio_Speech_Actors_01-24/Actor_19/03-01-04-02-01-02-19.wav,03-01-04-02-01-02-19.wav,sad,04,19,male,strong,1,Kids are talking by the door,2,speech,audio_only,48000.0,177778.0,3.703708333333333,0.005289938300848007
/Users/devanshbansal/Desktop/ser/dataset/Audio_Speech_Actors_01-24/Actor_19/03-01-04-02-02-01-19.wav,03-01-04-02-02-01-19.wav,sad,04,19,male,strong,2,Dogs are sitting by the door,1,speech,audio_only,48000.0,163364.0,3.4034166666666668,0.0061638373881578445
/Users/devanshbansal/Desktop/ser/dataset/Audio_Speech_Actors_01-24/Actor_19/03-01-04-02-02-02-19.wav,03-01-04-02-02-02-19.wav,sad,04,19,male,strong,2,Dogs are sitting by the door,2,speech,audio_only,48000.0,179380.0,3.7370833333333335,0.009464363567531109
/Users/devanshbansal/Desktop/ser/dataset/Audio_Speech_Actors_01-24/Actor_19/03-01-05-01-01-01-19.wav,03-01-05-01-01-01-19.wav,angry,05,19,male,normal,1,Kids are talking by the door,1,speech,audio_only,48000.0,180981.0,3.7704375,0.01712680235505104
/Users/devanshbansal/Desktop/ser/dataset/Audio_Speech_Actors_01-24/Actor_19/03-01-05-01-01-02-19.wav,03-01-05-01-01-02-19.wav,angry,05,19,male,normal,1,Kids are talking by the door,2,speech,audio_only,48000.0,177778.0,3.703708333333333,0.014371189288794994
/Users/devanshbansal/Desktop/ser/dataset/Audio_Speech_Actors_01-24/Actor_19/03-01-05-01-02-01-19.wav,03-01-05-01-02-01-19.wav,angry,05,19,male,normal,2,Dogs are sitting by the door,1,speech,audio_only,48000.0,158559.0,3.3033125,0.010867183096706867
/Users/devanshbansal/Desktop/ser/dataset/Audio_Speech_Actors_01-24/Actor_19/03-01-05-01-02-02-19.wav,03-01-05-01-02-02-19.wav,angry,05,19,male,normal,2,Dogs are sitting by the door,2,speech,audio_only,48000.0,171371.0,3.5702291666666666,0.016104498878121376
/Users/devanshbansal/Desktop/ser/dataset/Audio_Speech_Actors_01-24/Actor_19/03-01-05-02-01-01-19.wav,03-01-05-02-01-01-19.wav,angry,05,19,male,strong,1,Kids are talking by the door,1,speech,audio_only,48000.0,190591.0,3.970645833333333,0.06664146482944489
/Users/devanshbansal/Desktop/ser/dataset/Audio_Speech_Actors_01-24/Actor_19/03-01-05-02-01-02-19.wav,03-01-05-02-01-02-19.wav,angry,05,19,male,strong,1,Kids are talking by the door,2,speech,audio_only,48000.0,230630.0,4.804791666666667,0.10413388907909393
/Users/devanshbansal/Desktop/ser/dataset/Audio_Speech_Actors_01-24/Actor_19/03-01-05-02-02-01-19.wav,03-01-05-02-02-01-19.wav,angry,05,19,male,strong,2,Dogs are sitting by the door,1,speech,audio_only,48000.0,208208.0,4.337666666666666,0.1401095688343048
/Users/devanshbansal/Desktop/ser/dataset/Audio_Speech_Actors_01-24/Actor_19/03-01-05-02-02-02-19.wav,03-01-05-02-02-02-19.wav,angry,05,19,male,strong,2,Dogs are sitting by the door,2,speech,audio_only,48000.0,196997.0,4.104104166666667,0.06502536684274673
/Users/devanshbansal/Desktop/ser/dataset/Audio_Speech_Actors_01-24/Actor_19/03-01-06-01-01-01-19.wav,03-01-06-01-01-01-19.wav,fearful,06,19,male,normal,1,Kids are talking by the door,1,speech,audio_only,48000.0,177777.0,3.7036875,0.0072116488590836525
/Users/devanshbansal/Desktop/ser/dataset/Audio_Speech_Actors_01-24/Actor_19/03-01-06-01-01-02-19.wav,03-01-06-01-01-02-19.wav,fearful,06,19,male,normal,1,Kids are talking by the door,2,speech,audio_only,48000.0,168168.0,3.5035,0.005575182382017374
/Users/devanshbansal/Desktop/ser/dataset/Audio_Speech_Actors_01-24/Actor_19/03-01-06-01-02-01-19.wav,03-01-06-01-02-01-19.wav,fearful,06,19,male,normal,2,Dogs are sitting by the door,1,speech,audio_only,48000.0,180981.0,3.7704375,0.006424350664019585
/Users/devanshbansal/Desktop/ser/dataset/Audio_Speech_Actors_01-24/Actor_19/03-01-06-01-02-02-19.wav,03-01-06-01-02-02-19.wav,fearful,06,19,male,normal,2,Dogs are sitting by the door,2,speech,audio_only,48000.0,169770.0,3.536875,0.006210532505065203
/Users/devanshbansal/Desktop/ser/dataset/Audio_Speech_Actors_01-24/Actor_19/03-01-06-02-01-01-19.wav,03-01-06-02-01-01-19.wav,fearful,06,19,male,strong,1,Kids are talking by the door,1,speech,audio_only,48000.0,184184.0,3.8371666666666666,0.02242109552025795
/Users/devanshbansal/Desktop/ser/dataset/Audio_Speech_Actors_01-24/Actor_19/03-01-06-02-01-02-19.wav,03-01-06-02-01-02-19.wav,fearful,06,19,male,strong,1,Kids are talking by the door,2,speech,audio_only,48000.0,209809.0,4.371020833333334,0.05369482934474945
/Users/devanshbansal/Desktop/ser/dataset/Audio_Speech_Actors_01-24/Actor_19/03-01-06-02-02-01-19.wav,03-01-06-02-02-01-19.wav,fearful,06,19,male,strong,2,Dogs are sitting by the door,1,speech,audio_only,48000.0,171371.0,3.5702291666666666,0.0382399819791317
/Users/devanshbansal/Desktop/ser/dataset/Audio_Speech_Actors_01-24/Actor_19/03-01-06-02-02-02-19.wav,03-01-06-02-02-02-19.wav,fearful,06,19,male,strong,2,Dogs are sitting by the door,2,speech,audio_only,48000.0,193793.0,4.037354166666667,0.0444105863571167
/Users/devanshbansal/Desktop/ser/dataset/Audio_Speech_Actors_01-24/Actor_19/03-01-07-01-01-01-19.wav,03-01-07-01-01-01-19.wav,disgust,07,19,male,normal,1,Kids are talking by the door,1,speech,audio_only,48000.0,206607.0,4.3043125,0.006274936720728874
/Users/devanshbansal/Desktop/ser/dataset/Audio_Speech_Actors_01-24/Actor_19/03-01-07-01-01-02-19.wav,03-01-07-01-01-02-19.wav,disgust,07,19,male,normal,1,Kids are talking by the door,2,speech,audio_only,48000.0,232232.0,4.838166666666667,0.004844524431973696
/Users/devanshbansal/Desktop/ser/dataset/Audio_Speech_Actors_01-24/Actor_19/03-01-07-01-02-01-19.wav,03-01-07-01-02-01-19.wav,disgust,07,19,male,normal,2,Dogs are sitting by the door,1,speech,audio_only,48000.0,200200.0,4.170833333333333,0.005530525464564562
/Users/devanshbansal/Desktop/ser/dataset/Audio_Speech_Actors_01-24/Actor_19/03-01-07-01-02-02-19.wav,03-01-07-01-02-02-19.wav,disgust,07,19,male,normal,2,Dogs are sitting by the door,2,speech,audio_only,48000.0,188989.0,3.9372708333333333,0.007819650694727898
/Users/devanshbansal/Desktop/ser/dataset/Audio_Speech_Actors_01-24/Actor_19/03-01-07-02-01-01-19.wav,03-01-07-02-01-01-19.wav,disgust,07,19,male,strong,1,Kids are talking by the door,1,speech,audio_only,48000.0,230631.0,4.8048125,0.01320595946162939
/Users/devanshbansal/Desktop/ser/dataset/Audio_Speech_Actors_01-24/Actor_19/03-01-07-02-01-02-19.wav,03-01-07-02-01-02-19.wav,disgust,07,19,male,strong,1,Kids are talking by the door,2,speech,audio_only,48000.0,253053.0,5.2719375,0.01877017877995968
/Users/devanshbansal/Desktop/ser/dataset/Audio_Speech_Actors_01-24/Actor_19/03-01-07-02-02-01-19.wav,03-01-07-02-02-01-19.wav,disgust,07,19,male,strong,2,Dogs are sitting by the door,1,speech,audio_only,48000.0,235435.0,4.904895833333334,0.03570611774921417
/Users/devanshbansal/Desktop/ser/dataset/Audio_Speech_Actors_01-24/Actor_19/03-01-07-02-02-02-19.wav,03-01-07-02-02-02-19.wav,disgust,07,19,male,strong,2,Dogs are sitting by the door,2,speech,audio_only,48000.0,237037.0,4.938270833333333,0.029129909351468086
/Users/devanshbansal/Desktop/ser/dataset/Audio_Speech_Actors_01-24/Actor_19/03-01-08-01-01-01-19.wav,03-01-08-01-01-01-19.wav,surprised,08,19,male,normal,1,Kids are talking by the door,1,speech,audio_only,48000.0,179379.0,3.7370625,0.005182305350899696
/Users/devanshbansal/Desktop/ser/dataset/Audio_Speech_Actors_01-24/Actor_19/03-01-08-01-01-02-19.wav,03-01-08-01-01-02-19.wav,surprised,08,19,male,normal,1,Kids are talking by the door,2,speech,audio_only,48000.0,169769.0,3.5368541666666666,0.004912452306598425
/Users/devanshbansal/Desktop/ser/dataset/Audio_Speech_Actors_01-24/Actor_19/03-01-08-01-02-01-19.wav,03-01-08-01-02-01-19.wav,surprised,08,19,male,normal,2,Dogs are sitting by the door,1,speech,audio_only,48000.0,196996.0,4.1040833333333335,0.0041838944889605045
/Users/devanshbansal/Desktop/ser/dataset/Audio_Speech_Actors_01-24/Actor_19/03-01-08-01-02-02-19.wav,03-01-08-01-02-02-19.wav,surprised,08,19,male,normal,2,Dogs are sitting by the door,2,speech,audio_only,48000.0,147348.0,3.06975,0.003041998716071248
/Users/devanshbansal/Desktop/ser/dataset/Audio_Speech_Actors_01-24/Actor_19/03-01-08-02-01-01-19.wav,03-01-08-02-01-01-19.wav,surprised,08,19,male,strong,1,Kids are talking by the door,1,speech,audio_only,48000.0,196997.0,4.104104166666667,0.010427162051200867
/Users/devanshbansal/Desktop/ser/dataset/Audio_Speech_Actors_01-24/Actor_19/03-01-08-02-01-02-19.wav,03-01-08-02-01-02-19.wav,surprised,08,19,male,strong,1,Kids are talking by the door,2,speech,audio_only,48000.0,222623.0,4.637979166666667,0.010810243897140026
/Users/devanshbansal/Desktop/ser/dataset/Audio_Speech_Actors_01-24/Actor_19/03-01-08-02-02-01-19.wav,03-01-08-02-02-01-19.wav,surprised,08,19,male,strong,2,Dogs are sitting by the door,1,speech,audio_only,48000.0,155356.0,3.2365833333333334,0.009144102223217487
/Users/devanshbansal/Desktop/ser/dataset/Audio_Speech_Actors_01-24/Actor_19/03-01-08-02-02-02-19.wav,03-01-08-02-02-02-19.wav,surprised,08,19,male,strong,2,Dogs are sitting by the door,2,speech,audio_only,48000.0,156957.0,3.2699375,0.0052549089305102825
/Users/devanshbansal/Desktop/ser/dataset/Audio_Speech_Actors_01-24/Actor_20/03-01-01-01-01-01-20.wav,03-01-01-01-01-01-20.wav,calm,01,20,female,normal,1,Kids are talking by the door,1,speech,audio_only,48000.0,166566.0,3.470125,0.0026466045528650284
/Users/devanshbansal/Desktop/ser/dataset/Audio_Speech_Actors_01-24/Actor_20/03-01-01-01-01-02-20.wav,03-01-01-01-01-02-20.wav,calm,01,20,female,normal,1,Kids are talking by the door,2,speech,audio_only,48000.0,171371.0,3.5702291666666666,0.0035309349186718464
/Users/devanshbansal/Desktop/ser/dataset/Audio_Speech_Actors_01-24/Actor_20/03-01-01-01-02-01-20.wav,03-01-01-01-02-01-20.wav,calm,01,20,female,normal,2,Dogs are sitting by the door,1,speech,audio_only,48000.0,164965.0,3.4367708333333336,0.0032529637683182955
/Users/devanshbansal/Desktop/ser/dataset/Audio_Speech_Actors_01-24/Actor_20/03-01-01-01-02-02-20.wav,03-01-01-01-02-02-20.wav,calm,01,20,female,normal,2,Dogs are sitting by the door,2,speech,audio_only,48000.0,169770.0,3.536875,0.0035480065271258354
/Users/devanshbansal/Desktop/ser/dataset/Audio_Speech_Actors_01-24/Actor_20/03-01-02-01-01-01-20.wav,03-01-02-01-01-01-20.wav,calm,02,20,female,normal,1,Kids are talking by the door,1,speech,audio_only,48000.0,174574.0,3.6369583333333333,0.001319028320722282
/Users/devanshbansal/Desktop/ser/dataset/Audio_Speech_Actors_01-24/Actor_20/03-01-02-01-01-02-20.wav,03-01-02-01-01-02-20.wav,calm,02,20,female,normal,1,Kids are talking by the door,2,speech,audio_only,48000.0,171371.0,3.5702291666666666,0.0012513113906607032
/Users/devanshbansal/Desktop/ser/dataset/Audio_Speech_Actors_01-24/Actor_20/03-01-02-01-02-01-20.wav,03-01-02-01-02-01-20.wav,calm,02,20,female,normal,2,Dogs are sitting by the door,1,speech,audio_only,48000.0,160160.0,3.3366666666666664,0.000985079095698893
/Users/devanshbansal/Desktop/ser/dataset/Audio_Speech_Actors_01-24/Actor_20/03-01-02-01-02-02-20.wav,03-01-02-01-02-02-20.wav,calm,02,20,female,normal,2,Dogs are sitting by the door,2,speech,audio_only,48000.0,168168.0,3.5035,0.0013515590690076351
/Users/devanshbansal/Desktop/ser/dataset/Audio_Speech_Actors_01-24/Actor_20/03-01-02-02-01-01-20.wav,03-01-02-02-01-01-20.wav,calm,02,20,female,strong,1,Kids are talking by the door,1,speech,audio_only,48000.0,185786.0,3.8705416666666665,0.0009058021241798997
/Users/devanshbansal/Desktop/ser/dataset/Audio_Speech_Actors_01-24/Actor_20/03-01-02-02-01-02-20.wav,03-01-02-02-01-02-20.wav,calm,02,20,female,strong,1,Kids are talking by the door,2,speech,audio_only,48000.0,195396.0,4.07075,0.0008005303679965436
/Users/devanshbansal/Desktop/ser/dataset/Audio_Speech_Actors_01-24/Actor_20/03-01-02-02-02-01-20.wav,03-01-02-02-02-01-20.wav,calm,02,20,female,strong,2,Dogs are sitting by the door,1,speech,audio_only,48000.0,174574.0,3.6369583333333333,0.0009463384049013257
/Users/devanshbansal/Desktop/ser/dataset/Audio_Speech_Actors_01-24/Actor_20/03-01-02-02-02-02-20.wav,03-01-02-02-02-02-20.wav,calm,02,20,female,strong,2,Dogs are sitting by the door,2,speech,audio_only,48000.0,174575.0,3.636979166666667,0.0007161608664318919
/Users/devanshbansal/Desktop/ser/dataset/Audio_Speech_Actors_01-24/Actor_20/03-01-03-01-01-01-20.wav,03-01-03-01-01-01-20.wav,happy,03,20,female,normal,1,Kids are talking by the door,1,speech,audio_only,48000.0,169770.0,3.536875,0.01487115491181612
/Users/devanshbansal/Desktop/ser/dataset/Audio_Speech_Actors_01-24/Actor_20/03-01-03-01-01-02-20.wav,03-01-03-01-01-02-20.wav,happy,03,20,female,normal,1,Kids are talking by the door,2,speech,audio_only,48000.0,177777.0,3.7036875,0.008188051171600819
/Users/devanshbansal/Desktop/ser/dataset/Audio_Speech_Actors_01-24/Actor_20/03-01-03-01-02-01-20.wav,03-01-03-01-02-01-20.wav,happy,03,20,female,normal,2,Dogs are sitting by the door,1,speech,audio_only,48000.0,166566.0,3.470125,0.00794869102537632
/Users/devanshbansal/Desktop/ser/dataset/Audio_Speech_Actors_01-24/Actor_20/03-01-03-01-02-02-20.wav,03-01-03-01-02-02-20.wav,happy,03,20,female,normal,2,Dogs are sitting by the door,2,speech,audio_only,48000.0,163363.0,3.403395833333333,0.005883052013814449
/Users/devanshbansal/Desktop/ser/dataset/Audio_Speech_Actors_01-24/Actor_20/03-01-03-02-01-01-20.wav,03-01-03-02-01-01-20.wav,happy,03,20,female,strong,1,Kids are talking by the door,1,speech,audio_only,48000.0,176176.0,3.6703333333333332,0.023047413676977158
/Users/devanshbansal/Desktop/ser/dataset/Audio_Speech_Actors_01-24/Actor_20/03-01-03-02-01-02-20.wav,03-01-03-02-01-02-20.wav,happy,03,20,female,strong,1,Kids are talking by the door,2,speech,audio_only,48000.0,206606.0,4.304291666666667,0.02141992188990116
/Users/devanshbansal/Desktop/ser/dataset/Audio_Speech_Actors_01-24/Actor_20/03-01-03-02-02-01-20.wav,03-01-03-02-02-01-20.wav,happy,03,20,female,strong,2,Dogs are sitting by the door,1,speech,audio_only,48000.0,171372.0,3.57025,0.03901379182934761
/Users/devanshbansal/Desktop/ser/dataset/Audio_Speech_Actors_01-24/Actor_20/03-01-03-02-02-02-20.wav,03-01-03-02-02-02-20.wav,happy,03,20,female,strong,2,Dogs are sitting by the door,2,speech,audio_only,48000.0,177778.0,3.703708333333333,0.0571809783577919
/Users/devanshbansal/Desktop/ser/dataset/Audio_Speech_Actors_01-24/Actor_20/03-01-04-01-01-01-20.wav,03-01-04-01-01-01-20.wav,sad,04,20,female,normal,1,Kids are talking by the door,1,speech,audio_only,48000.0,172972.0,3.6035833333333334,0.00127112353220582
/Users/devanshbansal/Desktop/ser/dataset/Audio_Speech_Actors_01-24/Actor_20/03-01-04-01-01-02-20.wav,03-01-04-01-01-02-20.wav,sad,04,20,female,normal,1,Kids are talking by the door,2,speech,audio_only,48000.0,168168.0,3.5035,0.000692040950525552
/Users/devanshbansal/Desktop/ser/dataset/Audio_Speech_Actors_01-24/Actor_20/03-01-04-01-02-01-20.wav,03-01-04-01-02-01-20.wav,sad,04,20,female,normal,2,Dogs are sitting by the door,1,speech,audio_only,48000.0,166566.0,3.470125,0.0010188139276579022
/Users/devanshbansal/Desktop/ser/dataset/Audio_Speech_Actors_01-24/Actor_20/03-01-04-01-02-02-20.wav,03-01-04-01-02-02-20.wav,sad,04,20,female,normal,2,Dogs are sitting by the door,2,speech,audio_only,48000.0,161762.0,3.370041666666667,0.000957927608396858
/Users/devanshbansal/Desktop/ser/dataset/Audio_Speech_Actors_01-24/Actor_20/03-01-04-02-01-01-20.wav,03-01-04-02-01-01-20.wav,sad,04,20,female,strong,1,Kids are talking by the door,1,speech,audio_only,48000.0,180981.0,3.7704375,0.004930939059704542
/Users/devanshbansal/Desktop/ser/dataset/Audio_Speech_Actors_01-24/Actor_20/03-01-04-02-01-02-20.wav,03-01-04-02-01-02-20.wav,sad,04,20,female,strong,1,Kids are talking by the door,2,speech,audio_only,48000.0,203403.0,4.2375625,0.024458734318614006
/Users/devanshbansal/Desktop/ser/dataset/Audio_Speech_Actors_01-24/Actor_20/03-01-04-02-02-01-20.wav,03-01-04-02-02-01-20.wav,sad,04,20,female,strong,2,Dogs are sitting by the door,1,speech,audio_only,48000.0,182583.0,3.8038125,0.003744264366105199
/Users/devanshbansal/Desktop/ser/dataset/Audio_Speech_Actors_01-24/Actor_20/03-01-04-02-02-02-20.wav,03-01-04-02-02-02-20.wav,sad,04,20,female,strong,2,Dogs are sitting by the door,2,speech,audio_only,48000.0,190590.0,3.970625,0.02156461961567402
/Users/devanshbansal/Desktop/ser/dataset/Audio_Speech_Actors_01-24/Actor_20/03-01-05-01-01-01-20.wav,03-01-05-01-01-01-20.wav,angry,05,20,female,normal,1,Kids are talking by the door,1,speech,audio_only,48000.0,155356.0,3.2365833333333334,0.0032498238142579794
/Users/devanshbansal/Desktop/ser/dataset/Audio_Speech_Actors_01-24/Actor_20/03-01-05-01-01-02-20.wav,03-01-05-01-01-02-20.wav,angry,05,20,female,normal,1,Kids are talking by the door,2,speech,audio_only,48000.0,179379.0,3.7370625,0.01239734049886465
/Users/devanshbansal/Desktop/ser/dataset/Audio_Speech_Actors_01-24/Actor_20/03-01-05-01-02-01-20.wav,03-01-05-01-02-01-20.wav,angry,05,20,female,normal,2,Dogs are sitting by the door,1,speech,audio_only,48000.0,176176.0,3.6703333333333332,0.007024828810244799
/Users/devanshbansal/Desktop/ser/dataset/Audio_Speech_Actors_01-24/Actor_20/03-01-05-01-02-02-20.wav,03-01-05-01-02-02-20.wav,angry,05,20,female,normal,2,Dogs are sitting by the door,2,speech,audio_only,48000.0,182582.0,3.8037916666666667,0.016317300498485565
/Users/devanshbansal/Desktop/ser/dataset/Audio_Speech_Actors_01-24/Actor_20/03-01-05-02-01-01-20.wav,03-01-05-02-01-01-20.wav,angry,05,20,female,strong,1,Kids are talking by the door,1,speech,audio_only,48000.0,198599.0,4.137479166666667,0.034096647053956985
/Users/devanshbansal/Desktop/ser/dataset/Audio_Speech_Actors_01-24/Actor_20/03-01-05-02-01-02-20.wav,03-01-05-02-01-02-20.wav,angry,05,20,female,strong,1,Kids are talking by the door,2,speech,audio_only,48000.0,195395.0,4.070729166666666,0.10283095389604568
/Users/devanshbansal/Desktop/ser/dataset/Audio_Speech_Actors_01-24/Actor_20/03-01-05-02-02-01-20.wav,03-01-05-02-02-01-20.wav,angry,05,20,female,strong,2,Dogs are sitting by the door,1,speech,audio_only,48000.0,211412.0,4.404416666666667,0.1193038746714592
/Users/devanshbansal/Desktop/ser/dataset/Audio_Speech_Actors_01-24/Actor_20/03-01-05-02-02-02-20.wav,03-01-05-02-02-02-20.wav,angry,05,20,female,strong,2,Dogs are sitting by the door,2,speech,audio_only,48000.0,169769.0,3.5368541666666666,0.031453732401132584
/Users/devanshbansal/Desktop/ser/dataset/Audio_Speech_Actors_01-24/Actor_20/03-01-06-01-01-01-20.wav,03-01-06-01-01-01-20.wav,fearful,06,20,female,normal,1,Kids are talking by the door,1,speech,audio_only,48000.0,182583.0,3.8038125,0.0032315815333276987
/Users/devanshbansal/Desktop/ser/dataset/Audio_Speech_Actors_01-24/Actor_20/03-01-06-01-01-02-20.wav,03-01-06-01-01-02-20.wav,fearful,06,20,female,normal,1,Kids are talking by the door,2,speech,audio_only,48000.0,209809.0,4.371020833333334,0.0037099814508110285
/Users/devanshbansal/Desktop/ser/dataset/Audio_Speech_Actors_01-24/Actor_20/03-01-06-01-02-01-20.wav,03-01-06-01-02-01-20.wav,fearful,06,20,female,normal,2,Dogs are sitting by the door,1,speech,audio_only,48000.0,188989.0,3.9372708333333333,0.002567968098446727
/Users/devanshbansal/Desktop/ser/dataset/Audio_Speech_Actors_01-24/Actor_20/03-01-06-01-02-02-20.wav,03-01-06-01-02-02-20.wav,fearful,06,20,female,normal,2,Dogs are sitting by the door,2,speech,audio_only,48000.0,158558.0,3.3032916666666665,0.0017348563997074962
/Users/devanshbansal/Desktop/ser/dataset/Audio_Speech_Actors_01-24/Actor_20/03-01-06-02-01-01-20.wav,03-01-06-02-01-01-20.wav,fearful,06,20,female,strong,1,Kids are talking by the door,1,speech,audio_only,48000.0,203403.0,4.2375625,0.09063403308391571
/Users/devanshbansal/Desktop/ser/dataset/Audio_Speech_Actors_01-24/Actor_20/03-01-06-02-01-02-20.wav,03-01-06-02-01-02-20.wav,fearful,06,20,female,strong,1,Kids are talking by the door,2,speech,audio_only,48000.0,200200.0,4.170833333333333,0.08937419950962067
/Users/devanshbansal/Desktop/ser/dataset/Audio_Speech_Actors_01-24/Actor_20/03-01-06-02-02-01-20.wav,03-01-06-02-02-01-20.wav,fearful,06,20,female,strong,2,Dogs are sitting by the door,1,speech,audio_only,48000.0,185786.0,3.8705416666666665,0.12083975225687027
/Users/devanshbansal/Desktop/ser/dataset/Audio_Speech_Actors_01-24/Actor_20/03-01-06-02-02-02-20.wav,03-01-06-02-02-02-20.wav,fearful,06,20,female,strong,2,Dogs are sitting by the door,2,speech,audio_only,48000.0,187388.0,3.9039166666666665,0.12580496072769165
/Users/devanshbansal/Desktop/ser/dataset/Audio_Speech_Actors_01-24/Actor_20/03-01-07-01-01-01-20.wav,03-01-07-01-01-01-20.wav,disgust,07,20,female,normal,1,Kids are talking by the door,1,speech,audio_only,48000.0,185785.0,3.8705208333333334,0.005728330463171005
/Users/devanshbansal/Desktop/ser/dataset/Audio_Speech_Actors_01-24/Actor_20/03-01-07-01-01-02-20.wav,03-01-07-01-01-02-20.wav,disgust,07,20,female,normal,1,Kids are talking by the door,2,speech,audio_only,48000.0,179379.0,3.7370625,0.002699725329875946
/Users/devanshbansal/Desktop/ser/dataset/Audio_Speech_Actors_01-24/Actor_20/03-01-07-01-02-01-20.wav,03-01-07-01-02-01-20.wav,disgust,07,20,female,normal,2,Dogs are sitting by the door,1,speech,audio_only,48000.0,174574.0,3.6369583333333333,0.003406057832762599
/Users/devanshbansal/Desktop/ser/dataset/Audio_Speech_Actors_01-24/Actor_20/03-01-07-01-02-02-20.wav,03-01-07-01-02-02-20.wav,disgust,07,20,female,normal,2,Dogs are sitting by the door,2,speech,audio_only,48000.0,184184.0,3.8371666666666666,0.0034150201827287674
/Users/devanshbansal/Desktop/ser/dataset/Audio_Speech_Actors_01-24/Actor_20/03-01-07-02-01-01-20.wav,03-01-07-02-01-01-20.wav,disgust,07,20,female,strong,1,Kids are talking by the door,1,speech,audio_only,48000.0,196997.0,4.104104166666667,0.005746424198150635
/Users/devanshbansal/Desktop/ser/dataset/Audio_Speech_Actors_01-24/Actor_20/03-01-07-02-01-02-20.wav,03-01-07-02-01-02-20.wav,disgust,07,20,female,strong,1,Kids are talking by the door,2,speech,audio_only,48000.0,196996.0,4.1040833333333335,0.010828198865056038
/Users/devanshbansal/Desktop/ser/dataset/Audio_Speech_Actors_01-24/Actor_20/03-01-07-02-02-01-20.wav,03-01-07-02-02-01-20.wav,disgust,07,20,female,strong,2,Dogs are sitting by the door,1,speech,audio_only,48000.0,227427.0,4.7380625,0.015267563052475452
/Users/devanshbansal/Desktop/ser/dataset/Audio_Speech_Actors_01-24/Actor_20/03-01-07-02-02-02-20.wav,03-01-07-02-02-02-20.wav,disgust,07,20,female,strong,2,Dogs are sitting by the door,2,speech,audio_only,48000.0,185785.0,3.8705208333333334,0.012879627756774426
/Users/devanshbansal/Desktop/ser/dataset/Audio_Speech_Actors_01-24/Actor_20/03-01-08-01-01-01-20.wav,03-01-08-01-01-01-20.wav,surprised,08,20,female,normal,1,Kids are talking by the door,1,speech,audio_only,48000.0,155356.0,3.2365833333333334,0.006544359494000673
/Users/devanshbansal/Desktop/ser/dataset/Audio_Speech_Actors_01-24/Actor_20/03-01-08-01-01-02-20.wav,03-01-08-01-01-02-20.wav,surprised,08,20,female,normal,1,Kids are talking by the door,2,speech,audio_only,48000.0,171372.0,3.57025,0.01094323955476284
/Users/devanshbansal/Desktop/ser/dataset/Audio_Speech_Actors_01-24/Actor_20/03-01-08-01-02-01-20.wav,03-01-08-01-02-01-20.wav,surprised,08,20,female,normal,2,Dogs are sitting by the door,1,speech,audio_only,48000.0,150551.0,3.1364791666666667,0.004662401974201202
/Users/devanshbansal/Desktop/ser/dataset/Audio_Speech_Actors_01-24/Actor_20/03-01-08-01-02-02-20.wav,03-01-08-01-02-02-20.wav,surprised,08,20,female,normal,2,Dogs are sitting by the door,2,speech,audio_only,48000.0,153753.0,3.2031875,0.005700515117496252
/Users/devanshbansal/Desktop/ser/dataset/Audio_Speech_Actors_01-24/Actor_20/03-01-08-02-01-01-20.wav,03-01-08-02-01-01-20.wav,surprised,08,20,female,strong,1,Kids are talking by the door,1,speech,audio_only,48000.0,179379.0,3.7370625,0.021433837711811066
/Users/devanshbansal/Desktop/ser/dataset/Audio_Speech_Actors_01-24/Actor_20/03-01-08-02-01-02-20.wav,03-01-08-02-01-02-20.wav,surprised,08,20,female,strong,1,Kids are talking by the door,2,speech,audio_only,48000.0,155356.0,3.2365833333333334,0.006248779129236937
/Users/devanshbansal/Desktop/ser/dataset/Audio_Speech_Actors_01-24/Actor_20/03-01-08-02-02-01-20.wav,03-01-08-02-02-01-20.wav,surprised,08,20,female,strong,2,Dogs are sitting by the door,1,speech,audio_only,48000.0,169769.0,3.5368541666666666,0.01680454984307289
/Users/devanshbansal/Desktop/ser/dataset/Audio_Speech_Actors_01-24/Actor_20/03-01-08-02-02-02-20.wav,03-01-08-02-02-02-20.wav,surprised,08,20,female,strong,2,Dogs are sitting by the door,2,speech,audio_only,48000.0,164965.0,3.4367708333333336,0.009803632274270058
/Users/devanshbansal/Desktop/ser/dataset/Audio_Speech_Actors_01-24/Actor_21/03-01-01-01-01-01-21.wav,03-01-01-01-01-01-21.wav,calm,01,21,male,normal,1,Kids are talking by the door,1,speech,audio_only,48000.0,184184.0,3.8371666666666666,0.010085179470479488
/Users/devanshbansal/Desktop/ser/dataset/Audio_Speech_Actors_01-24/Actor_21/03-01-01-01-01-02-21.wav,03-01-01-01-01-02-21.wav,calm,01,21,male,normal,1,Kids are talking by the door,2,speech,audio_only,48000.0,190590.0,3.970625,0.009813817217946053
/Users/devanshbansal/Desktop/ser/dataset/Audio_Speech_Actors_01-24/Actor_21/03-01-01-01-02-01-21.wav,03-01-01-01-02-01-21.wav,calm,01,21,male,normal,2,Dogs are sitting by the door,1,speech,audio_only,48000.0,172973.0,3.6036041666666665,0.0109030082821846
/Users/devanshbansal/Desktop/ser/dataset/Audio_Speech_Actors_01-24/Actor_21/03-01-01-01-02-02-21.wav,03-01-01-01-02-02-21.wav,calm,01,21,male,normal,2,Dogs are sitting by the door,2,speech,audio_only,48000.0,176176.0,3.6703333333333332,0.00901094637811184
/Users/devanshbansal/Desktop/ser/dataset/Audio_Speech_Actors_01-24/Actor_21/03-01-02-01-01-01-21.wav,03-01-02-01-01-01-21.wav,calm,02,21,male,normal,1,Kids are talking by the door,1,speech,audio_only,48000.0,193794.0,4.037375,0.006329457741230726
/Users/devanshbansal/Desktop/ser/dataset/Audio_Speech_Actors_01-24/Actor_21/03-01-02-01-01-02-21.wav,03-01-02-01-01-02-21.wav,calm,02,21,male,normal,1,Kids are talking by the door,2,speech,audio_only,48000.0,192192.0,4.004,0.007482871878892183
/Users/devanshbansal/Desktop/ser/dataset/Audio_Speech_Actors_01-24/Actor_21/03-01-02-01-02-01-21.wav,03-01-02-01-02-01-21.wav,calm,02,21,male,normal,2,Dogs are sitting by the door,1,speech,audio_only,48000.0,182583.0,3.8038125,0.007279581855982542
/Users/devanshbansal/Desktop/ser/dataset/Audio_Speech_Actors_01-24/Actor_21/03-01-02-01-02-02-21.wav,03-01-02-01-02-02-21.wav,calm,02,21,male,normal,2,Dogs are sitting by the door,2,speech,audio_only,48000.0,195395.0,4.070729166666666,0.006947527639567852
/Users/devanshbansal/Desktop/ser/dataset/Audio_Speech_Actors_01-24/Actor_21/03-01-02-02-01-01-21.wav,03-01-02-02-01-01-21.wav,calm,02,21,male,strong,1,Kids are talking by the door,1,speech,audio_only,48000.0,192192.0,4.004,0.006194127257913351
/Users/devanshbansal/Desktop/ser/dataset/Audio_Speech_Actors_01-24/Actor_21/03-01-02-02-01-02-21.wav,03-01-02-02-01-02-21.wav,calm,02,21,male,strong,1,Kids are talking by the door,2,speech,audio_only,48000.0,200200.0,4.170833333333333,0.006318468600511551
/Users/devanshbansal/Desktop/ser/dataset/Audio_Speech_Actors_01-24/Actor_21/03-01-02-02-02-01-21.wav,03-01-02-02-02-01-21.wav,calm,02,21,male,strong,2,Dogs are sitting by the door,1,speech,audio_only,48000.0,198599.0,4.137479166666667,0.008315733633935452
/Users/devanshbansal/Desktop/ser/dataset/Audio_Speech_Actors_01-24/Actor_21/03-01-02-02-02-02-21.wav,03-01-02-02-02-02-21.wav,calm,02,21,male,strong,2,Dogs are sitting by the door,2,speech,audio_only,48000.0,190590.0,3.970625,0.006699115037918091
/Users/devanshbansal/Desktop/ser/dataset/Audio_Speech_Actors_01-24/Actor_21/03-01-03-01-01-01-21.wav,03-01-03-01-01-01-21.wav,happy,03,21,male,normal,1,Kids are talking by the door,1,speech,audio_only,48000.0,184184.0,3.8371666666666666,0.01239195466041565
/Users/devanshbansal/Desktop/ser/dataset/Audio_Speech_Actors_01-24/Actor_21/03-01-03-01-01-02-21.wav,03-01-03-01-01-02-21.wav,happy,03,21,male,normal,1,Kids are talking by the door,2,speech,audio_only,48000.0,182582.0,3.8037916666666667,0.014019735157489777
/Users/devanshbansal/Desktop/ser/dataset/Audio_Speech_Actors_01-24/Actor_21/03-01-03-01-02-01-21.wav,03-01-03-01-02-01-21.wav,happy,03,21,male,normal,2,Dogs are sitting by the door,1,speech,audio_only,48000.0,177778.0,3.703708333333333,0.017249973490834236
/Users/devanshbansal/Desktop/ser/dataset/Audio_Speech_Actors_01-24/Actor_21/03-01-03-01-02-02-21.wav,03-01-03-01-02-02-21.wav,happy,03,21,male,normal,2,Dogs are sitting by the door,2,speech,audio_only,48000.0,184184.0,3.8371666666666666,0.014481721445918083
/Users/devanshbansal/Desktop/ser/dataset/Audio_Speech_Actors_01-24/Actor_21/03-01-03-02-01-01-21.wav,03-01-03-02-01-01-21.wav,happy,03,21,male,strong,1,Kids are talking by the door,1,speech,audio_only,48000.0,182582.0,3.8037916666666667,0.030696919187903404
/Users/devanshbansal/Desktop/ser/dataset/Audio_Speech_Actors_01-24/Actor_21/03-01-03-02-01-02-21.wav,03-01-03-02-01-02-21.wav,happy,03,21,male,strong,1,Kids are talking by the door,2,speech,audio_only,48000.0,188989.0,3.9372708333333333,0.028825154528021812
/Users/devanshbansal/Desktop/ser/dataset/Audio_Speech_Actors_01-24/Actor_21/03-01-03-02-02-01-21.wav,03-01-03-02-02-01-21.wav,happy,03,21,male,strong,2,Dogs are sitting by the door,1,speech,audio_only,48000.0,176176.0,3.6703333333333332,0.029011305421590805
/Users/devanshbansal/Desktop/ser/dataset/Audio_Speech_Actors_01-24/Actor_21/03-01-03-02-02-02-21.wav,03-01-03-02-02-02-21.wav,happy,03,21,male,strong,2,Dogs are sitting by the door,2,speech,audio_only,48000.0,182582.0,3.8037916666666667,0.036047983914613724
/Users/devanshbansal/Desktop/ser/dataset/Audio_Speech_Actors_01-24/Actor_21/03-01-04-01-01-01-21.wav,03-01-04-01-01-01-21.wav,sad,04,21,male,normal,1,Kids are talking by the door,1,speech,audio_only,48000.0,206606.0,4.304291666666667,0.004841936286538839
/Users/devanshbansal/Desktop/ser/dataset/Audio_Speech_Actors_01-24/Actor_21/03-01-04-01-01-02-21.wav,03-01-04-01-01-02-21.wav,sad,04,21,male,normal,1,Kids are talking by the door,2,speech,audio_only,48000.0,221021.0,4.604604166666666,0.004420347511768341
/Users/devanshbansal/Desktop/ser/dataset/Audio_Speech_Actors_01-24/Actor_21/03-01-04-01-02-01-21.wav,03-01-04-01-02-01-21.wav,sad,04,21,male,normal,2,Dogs are sitting by the door,1,speech,audio_only,48000.0,195396.0,4.07075,0.006403529085218906
/Users/devanshbansal/Desktop/ser/dataset/Audio_Speech_Actors_01-24/Actor_21/03-01-04-01-02-02-21.wav,03-01-04-01-02-02-21.wav,sad,04,21,male,normal,2,Dogs are sitting by the door,2,speech,audio_only,48000.0,201801.0,4.2041875,0.005951091647148132
/Users/devanshbansal/Desktop/ser/dataset/Audio_Speech_Actors_01-24/Actor_21/03-01-04-02-01-01-21.wav,03-01-04-02-01-01-21.wav,sad,04,21,male,strong,1,Kids are talking by the door,1,speech,audio_only,48000.0,200200.0,4.170833333333333,0.021587181836366653
/Users/devanshbansal/Desktop/ser/dataset/Audio_Speech_Actors_01-24/Actor_21/03-01-04-02-01-02-21.wav,03-01-04-02-01-02-21.wav,sad,04,21,male,strong,1,Kids are talking by the door,2,speech,audio_only,48000.0,205004.0,4.2709166666666665,0.020631425082683563
/Users/devanshbansal/Desktop/ser/dataset/Audio_Speech_Actors_01-24/Actor_21/03-01-04-02-02-01-21.wav,03-01-04-02-02-01-21.wav,sad,04,21,male,strong,2,Dogs are sitting by the door,1,speech,audio_only,48000.0,205005.0,4.2709375,0.015669533982872963
/Users/devanshbansal/Desktop/ser/dataset/Audio_Speech_Actors_01-24/Actor_21/03-01-04-02-02-02-21.wav,03-01-04-02-02-02-21.wav,sad,04,21,male,strong,2,Dogs are sitting by the door,2,speech,audio_only,48000.0,198599.0,4.137479166666667,0.0152964536100626
/Users/devanshbansal/Desktop/ser/dataset/Audio_Speech_Actors_01-24/Actor_21/03-01-05-01-01-01-21.wav,03-01-05-01-01-01-21.wav,angry,05,21,male,normal,1,Kids are talking by the door,1,speech,audio_only,48000.0,198599.0,4.137479166666667,0.04769974201917648
/Users/devanshbansal/Desktop/ser/dataset/Audio_Speech_Actors_01-24/Actor_21/03-01-05-01-01-02-21.wav,03-01-05-01-01-02-21.wav,angry,05,21,male,normal,1,Kids are talking by the door,2,speech,audio_only,48000.0,192192.0,4.004,0.04421623423695564
/Users/devanshbansal/Desktop/ser/dataset/Audio_Speech_Actors_01-24/Actor_21/03-01-05-01-02-01-21.wav,03-01-05-01-02-01-21.wav,angry,05,21,male,normal,2,Dogs are sitting by the door,1,speech,audio_only,48000.0,195395.0,4.070729166666666,0.05963994190096855
/Users/devanshbansal/Desktop/ser/dataset/Audio_Speech_Actors_01-24/Actor_21/03-01-05-01-02-02-21.wav,03-01-05-01-02-02-21.wav,angry,05,21,male,normal,2,Dogs are sitting by the door,2,speech,audio_only,48000.0,188989.0,3.9372708333333333,0.054105956107378006
/Users/devanshbansal/Desktop/ser/dataset/Audio_Speech_Actors_01-24/Actor_21/03-01-05-02-01-01-21.wav,03-01-05-02-01-01-21.wav,angry,05,21,male,strong,1,Kids are talking by the door,1,speech,audio_only,48000.0,209810.0,4.371041666666667,0.10414492338895798
/Users/devanshbansal/Desktop/ser/dataset/Audio_Speech_Actors_01-24/Actor_21/03-01-05-02-01-02-21.wav,03-01-05-02-01-02-21.wav,angry,05,21,male,strong,1,Kids are talking by the door,2,speech,audio_only,48000.0,214614.0,4.471125,0.0913856029510498
/Users/devanshbansal/Desktop/ser/dataset/Audio_Speech_Actors_01-24/Actor_21/03-01-05-02-02-01-21.wav,03-01-05-02-02-01-21.wav,angry,05,21,male,strong,2,Dogs are sitting by the door,1,speech,audio_only,48000.0,196996.0,4.1040833333333335,0.07957629859447479
/Users/devanshbansal/Desktop/ser/dataset/Audio_Speech_Actors_01-24/Actor_21/03-01-05-02-02-02-21.wav,03-01-05-02-02-02-21.wav,angry,05,21,male,strong,2,Dogs are sitting by the door,2,speech,audio_only,48000.0,203403.0,4.2375625,0.08881932497024536
/Users/devanshbansal/Desktop/ser/dataset/Audio_Speech_Actors_01-24/Actor_21/03-01-06-01-01-01-21.wav,03-01-06-01-01-01-21.wav,fearful,06,21,male,normal,1,Kids are talking by the door,1,speech,audio_only,48000.0,176176.0,3.6703333333333332,0.012530388310551643
/Users/devanshbansal/Desktop/ser/dataset/Audio_Speech_Actors_01-24/Actor_21/03-01-06-01-01-02-21.wav,03-01-06-01-01-02-21.wav,fearful,06,21,male,normal,1,Kids are talking by the door,2,speech,audio_only,48000.0,180980.0,3.7704166666666667,0.012636267580091953
/Users/devanshbansal/Desktop/ser/dataset/Audio_Speech_Actors_01-24/Actor_21/03-01-06-01-02-01-21.wav,03-01-06-01-02-01-21.wav,fearful,06,21,male,normal,2,Dogs are sitting by the door,1,speech,audio_only,48000.0,190590.0,3.970625,0.011766789481043816
/Users/devanshbansal/Desktop/ser/dataset/Audio_Speech_Actors_01-24/Actor_21/03-01-06-01-02-02-21.wav,03-01-06-01-02-02-21.wav,fearful,06,21,male,normal,2,Dogs are sitting by the door,2,speech,audio_only,48000.0,195395.0,4.070729166666666,0.01356038823723793
/Users/devanshbansal/Desktop/ser/dataset/Audio_Speech_Actors_01-24/Actor_21/03-01-06-02-01-01-21.wav,03-01-06-02-01-01-21.wav,fearful,06,21,male,strong,1,Kids are talking by the door,1,speech,audio_only,48000.0,190590.0,3.970625,0.029224636033177376
/Users/devanshbansal/Desktop/ser/dataset/Audio_Speech_Actors_01-24/Actor_21/03-01-06-02-01-02-21.wav,03-01-06-02-01-02-21.wav,fearful,06,21,male,strong,1,Kids are talking by the door,2,speech,audio_only,48000.0,184184.0,3.8371666666666666,0.02875690720975399
/Users/devanshbansal/Desktop/ser/dataset/Audio_Speech_Actors_01-24/Actor_21/03-01-06-02-02-01-21.wav,03-01-06-02-02-01-21.wav,fearful,06,21,male,strong,2,Dogs are sitting by the door,1,speech,audio_only,48000.0,180981.0,3.7704375,0.030370885506272316
/Users/devanshbansal/Desktop/ser/dataset/Audio_Speech_Actors_01-24/Actor_21/03-01-06-02-02-02-21.wav,03-01-06-02-02-02-21.wav,fearful,06,21,male,strong,2,Dogs are sitting by the door,2,speech,audio_only,48000.0,174574.0,3.6369583333333333,0.027424227446317673
/Users/devanshbansal/Desktop/ser/dataset/Audio_Speech_Actors_01-24/Actor_21/03-01-07-01-01-01-21.wav,03-01-07-01-01-01-21.wav,disgust,07,21,male,normal,1,Kids are talking by the door,1,speech,audio_only,48000.0,182582.0,3.8037916666666667,0.014460397884249687
/Users/devanshbansal/Desktop/ser/dataset/Audio_Speech_Actors_01-24/Actor_21/03-01-07-01-01-02-21.wav,03-01-07-01-01-02-21.wav,disgust,07,21,male,normal,1,Kids are talking by the door,2,speech,audio_only,48000.0,195396.0,4.07075,0.015279845334589481
/Users/devanshbansal/Desktop/ser/dataset/Audio_Speech_Actors_01-24/Actor_21/03-01-07-01-02-01-21.wav,03-01-07-01-02-01-21.wav,disgust,07,21,male,normal,2,Dogs are sitting by the door,1,speech,audio_only,48000.0,174575.0,3.636979166666667,0.014834482222795486
/Users/devanshbansal/Desktop/ser/dataset/Audio_Speech_Actors_01-24/Actor_21/03-01-07-01-02-02-21.wav,03-01-07-01-02-02-21.wav,disgust,07,21,male,normal,2,Dogs are sitting by the door,2,speech,audio_only,48000.0,172973.0,3.6036041666666665,0.014541411772370338
/Users/devanshbansal/Desktop/ser/dataset/Audio_Speech_Actors_01-24/Actor_21/03-01-07-02-01-01-21.wav,03-01-07-02-01-01-21.wav,disgust,07,21,male,strong,1,Kids are talking by the door,1,speech,audio_only,48000.0,195395.0,4.070729166666666,0.010630088858306408
/Users/devanshbansal/Desktop/ser/dataset/Audio_Speech_Actors_01-24/Actor_21/03-01-07-02-01-02-21.wav,03-01-07-02-01-02-21.wav,disgust,07,21,male,strong,1,Kids are talking by the door,2,speech,audio_only,48000.0,193793.0,4.037354166666667,0.011781369335949421
/Users/devanshbansal/Desktop/ser/dataset/Audio_Speech_Actors_01-24/Actor_21/03-01-07-02-02-01-21.wav,03-01-07-02-02-01-21.wav,disgust,07,21,male,strong,2,Dogs are sitting by the door,1,speech,audio_only,48000.0,200200.0,4.170833333333333,0.012224603444337845
/Users/devanshbansal/Desktop/ser/dataset/Audio_Speech_Actors_01-24/Actor_21/03-01-07-02-02-02-21.wav,03-01-07-02-02-02-21.wav,disgust,07,21,male,strong,2,Dogs are sitting by the door,2,speech,audio_only,48000.0,190590.0,3.970625,0.011146253906190395
/Users/devanshbansal/Desktop/ser/dataset/Audio_Speech_Actors_01-24/Actor_21/03-01-08-01-01-01-21.wav,03-01-08-01-01-01-21.wav,surprised,08,21,male,normal,1,Kids are talking by the door,1,speech,audio_only,48000.0,168168.0,3.5035,0.018669432029128075
/Users/devanshbansal/Desktop/ser/dataset/Audio_Speech_Actors_01-24/Actor_21/03-01-08-01-01-02-21.wav,03-01-08-01-01-02-21.wav,surprised,08,21,male,normal,1,Kids are talking by the door,2,speech,audio_only,48000.0,166566.0,3.470125,0.01748078316450119
/Users/devanshbansal/Desktop/ser/dataset/Audio_Speech_Actors_01-24/Actor_21/03-01-08-01-02-01-21.wav,03-01-08-01-02-01-21.wav,surprised,08,21,male,normal,2,Dogs are sitting by the door,1,speech,audio_only,48000.0,166567.0,3.4701458333333335,0.01830579899251461
/Users/devanshbansal/Desktop/ser/dataset/Audio_Speech_Actors_01-24/Actor_21/03-01-08-01-02-02-21.wav,03-01-08-01-02-02-21.wav,surprised,08,21,male,normal,2,Dogs are sitting by the door,2,speech,audio_only,48000.0,171371.0,3.5702291666666666,0.021909739822149277
/Users/devanshbansal/Desktop/ser/dataset/Audio_Speech_Actors_01-24/Actor_21/03-01-08-02-01-01-21.wav,03-01-08-02-01-01-21.wav,surprised,08,21,male,strong,1,Kids are talking by the door,1,speech,audio_only,48000.0,174574.0,3.6369583333333333,0.024697262793779373
/Users/devanshbansal/Desktop/ser/dataset/Audio_Speech_Actors_01-24/Actor_21/03-01-08-02-01-02-21.wav,03-01-08-02-01-02-21.wav,surprised,08,21,male,strong,1,Kids are talking by the door,2,speech,audio_only,48000.0,174575.0,3.636979166666667,0.024013422429561615
/Users/devanshbansal/Desktop/ser/dataset/Audio_Speech_Actors_01-24/Actor_21/03-01-08-02-02-01-21.wav,03-01-08-02-02-01-21.wav,surprised,08,21,male,strong,2,Dogs are sitting by the door,1,speech,audio_only,48000.0,166567.0,3.4701458333333335,0.022530775517225266
/Users/devanshbansal/Desktop/ser/dataset/Audio_Speech_Actors_01-24/Actor_21/03-01-08-02-02-02-21.wav,03-01-08-02-02-02-21.wav,surprised,08,21,male,strong,2,Dogs are sitting by the door,2,speech,audio_only,48000.0,169770.0,3.536875,0.021619809791445732
/Users/devanshbansal/Desktop/ser/dataset/Audio_Speech_Actors_01-24/Actor_22/03-01-01-01-01-01-22.wav,03-01-01-01-01-01-22.wav,calm,01,22,female,normal,1,Kids are talking by the door,1,speech,audio_only,48000.0,174575.0,3.636979166666667,0.0035089619923382998
/Users/devanshbansal/Desktop/ser/dataset/Audio_Speech_Actors_01-24/Actor_22/03-01-01-01-01-02-22.wav,03-01-01-01-01-02-22.wav,calm,01,22,female,normal,1,Kids are talking by the door,2,speech,audio_only,48000.0,164965.0,3.4367708333333336,0.00428383145481348
/Users/devanshbansal/Desktop/ser/dataset/Audio_Speech_Actors_01-24/Actor_22/03-01-01-01-02-01-22.wav,03-01-01-01-02-01-22.wav,calm,01,22,female,normal,2,Dogs are sitting by the door,1,speech,audio_only,48000.0,172972.0,3.6035833333333334,0.004399040248245001
/Users/devanshbansal/Desktop/ser/dataset/Audio_Speech_Actors_01-24/Actor_22/03-01-01-01-02-02-22.wav,03-01-01-01-02-02-22.wav,calm,01,22,female,normal,2,Dogs are sitting by the door,2,speech,audio_only,48000.0,169769.0,3.5368541666666666,0.004145666491240263
/Users/devanshbansal/Desktop/ser/dataset/Audio_Speech_Actors_01-24/Actor_22/03-01-02-01-01-01-22.wav,03-01-02-01-01-01-22.wav,calm,02,22,female,normal,1,Kids are talking by the door,1,speech,audio_only,48000.0,169769.0,3.5368541666666666,0.0026302991900593042
/Users/devanshbansal/Desktop/ser/dataset/Audio_Speech_Actors_01-24/Actor_22/03-01-02-01-01-02-22.wav,03-01-02-01-01-02-22.wav,calm,02,22,female,normal,1,Kids are talking by the door,2,speech,audio_only,48000.0,171371.0,3.5702291666666666,0.0028794188983738422
/Users/devanshbansal/Desktop/ser/dataset/Audio_Speech_Actors_01-24/Actor_22/03-01-02-01-02-01-22.wav,03-01-02-01-02-01-22.wav,calm,02,22,female,normal,2,Dogs are sitting by the door,1,speech,audio_only,48000.0,171371.0,3.5702291666666666,0.003756290301680565
/Users/devanshbansal/Desktop/ser/dataset/Audio_Speech_Actors_01-24/Actor_22/03-01-02-01-02-02-22.wav,03-01-02-01-02-02-22.wav,calm,02,22,female,normal,2,Dogs are sitting by the door,2,speech,audio_only,48000.0,169770.0,3.536875,0.0035974597558379173
/Users/devanshbansal/Desktop/ser/dataset/Audio_Speech_Actors_01-24/Actor_22/03-01-02-02-01-01-22.wav,03-01-02-02-01-01-22.wav,calm,02,22,female,strong,1,Kids are talking by the door,1,speech,audio_only,48000.0,177778.0,3.703708333333333,0.0025604504626244307
/Users/devanshbansal/Desktop/ser/dataset/Audio_Speech_Actors_01-24/Actor_22/03-01-02-02-01-02-22.wav,03-01-02-02-01-02-22.wav,calm,02,22,female,strong,1,Kids are talking by the door,2,speech,audio_only,48000.0,184184.0,3.8371666666666666,0.003201922168955207
/Users/devanshbansal/Desktop/ser/dataset/Audio_Speech_Actors_01-24/Actor_22/03-01-02-02-02-01-22.wav,03-01-02-02-02-01-22.wav,calm,02,22,female,strong,2,Dogs are sitting by the door,1,speech,audio_only,48000.0,174574.0,3.6369583333333333,0.002787256147712469
/Users/devanshbansal/Desktop/ser/dataset/Audio_Speech_Actors_01-24/Actor_22/03-01-02-02-02-02-22.wav,03-01-02-02-02-02-22.wav,calm,02,22,female,strong,2,Dogs are sitting by the door,2,speech,audio_only,48000.0,180981.0,3.7704375,0.002778095891699195
/Users/devanshbansal/Desktop/ser/dataset/Audio_Speech_Actors_01-24/Actor_22/03-01-03-01-01-01-22.wav,03-01-03-01-01-01-22.wav,happy,03,22,female,normal,1,Kids are talking by the door,1,speech,audio_only,48000.0,169770.0,3.536875,0.006160171702504158
/Users/devanshbansal/Desktop/ser/dataset/Audio_Speech_Actors_01-24/Actor_22/03-01-03-01-01-02-22.wav,03-01-03-01-01-02-22.wav,happy,03,22,female,normal,1,Kids are talking by the door,2,speech,audio_only,48000.0,164965.0,3.4367708333333336,0.006264376919716597
/Users/devanshbansal/Desktop/ser/dataset/Audio_Speech_Actors_01-24/Actor_22/03-01-03-01-02-01-22.wav,03-01-03-01-02-01-22.wav,happy,03,22,female,normal,2,Dogs are sitting by the door,1,speech,audio_only,48000.0,168168.0,3.5035,0.006688323337584734
/Users/devanshbansal/Desktop/ser/dataset/Audio_Speech_Actors_01-24/Actor_22/03-01-03-01-02-02-22.wav,03-01-03-01-02-02-22.wav,happy,03,22,female,normal,2,Dogs are sitting by the door,2,speech,audio_only,48000.0,168168.0,3.5035,0.006903786677867174
/Users/devanshbansal/Desktop/ser/dataset/Audio_Speech_Actors_01-24/Actor_22/03-01-03-02-01-01-22.wav,03-01-03-02-01-01-22.wav,happy,03,22,female,strong,1,Kids are talking by the door,1,speech,audio_only,48000.0,179380.0,3.7370833333333335,0.025658011436462402
/Users/devanshbansal/Desktop/ser/dataset/Audio_Speech_Actors_01-24/Actor_22/03-01-03-02-01-02-22.wav,03-01-03-02-01-02-22.wav,happy,03,22,female,strong,1,Kids are talking by the door,2,speech,audio_only,48000.0,184184.0,3.8371666666666666,0.022059088572859764
/Users/devanshbansal/Desktop/ser/dataset/Audio_Speech_Actors_01-24/Actor_22/03-01-03-02-02-01-22.wav,03-01-03-02-02-01-22.wav,happy,03,22,female,strong,2,Dogs are sitting by the door,1,speech,audio_only,48000.0,176176.0,3.6703333333333332,0.02348337695002556
/Users/devanshbansal/Desktop/ser/dataset/Audio_Speech_Actors_01-24/Actor_22/03-01-03-02-02-02-22.wav,03-01-03-02-02-02-22.wav,happy,03,22,female,strong,2,Dogs are sitting by the door,2,speech,audio_only,48000.0,188989.0,3.9372708333333333,0.01976422220468521
/Users/devanshbansal/Desktop/ser/dataset/Audio_Speech_Actors_01-24/Actor_22/03-01-04-01-01-01-22.wav,03-01-04-01-01-01-22.wav,sad,04,22,female,normal,1,Kids are talking by the door,1,speech,audio_only,48000.0,172973.0,3.6036041666666665,0.004684066865593195
/Users/devanshbansal/Desktop/ser/dataset/Audio_Speech_Actors_01-24/Actor_22/03-01-04-01-01-02-22.wav,03-01-04-01-01-02-22.wav,sad,04,22,female,normal,1,Kids are talking by the door,2,speech,audio_only,48000.0,177778.0,3.703708333333333,0.005600464530289173
/Users/devanshbansal/Desktop/ser/dataset/Audio_Speech_Actors_01-24/Actor_22/03-01-04-01-02-01-22.wav,03-01-04-01-02-01-22.wav,sad,04,22,female,normal,2,Dogs are sitting by the door,1,speech,audio_only,48000.0,176176.0,3.6703333333333332,0.005654072854667902
/Users/devanshbansal/Desktop/ser/dataset/Audio_Speech_Actors_01-24/Actor_22/03-01-04-01-02-02-22.wav,03-01-04-01-02-02-22.wav,sad,04,22,female,normal,2,Dogs are sitting by the door,2,speech,audio_only,48000.0,177778.0,3.703708333333333,0.00679401122033596
/Users/devanshbansal/Desktop/ser/dataset/Audio_Speech_Actors_01-24/Actor_22/03-01-04-02-01-01-22.wav,03-01-04-02-01-01-22.wav,sad,04,22,female,strong,1,Kids are talking by the door,1,speech,audio_only,48000.0,179379.0,3.7370625,0.005939458031207323
/Users/devanshbansal/Desktop/ser/dataset/Audio_Speech_Actors_01-24/Actor_22/03-01-04-02-01-02-22.wav,03-01-04-02-01-02-22.wav,sad,04,22,female,strong,1,Kids are talking by the door,2,speech,audio_only,48000.0,174575.0,3.636979166666667,0.007933315820991993
/Users/devanshbansal/Desktop/ser/dataset/Audio_Speech_Actors_01-24/Actor_22/03-01-04-02-02-01-22.wav,03-01-04-02-02-01-22.wav,sad,04,22,female,strong,2,Dogs are sitting by the door,1,speech,audio_only,48000.0,179380.0,3.7370833333333335,0.0071242814883589745
/Users/devanshbansal/Desktop/ser/dataset/Audio_Speech_Actors_01-24/Actor_22/03-01-04-02-02-02-22.wav,03-01-04-02-02-02-22.wav,sad,04,22,female,strong,2,Dogs are sitting by the door,2,speech,audio_only,48000.0,184184.0,3.8371666666666666,0.007712510414421558
/Users/devanshbansal/Desktop/ser/dataset/Audio_Speech_Actors_01-24/Actor_22/03-01-05-01-01-01-22.wav,03-01-05-01-01-01-22.wav,angry,05,22,female,normal,1,Kids are talking by the door,1,speech,audio_only,48000.0,177778.0,3.703708333333333,0.00925475638359785
/Users/devanshbansal/Desktop/ser/dataset/Audio_Speech_Actors_01-24/Actor_22/03-01-05-01-01-02-22.wav,03-01-05-01-01-02-22.wav,angry,05,22,female,normal,1,Kids are talking by the door,2,speech,audio_only,48000.0,179379.0,3.7370625,0.0095539391040802
/Users/devanshbansal/Desktop/ser/dataset/Audio_Speech_Actors_01-24/Actor_22/03-01-05-01-02-01-22.wav,03-01-05-01-02-01-22.wav,angry,05,22,female,normal,2,Dogs are sitting by the door,1,speech,audio_only,48000.0,185785.0,3.8705208333333334,0.012257173657417297
/Users/devanshbansal/Desktop/ser/dataset/Audio_Speech_Actors_01-24/Actor_22/03-01-05-01-02-02-22.wav,03-01-05-01-02-02-22.wav,angry,05,22,female,normal,2,Dogs are sitting by the door,2,speech,audio_only,48000.0,193793.0,4.037354166666667,0.01498465146869421
/Users/devanshbansal/Desktop/ser/dataset/Audio_Speech_Actors_01-24/Actor_22/03-01-05-02-01-01-22.wav,03-01-05-02-01-01-22.wav,angry,05,22,female,strong,1,Kids are talking by the door,1,speech,audio_only,48000.0,185786.0,3.8705416666666665,0.032381393015384674
/Users/devanshbansal/Desktop/ser/dataset/Audio_Speech_Actors_01-24/Actor_22/03-01-05-02-01-02-22.wav,03-01-05-02-01-02-22.wav,angry,05,22,female,strong,1,Kids are talking by the door,2,speech,audio_only,48000.0,187387.0,3.9038958333333333,0.03241449221968651
/Users/devanshbansal/Desktop/ser/dataset/Audio_Speech_Actors_01-24/Actor_22/03-01-05-02-02-01-22.wav,03-01-05-02-02-01-22.wav,angry,05,22,female,strong,2,Dogs are sitting by the door,1,speech,audio_only,48000.0,203404.0,4.237583333333333,0.05517199635505676
/Users/devanshbansal/Desktop/ser/dataset/Audio_Speech_Actors_01-24/Actor_22/03-01-05-02-02-02-22.wav,03-01-05-02-02-02-22.wav,angry,05,22,female,strong,2,Dogs are sitting by the door,2,speech,audio_only,48000.0,201802.0,4.204208333333334,0.05134010314941406
/Users/devanshbansal/Desktop/ser/dataset/Audio_Speech_Actors_01-24/Actor_22/03-01-06-01-01-01-22.wav,03-01-06-01-01-01-22.wav,fearful,06,22,female,normal,1,Kids are talking by the door,1,speech,audio_only,48000.0,171372.0,3.57025,0.010513349436223507
/Users/devanshbansal/Desktop/ser/dataset/Audio_Speech_Actors_01-24/Actor_22/03-01-06-01-01-02-22.wav,03-01-06-01-01-02-22.wav,fearful,06,22,female,normal,1,Kids are talking by the door,2,speech,audio_only,48000.0,172973.0,3.6036041666666665,0.012218647636473179
/Users/devanshbansal/Desktop/ser/dataset/Audio_Speech_Actors_01-24/Actor_22/03-01-06-01-02-01-22.wav,03-01-06-01-02-01-22.wav,fearful,06,22,female,normal,2,Dogs are sitting by the door,1,speech,audio_only,48000.0,176176.0,3.6703333333333332,0.011183221824467182
/Users/devanshbansal/Desktop/ser/dataset/Audio_Speech_Actors_01-24/Actor_22/03-01-06-01-02-02-22.wav,03-01-06-01-02-02-22.wav,fearful,06,22,female,normal,2,Dogs are sitting by the door,2,speech,audio_only,48000.0,169770.0,3.536875,0.011393951252102852
/Users/devanshbansal/Desktop/ser/dataset/Audio_Speech_Actors_01-24/Actor_22/03-01-06-02-01-01-22.wav,03-01-06-02-01-01-22.wav,fearful,06,22,female,strong,1,Kids are talking by the door,1,speech,audio_only,48000.0,171371.0,3.5702291666666666,0.02502700686454773
/Users/devanshbansal/Desktop/ser/dataset/Audio_Speech_Actors_01-24/Actor_22/03-01-06-02-01-02-22.wav,03-01-06-02-01-02-22.wav,fearful,06,22,female,strong,1,Kids are talking by the door,2,speech,audio_only,48000.0,171371.0,3.5702291666666666,0.024750612676143646
/Users/devanshbansal/Desktop/ser/dataset/Audio_Speech_Actors_01-24/Actor_22/03-01-06-02-02-01-22.wav,03-01-06-02-02-01-22.wav,fearful,06,22,female,strong,2,Dogs are sitting by the door,1,speech,audio_only,48000.0,176176.0,3.6703333333333332,0.028473446145653725
/Users/devanshbansal/Desktop/ser/dataset/Audio_Speech_Actors_01-24/Actor_22/03-01-06-02-02-02-22.wav,03-01-06-02-02-02-22.wav,fearful,06,22,female,strong,2,Dogs are sitting by the door,2,speech,audio_only,48000.0,172973.0,3.6036041666666665,0.032085567712783813
/Users/devanshbansal/Desktop/ser/dataset/Audio_Speech_Actors_01-24/Actor_22/03-01-07-01-01-01-22.wav,03-01-07-01-01-01-22.wav,disgust,07,22,female,normal,1,Kids are talking by the door,1,speech,audio_only,48000.0,177777.0,3.7036875,0.008339498192071915
/Users/devanshbansal/Desktop/ser/dataset/Audio_Speech_Actors_01-24/Actor_22/03-01-07-01-01-02-22.wav,03-01-07-01-01-02-22.wav,disgust,07,22,female,normal,1,Kids are talking by the door,2,speech,audio_only,48000.0,187387.0,3.9038958333333333,0.007293574046343565
/Users/devanshbansal/Desktop/ser/dataset/Audio_Speech_Actors_01-24/Actor_22/03-01-07-01-02-01-22.wav,03-01-07-01-02-01-22.wav,disgust,07,22,female,normal,2,Dogs are sitting by the door,1,speech,audio_only,48000.0,182582.0,3.8037916666666667,0.008534744381904602
/Users/devanshbansal/Desktop/ser/dataset/Audio_Speech_Actors_01-24/Actor_22/03-01-07-01-02-02-22.wav,03-01-07-01-02-02-22.wav,disgust,07,22,female,normal,2,Dogs are sitting by the door,2,speech,audio_only,48000.0,184184.0,3.8371666666666666,0.009700744412839413
/Users/devanshbansal/Desktop/ser/dataset/Audio_Speech_Actors_01-24/Actor_22/03-01-07-02-01-01-22.wav,03-01-07-02-01-01-22.wav,disgust,07,22,female,strong,1,Kids are talking by the door,1,speech,audio_only,48000.0,203403.0,4.2375625,0.01075904443860054
/Users/devanshbansal/Desktop/ser/dataset/Audio_Speech_Actors_01-24/Actor_22/03-01-07-02-01-02-22.wav,03-01-07-02-01-02-22.wav,disgust,07,22,female,strong,1,Kids are talking by the door,2,speech,audio_only,48000.0,200200.0,4.170833333333333,0.012586225755512714
/Users/devanshbansal/Desktop/ser/dataset/Audio_Speech_Actors_01-24/Actor_22/03-01-07-02-02-01-22.wav,03-01-07-02-02-01-22.wav,disgust,07,22,female,strong,2,Dogs are sitting by the door,1,speech,audio_only,48000.0,201802.0,4.204208333333334,0.012442314065992832
/Users/devanshbansal/Desktop/ser/dataset/Audio_Speech_Actors_01-24/Actor_22/03-01-07-02-02-02-22.wav,03-01-07-02-02-02-22.wav,disgust,07,22,female,strong,2,Dogs are sitting by the door,2,speech,audio_only,48000.0,196996.0,4.1040833333333335,0.014650293625891209
/Users/devanshbansal/Desktop/ser/dataset/Audio_Speech_Actors_01-24/Actor_22/03-01-08-01-01-01-22.wav,03-01-08-01-01-01-22.wav,surprised,08,22,female,normal,1,Kids are talking by the door,1,speech,audio_only,48000.0,169770.0,3.536875,0.011780697852373123
/Users/devanshbansal/Desktop/ser/dataset/Audio_Speech_Actors_01-24/Actor_22/03-01-08-01-01-02-22.wav,03-01-08-01-01-02-22.wav,surprised,08,22,female,normal,1,Kids are talking by the door,2,speech,audio_only,48000.0,171371.0,3.5702291666666666,0.013557497411966324
/Users/devanshbansal/Desktop/ser/dataset/Audio_Speech_Actors_01-24/Actor_22/03-01-08-01-02-01-22.wav,03-01-08-01-02-01-22.wav,surprised,08,22,female,normal,2,Dogs are sitting by the door,1,speech,audio_only,48000.0,164965.0,3.4367708333333336,0.013197790831327438
/Users/devanshbansal/Desktop/ser/dataset/Audio_Speech_Actors_01-24/Actor_22/03-01-08-01-02-02-22.wav,03-01-08-01-02-02-22.wav,surprised,08,22,female,normal,2,Dogs are sitting by the door,2,speech,audio_only,48000.0,172973.0,3.6036041666666665,0.01666009984910488
/Users/devanshbansal/Desktop/ser/dataset/Audio_Speech_Actors_01-24/Actor_22/03-01-08-02-01-01-22.wav,03-01-08-02-01-01-22.wav,surprised,08,22,female,strong,1,Kids are talking by the door,1,speech,audio_only,48000.0,171371.0,3.5702291666666666,0.013595067895948887
/Users/devanshbansal/Desktop/ser/dataset/Audio_Speech_Actors_01-24/Actor_22/03-01-08-02-01-02-22.wav,03-01-08-02-01-02-22.wav,surprised,08,22,female,strong,1,Kids are talking by the door,2,speech,audio_only,48000.0,179380.0,3.7370833333333335,0.01840800605714321
/Users/devanshbansal/Desktop/ser/dataset/Audio_Speech_Actors_01-24/Actor_22/03-01-08-02-02-01-22.wav,03-01-08-02-02-01-22.wav,surprised,08,22,female,strong,2,Dogs are sitting by the door,1,speech,audio_only,48000.0,177778.0,3.703708333333333,0.024378577247262
/Users/devanshbansal/Desktop/ser/dataset/Audio_Speech_Actors_01-24/Actor_22/03-01-08-02-02-02-22.wav,03-01-08-02-02-02-22.wav,surprised,08,22,female,strong,2,Dogs are sitting by the door,2,speech,audio_only,48000.0,174574.0,3.6369583333333333,0.019494501873850822
/Users/devanshbansal/Desktop/ser/dataset/Audio_Speech_Actors_01-24/Actor_23/03-01-01-01-01-01-23.wav,03-01-01-01-01-01-23.wav,calm,01,23,male,normal,1,Kids are talking by the door,1,speech,audio_only,48000.0,182582.0,3.8037916666666667,0.00806159246712923
/Users/devanshbansal/Desktop/ser/dataset/Audio_Speech_Actors_01-24/Actor_23/03-01-01-01-01-02-23.wav,03-01-01-01-01-02-23.wav,calm,01,23,male,normal,1,Kids are talking by the door,2,speech,audio_only,48000.0,179379.0,3.7370625,0.009281269274652004
/Users/devanshbansal/Desktop/ser/dataset/Audio_Speech_Actors_01-24/Actor_23/03-01-01-01-02-01-23.wav,03-01-01-01-02-01-23.wav,calm,01,23,male,normal,2,Dogs are sitting by the door,1,speech,audio_only,48000.0,176176.0,3.6703333333333332,0.01005403883755207
/Users/devanshbansal/Desktop/ser/dataset/Audio_Speech_Actors_01-24/Actor_23/03-01-01-01-02-02-23.wav,03-01-01-01-02-02-23.wav,calm,01,23,male,normal,2,Dogs are sitting by the door,2,speech,audio_only,48000.0,184184.0,3.8371666666666666,0.010001404210925102
/Users/devanshbansal/Desktop/ser/dataset/Audio_Speech_Actors_01-24/Actor_23/03-01-02-01-01-01-23.wav,03-01-02-01-01-01-23.wav,calm,02,23,male,normal,1,Kids are talking by the door,1,speech,audio_only,48000.0,190590.0,3.970625,0.004734475165605545
/Users/devanshbansal/Desktop/ser/dataset/Audio_Speech_Actors_01-24/Actor_23/03-01-02-01-01-02-23.wav,03-01-02-01-01-02-23.wav,calm,02,23,male,normal,1,Kids are talking by the door,2,speech,audio_only,48000.0,195395.0,4.070729166666666,0.004370597656816244
/Users/devanshbansal/Desktop/ser/dataset/Audio_Speech_Actors_01-24/Actor_23/03-01-02-01-02-01-23.wav,03-01-02-01-02-01-23.wav,calm,02,23,male,normal,2,Dogs are sitting by the door,1,speech,audio_only,48000.0,200200.0,4.170833333333333,0.006835537496954203
/Users/devanshbansal/Desktop/ser/dataset/Audio_Speech_Actors_01-24/Actor_23/03-01-02-01-02-02-23.wav,03-01-02-01-02-02-23.wav,calm,02,23,male,normal,2,Dogs are sitting by the door,2,speech,audio_only,48000.0,192192.0,4.004,0.005902220495045185
/Users/devanshbansal/Desktop/ser/dataset/Audio_Speech_Actors_01-24/Actor_23/03-01-02-02-01-01-23.wav,03-01-02-02-01-01-23.wav,calm,02,23,male,strong,1,Kids are talking by the door,1,speech,audio_only,48000.0,221021.0,4.604604166666666,0.0052596996538341045
/Users/devanshbansal/Desktop/ser/dataset/Audio_Speech_Actors_01-24/Actor_23/03-01-02-02-01-02-23.wav,03-01-02-02-01-02-23.wav,calm,02,23,male,strong,1,Kids are talking by the door,2,speech,audio_only,48000.0,221020.0,4.604583333333333,0.0047177523374557495
/Users/devanshbansal/Desktop/ser/dataset/Audio_Speech_Actors_01-24/Actor_23/03-01-02-02-02-01-23.wav,03-01-02-02-02-01-23.wav,calm,02,23,male,strong,2,Dogs are sitting by the door,1,speech,audio_only,48000.0,196997.0,4.104104166666667,0.005154384300112724
/Users/devanshbansal/Desktop/ser/dataset/Audio_Speech_Actors_01-24/Actor_23/03-01-02-02-02-02-23.wav,03-01-02-02-02-02-23.wav,calm,02,23,male,strong,2,Dogs are sitting by the door,2,speech,audio_only,48000.0,219419.0,4.571229166666667,0.0068609039299190044
/Users/devanshbansal/Desktop/ser/dataset/Audio_Speech_Actors_01-24/Actor_23/03-01-03-01-01-01-23.wav,03-01-03-01-01-01-23.wav,happy,03,23,male,normal,1,Kids are talking by the door,1,speech,audio_only,48000.0,160160.0,3.3366666666666664,0.00965806469321251
/Users/devanshbansal/Desktop/ser/dataset/Audio_Speech_Actors_01-24/Actor_23/03-01-03-01-01-02-23.wav,03-01-03-01-01-02-23.wav,happy,03,23,male,normal,1,Kids are talking by the door,2,speech,audio_only,48000.0,156957.0,3.2699375,0.015488010831177235
/Users/devanshbansal/Desktop/ser/dataset/Audio_Speech_Actors_01-24/Actor_23/03-01-03-01-02-01-23.wav,03-01-03-01-02-01-23.wav,happy,03,23,male,normal,2,Dogs are sitting by the door,1,speech,audio_only,48000.0,155355.0,3.2365625,0.011668411083519459
/Users/devanshbansal/Desktop/ser/dataset/Audio_Speech_Actors_01-24/Actor_23/03-01-03-01-02-02-23.wav,03-01-03-01-02-02-23.wav,happy,03,23,male,normal,2,Dogs are sitting by the door,2,speech,audio_only,48000.0,156957.0,3.2699375,0.011195317842066288
/Users/devanshbansal/Desktop/ser/dataset/Audio_Speech_Actors_01-24/Actor_23/03-01-03-02-01-01-23.wav,03-01-03-02-01-01-23.wav,happy,03,23,male,strong,1,Kids are talking by the door,1,speech,audio_only,48000.0,155356.0,3.2365833333333334,0.03250332549214363
/Users/devanshbansal/Desktop/ser/dataset/Audio_Speech_Actors_01-24/Actor_23/03-01-03-02-01-02-23.wav,03-01-03-02-01-02-23.wav,happy,03,23,male,strong,1,Kids are talking by the door,2,speech,audio_only,48000.0,153753.0,3.2031875,0.03420502319931984
/Users/devanshbansal/Desktop/ser/dataset/Audio_Speech_Actors_01-24/Actor_23/03-01-03-02-02-01-23.wav,03-01-03-02-02-01-23.wav,happy,03,23,male,strong,2,Dogs are sitting by the door,1,speech,audio_only,48000.0,155355.0,3.2365625,0.030774742364883423
/Users/devanshbansal/Desktop/ser/dataset/Audio_Speech_Actors_01-24/Actor_23/03-01-03-02-02-02-23.wav,03-01-03-02-02-02-23.wav,happy,03,23,male,strong,2,Dogs are sitting by the door,2,speech,audio_only,48000.0,155355.0,3.2365625,0.025990614667534828
/Users/devanshbansal/Desktop/ser/dataset/Audio_Speech_Actors_01-24/Actor_23/03-01-04-01-01-01-23.wav,03-01-04-01-01-01-23.wav,sad,04,23,male,normal,1,Kids are talking by the door,1,speech,audio_only,48000.0,172973.0,3.6036041666666665,0.0046150353737175465
/Users/devanshbansal/Desktop/ser/dataset/Audio_Speech_Actors_01-24/Actor_23/03-01-04-01-01-02-23.wav,03-01-04-01-01-02-23.wav,sad,04,23,male,normal,1,Kids are talking by the door,2,speech,audio_only,48000.0,185786.0,3.8705416666666665,0.00515547813847661
/Users/devanshbansal/Desktop/ser/dataset/Audio_Speech_Actors_01-24/Actor_23/03-01-04-01-02-01-23.wav,03-01-04-01-02-01-23.wav,sad,04,23,male,normal,2,Dogs are sitting by the door,1,speech,audio_only,48000.0,171371.0,3.5702291666666666,0.006803267635405064
/Users/devanshbansal/Desktop/ser/dataset/Audio_Speech_Actors_01-24/Actor_23/03-01-04-01-02-02-23.wav,03-01-04-01-02-02-23.wav,sad,04,23,male,normal,2,Dogs are sitting by the door,2,speech,audio_only,48000.0,176176.0,3.6703333333333332,0.007014928385615349
/Users/devanshbansal/Desktop/ser/dataset/Audio_Speech_Actors_01-24/Actor_23/03-01-04-02-01-01-23.wav,03-01-04-02-01-01-23.wav,sad,04,23,male,strong,1,Kids are talking by the door,1,speech,audio_only,48000.0,205005.0,4.2709375,0.01004271674901247
/Users/devanshbansal/Desktop/ser/dataset/Audio_Speech_Actors_01-24/Actor_23/03-01-04-02-01-02-23.wav,03-01-04-02-01-02-23.wav,sad,04,23,male,strong,1,Kids are talking by the door,2,speech,audio_only,48000.0,209809.0,4.371020833333334,0.007839689962565899
/Users/devanshbansal/Desktop/ser/dataset/Audio_Speech_Actors_01-24/Actor_23/03-01-04-02-02-01-23.wav,03-01-04-02-02-01-23.wav,sad,04,23,male,strong,2,Dogs are sitting by the door,1,speech,audio_only,48000.0,188989.0,3.9372708333333333,0.006865798961371183
/Users/devanshbansal/Desktop/ser/dataset/Audio_Speech_Actors_01-24/Actor_23/03-01-04-02-02-02-23.wav,03-01-04-02-02-02-23.wav,sad,04,23,male,strong,2,Dogs are sitting by the door,2,speech,audio_only,48000.0,227427.0,4.7380625,0.00764917116612196
/Users/devanshbansal/Desktop/ser/dataset/Audio_Speech_Actors_01-24/Actor_23/03-01-05-01-01-01-23.wav,03-01-05-01-01-01-23.wav,angry,05,23,male,normal,1,Kids are talking by the door,1,speech,audio_only,48000.0,158559.0,3.3033125,0.02419174462556839
/Users/devanshbansal/Desktop/ser/dataset/Audio_Speech_Actors_01-24/Actor_23/03-01-05-01-01-02-23.wav,03-01-05-01-01-02-23.wav,angry,05,23,male,normal,1,Kids are talking by the door,2,speech,audio_only,48000.0,158559.0,3.3033125,0.025049755349755287
/Users/devanshbansal/Desktop/ser/dataset/Audio_Speech_Actors_01-24/Actor_23/03-01-05-01-02-01-23.wav,03-01-05-01-02-01-23.wav,angry,05,23,male,normal,2,Dogs are sitting by the door,1,speech,audio_only,48000.0,156957.0,3.2699375,0.023534175008535385
/Users/devanshbansal/Desktop/ser/dataset/Audio_Speech_Actors_01-24/Actor_23/03-01-05-01-02-02-23.wav,03-01-05-01-02-02-23.wav,angry,05,23,male,normal,2,Dogs are sitting by the door,2,speech,audio_only,48000.0,160160.0,3.3366666666666664,0.02253631502389908
/Users/devanshbansal/Desktop/ser/dataset/Audio_Speech_Actors_01-24/Actor_23/03-01-05-02-01-01-23.wav,03-01-05-02-01-01-23.wav,angry,05,23,male,strong,1,Kids are talking by the door,1,speech,audio_only,48000.0,163363.0,3.403395833333333,0.0695762187242508
/Users/devanshbansal/Desktop/ser/dataset/Audio_Speech_Actors_01-24/Actor_23/03-01-05-02-01-02-23.wav,03-01-05-02-01-02-23.wav,angry,05,23,male,strong,1,Kids are talking by the door,2,speech,audio_only,48000.0,160160.0,3.3366666666666664,0.0690656527876854
/Users/devanshbansal/Desktop/ser/dataset/Audio_Speech_Actors_01-24/Actor_23/03-01-05-02-02-01-23.wav,03-01-05-02-02-01-23.wav,angry,05,23,male,strong,2,Dogs are sitting by the door,1,speech,audio_only,48000.0,155355.0,3.2365625,0.09409699589014053
/Users/devanshbansal/Desktop/ser/dataset/Audio_Speech_Actors_01-24/Actor_23/03-01-05-02-02-02-23.wav,03-01-05-02-02-02-23.wav,angry,05,23,male,strong,2,Dogs are sitting by the door,2,speech,audio_only,48000.0,158558.0,3.3032916666666665,0.08133990317583084
/Users/devanshbansal/Desktop/ser/dataset/Audio_Speech_Actors_01-24/Actor_23/03-01-06-01-01-01-23.wav,03-01-06-01-01-01-23.wav,fearful,06,23,male,normal,1,Kids are talking by the door,1,speech,audio_only,48000.0,164965.0,3.4367708333333336,0.009693826548755169
/Users/devanshbansal/Desktop/ser/dataset/Audio_Speech_Actors_01-24/Actor_23/03-01-06-01-01-02-23.wav,03-01-06-01-01-02-23.wav,fearful,06,23,male,normal,1,Kids are talking by the door,2,speech,audio_only,48000.0,155355.0,3.2365625,0.005598577205091715
/Users/devanshbansal/Desktop/ser/dataset/Audio_Speech_Actors_01-24/Actor_23/03-01-06-01-02-01-23.wav,03-01-06-01-02-01-23.wav,fearful,06,23,male,normal,2,Dogs are sitting by the door,1,speech,audio_only,48000.0,150550.0,3.136458333333333,0.008282236754894257
/Users/devanshbansal/Desktop/ser/dataset/Audio_Speech_Actors_01-24/Actor_23/03-01-06-01-02-02-23.wav,03-01-06-01-02-02-23.wav,fearful,06,23,male,normal,2,Dogs are sitting by the door,2,speech,audio_only,48000.0,148949.0,3.1031041666666668,0.007066662888973951
/Users/devanshbansal/Desktop/ser/dataset/Audio_Speech_Actors_01-24/Actor_23/03-01-06-02-01-01-23.wav,03-01-06-02-01-01-23.wav,fearful,06,23,male,strong,1,Kids are talking by the door,1,speech,audio_only,48000.0,171371.0,3.5702291666666666,0.01992177776992321
/Users/devanshbansal/Desktop/ser/dataset/Audio_Speech_Actors_01-24/Actor_23/03-01-06-02-01-02-23.wav,03-01-06-02-01-02-23.wav,fearful,06,23,male,strong,1,Kids are talking by the door,2,speech,audio_only,48000.0,164965.0,3.4367708333333336,0.019199250265955925
/Users/devanshbansal/Desktop/ser/dataset/Audio_Speech_Actors_01-24/Actor_23/03-01-06-02-02-01-23.wav,03-01-06-02-02-01-23.wav,fearful,06,23,male,strong,2,Dogs are sitting by the door,1,speech,audio_only,48000.0,171372.0,3.57025,0.027865907177329063
/Users/devanshbansal/Desktop/ser/dataset/Audio_Speech_Actors_01-24/Actor_23/03-01-06-02-02-02-23.wav,03-01-06-02-02-02-23.wav,fearful,06,23,male,strong,2,Dogs are sitting by the door,2,speech,audio_only,48000.0,169770.0,3.536875,0.020648609846830368
/Users/devanshbansal/Desktop/ser/dataset/Audio_Speech_Actors_01-24/Actor_23/03-01-07-01-01-01-23.wav,03-01-07-01-01-01-23.wav,disgust,07,23,male,normal,1,Kids are talking by the door,1,speech,audio_only,48000.0,171371.0,3.5702291666666666,0.006494988687336445
/Users/devanshbansal/Desktop/ser/dataset/Audio_Speech_Actors_01-24/Actor_23/03-01-07-01-01-02-23.wav,03-01-07-01-01-02-23.wav,disgust,07,23,male,normal,1,Kids are talking by the door,2,speech,audio_only,48000.0,171371.0,3.5702291666666666,0.0058979252353310585
/Users/devanshbansal/Desktop/ser/dataset/Audio_Speech_Actors_01-24/Actor_23/03-01-07-01-02-01-23.wav,03-01-07-01-02-01-23.wav,disgust,07,23,male,normal,2,Dogs are sitting by the door,1,speech,audio_only,48000.0,166566.0,3.470125,0.005764303728938103
/Users/devanshbansal/Desktop/ser/dataset/Audio_Speech_Actors_01-24/Actor_23/03-01-07-01-02-02-23.wav,03-01-07-01-02-02-23.wav,disgust,07,23,male,normal,2,Dogs are sitting by the door,2,speech,audio_only,48000.0,160160.0,3.3366666666666664,0.006465485785156488
/Users/devanshbansal/Desktop/ser/dataset/Audio_Speech_Actors_01-24/Actor_23/03-01-07-02-01-01-23.wav,03-01-07-02-01-01-23.wav,disgust,07,23,male,strong,1,Kids are talking by the door,1,speech,audio_only,48000.0,195395.0,4.070729166666666,0.01521260291337967
/Users/devanshbansal/Desktop/ser/dataset/Audio_Speech_Actors_01-24/Actor_23/03-01-07-02-01-02-23.wav,03-01-07-02-01-02-23.wav,disgust,07,23,male,strong,1,Kids are talking by the door,2,speech,audio_only,48000.0,185785.0,3.8705208333333334,0.012425694614648819
/Users/devanshbansal/Desktop/ser/dataset/Audio_Speech_Actors_01-24/Actor_23/03-01-07-02-02-01-23.wav,03-01-07-02-02-01-23.wav,disgust,07,23,male,strong,2,Dogs are sitting by the door,1,speech,audio_only,48000.0,179379.0,3.7370625,0.01465819776058197
/Users/devanshbansal/Desktop/ser/dataset/Audio_Speech_Actors_01-24/Actor_23/03-01-07-02-02-02-23.wav,03-01-07-02-02-02-23.wav,disgust,07,23,male,strong,2,Dogs are sitting by the door,2,speech,audio_only,48000.0,185785.0,3.8705208333333334,0.013070352375507355
/Users/devanshbansal/Desktop/ser/dataset/Audio_Speech_Actors_01-24/Actor_23/03-01-08-01-01-01-23.wav,03-01-08-01-01-01-23.wav,surprised,08,23,male,normal,1,Kids are talking by the door,1,speech,audio_only,48000.0,156957.0,3.2699375,0.01928960531949997
/Users/devanshbansal/Desktop/ser/dataset/Audio_Speech_Actors_01-24/Actor_23/03-01-08-01-01-02-23.wav,03-01-08-01-01-02-23.wav,surprised,08,23,male,normal,1,Kids are talking by the door,2,speech,audio_only,48000.0,155355.0,3.2365625,0.017717257142066956
/Users/devanshbansal/Desktop/ser/dataset/Audio_Speech_Actors_01-24/Actor_23/03-01-08-01-02-01-23.wav,03-01-08-01-02-01-23.wav,surprised,08,23,male,normal,2,Dogs are sitting by the door,1,speech,audio_only,48000.0,158558.0,3.3032916666666665,0.02290043979883194
/Users/devanshbansal/Desktop/ser/dataset/Audio_Speech_Actors_01-24/Actor_23/03-01-08-01-02-02-23.wav,03-01-08-01-02-02-23.wav,surprised,08,23,male,normal,2,Dogs are sitting by the door,2,speech,audio_only,48000.0,158559.0,3.3033125,0.02377621829509735
/Users/devanshbansal/Desktop/ser/dataset/Audio_Speech_Actors_01-24/Actor_23/03-01-08-02-01-01-23.wav,03-01-08-02-01-01-23.wav,surprised,08,23,male,strong,1,Kids are talking by the door,1,speech,audio_only,48000.0,168168.0,3.5035,0.025195647031068802
/Users/devanshbansal/Desktop/ser/dataset/Audio_Speech_Actors_01-24/Actor_23/03-01-08-02-01-02-23.wav,03-01-08-02-01-02-23.wav,surprised,08,23,male,strong,1,Kids are talking by the door,2,speech,audio_only,48000.0,161761.0,3.3700208333333332,0.028121553361415863
/Users/devanshbansal/Desktop/ser/dataset/Audio_Speech_Actors_01-24/Actor_23/03-01-08-02-02-01-23.wav,03-01-08-02-02-01-23.wav,surprised,08,23,male,strong,2,Dogs are sitting by the door,1,speech,audio_only,48000.0,160160.0,3.3366666666666664,0.034459084272384644
/Users/devanshbansal/Desktop/ser/dataset/Audio_Speech_Actors_01-24/Actor_23/03-01-08-02-02-02-23.wav,03-01-08-02-02-02-23.wav,surprised,08,23,male,strong,2,Dogs are sitting by the door,2,speech,audio_only,48000.0,158558.0,3.3032916666666665,0.02797609567642212
/Users/devanshbansal/Desktop/ser/dataset/Audio_Speech_Actors_01-24/Actor_24/03-01-01-01-01-01-24.wav,03-01-01-01-01-01-24.wav,calm,01,24,female,normal,1,Kids are talking by the door,1,speech,audio_only,48000.0,177778.0,3.703708333333333,0.004300964064896107
/Users/devanshbansal/Desktop/ser/dataset/Audio_Speech_Actors_01-24/Actor_24/03-01-01-01-01-02-24.wav,03-01-01-01-01-02-24.wav,calm,01,24,female,normal,1,Kids are talking by the door,2,speech,audio_only,48000.0,174574.0,3.6369583333333333,0.0040010567754507065
/Users/devanshbansal/Desktop/ser/dataset/Audio_Speech_Actors_01-24/Actor_24/03-01-01-01-02-01-24.wav,03-01-01-01-02-01-24.wav,calm,01,24,female,normal,2,Dogs are sitting by the door,1,speech,audio_only,48000.0,174575.0,3.636979166666667,0.004861332476139069
/Users/devanshbansal/Desktop/ser/dataset/Audio_Speech_Actors_01-24/Actor_24/03-01-01-01-02-02-24.wav,03-01-01-01-02-02-24.wav,calm,01,24,female,normal,2,Dogs are sitting by the door,2,speech,audio_only,48000.0,172973.0,3.6036041666666665,0.006039009895175695
/Users/devanshbansal/Desktop/ser/dataset/Audio_Speech_Actors_01-24/Actor_24/03-01-02-01-01-01-24.wav,03-01-02-01-01-01-24.wav,calm,02,24,female,normal,1,Kids are talking by the door,1,speech,audio_only,48000.0,171371.0,3.5702291666666666,0.0023181382566690445
/Users/devanshbansal/Desktop/ser/dataset/Audio_Speech_Actors_01-24/Actor_24/03-01-02-01-01-02-24.wav,03-01-02-01-01-02-24.wav,calm,02,24,female,normal,1,Kids are talking by the door,2,speech,audio_only,48000.0,168168.0,3.5035,0.002392847090959549
/Users/devanshbansal/Desktop/ser/dataset/Audio_Speech_Actors_01-24/Actor_24/03-01-02-01-02-01-24.wav,03-01-02-01-02-01-24.wav,calm,02,24,female,normal,2,Dogs are sitting by the door,1,speech,audio_only,48000.0,185786.0,3.8705416666666665,0.0024665340315550566
/Users/devanshbansal/Desktop/ser/dataset/Audio_Speech_Actors_01-24/Actor_24/03-01-02-01-02-02-24.wav,03-01-02-01-02-02-24.wav,calm,02,24,female,normal,2,Dogs are sitting by the door,2,speech,audio_only,48000.0,177777.0,3.7036875,0.003985228948295116
/Users/devanshbansal/Desktop/ser/dataset/Audio_Speech_Actors_01-24/Actor_24/03-01-02-02-01-01-24.wav,03-01-02-02-01-01-24.wav,calm,02,24,female,strong,1,Kids are talking by the door,1,speech,audio_only,48000.0,196997.0,4.104104166666667,0.004525416065007448
/Users/devanshbansal/Desktop/ser/dataset/Audio_Speech_Actors_01-24/Actor_24/03-01-02-02-01-02-24.wav,03-01-02-02-01-02-24.wav,calm,02,24,female,strong,1,Kids are talking by the door,2,speech,audio_only,48000.0,195395.0,4.070729166666666,0.002937158104032278
/Users/devanshbansal/Desktop/ser/dataset/Audio_Speech_Actors_01-24/Actor_24/03-01-02-02-02-01-24.wav,03-01-02-02-02-01-24.wav,calm,02,24,female,strong,2,Dogs are sitting by the door,1,speech,audio_only,48000.0,193794.0,4.037375,0.0032437858171761036
/Users/devanshbansal/Desktop/ser/dataset/Audio_Speech_Actors_01-24/Actor_24/03-01-02-02-02-02-24.wav,03-01-02-02-02-02-24.wav,calm,02,24,female,strong,2,Dogs are sitting by the door,2,speech,audio_only,48000.0,196997.0,4.104104166666667,0.0036330276634544134
/Users/devanshbansal/Desktop/ser/dataset/Audio_Speech_Actors_01-24/Actor_24/03-01-03-01-01-01-24.wav,03-01-03-01-01-01-24.wav,happy,03,24,female,normal,1,Kids are talking by the door,1,speech,audio_only,48000.0,172973.0,3.6036041666666665,0.005893429275602102
/Users/devanshbansal/Desktop/ser/dataset/Audio_Speech_Actors_01-24/Actor_24/03-01-03-01-01-02-24.wav,03-01-03-01-01-02-24.wav,happy,03,24,female,normal,1,Kids are talking by the door,2,speech,audio_only,48000.0,187387.0,3.9038958333333333,0.005625980906188488
/Users/devanshbansal/Desktop/ser/dataset/Audio_Speech_Actors_01-24/Actor_24/03-01-03-01-02-01-24.wav,03-01-03-01-02-01-24.wav,happy,03,24,female,normal,2,Dogs are sitting by the door,1,speech,audio_only,48000.0,168168.0,3.5035,0.0056226556189358234
/Users/devanshbansal/Desktop/ser/dataset/Audio_Speech_Actors_01-24/Actor_24/03-01-03-01-02-02-24.wav,03-01-03-01-02-02-24.wav,happy,03,24,female,normal,2,Dogs are sitting by the door,2,speech,audio_only,48000.0,179379.0,3.7370625,0.009710218757390976
/Users/devanshbansal/Desktop/ser/dataset/Audio_Speech_Actors_01-24/Actor_24/03-01-03-02-01-01-24.wav,03-01-03-02-01-01-24.wav,happy,03,24,female,strong,1,Kids are talking by the door,1,speech,audio_only,48000.0,192192.0,4.004,0.017540467903017998
/Users/devanshbansal/Desktop/ser/dataset/Audio_Speech_Actors_01-24/Actor_24/03-01-03-02-01-02-24.wav,03-01-03-02-01-02-24.wav,happy,03,24,female,strong,1,Kids are talking by the door,2,speech,audio_only,48000.0,180981.0,3.7704375,0.018946539610624313
/Users/devanshbansal/Desktop/ser/dataset/Audio_Speech_Actors_01-24/Actor_24/03-01-03-02-02-01-24.wav,03-01-03-02-02-01-24.wav,happy,03,24,female,strong,2,Dogs are sitting by the door,1,speech,audio_only,48000.0,185786.0,3.8705416666666665,0.017764011397957802
/Users/devanshbansal/Desktop/ser/dataset/Audio_Speech_Actors_01-24/Actor_24/03-01-03-02-02-02-24.wav,03-01-03-02-02-02-24.wav,happy,03,24,female,strong,2,Dogs are sitting by the door,2,speech,audio_only,48000.0,185786.0,3.8705416666666665,0.029599452391266823
/Users/devanshbansal/Desktop/ser/dataset/Audio_Speech_Actors_01-24/Actor_24/03-01-04-01-01-01-24.wav,03-01-04-01-01-01-24.wav,sad,04,24,female,normal,1,Kids are talking by the door,1,speech,audio_only,48000.0,196997.0,4.104104166666667,0.0033712226431816816
/Users/devanshbansal/Desktop/ser/dataset/Audio_Speech_Actors_01-24/Actor_24/03-01-04-01-01-02-24.wav,03-01-04-01-01-02-24.wav,sad,04,24,female,normal,1,Kids are talking by the door,2,speech,audio_only,48000.0,190590.0,3.970625,0.0024527106434106827
/Users/devanshbansal/Desktop/ser/dataset/Audio_Speech_Actors_01-24/Actor_24/03-01-04-01-02-01-24.wav,03-01-04-01-02-01-24.wav,sad,04,24,female,normal,2,Dogs are sitting by the door,1,speech,audio_only,48000.0,169770.0,3.536875,0.005122562870383263
/Users/devanshbansal/Desktop/ser/dataset/Audio_Speech_Actors_01-24/Actor_24/03-01-04-01-02-02-24.wav,03-01-04-01-02-02-24.wav,sad,04,24,female,normal,2,Dogs are sitting by the door,2,speech,audio_only,48000.0,184184.0,3.8371666666666666,0.0037458299193531275
/Users/devanshbansal/Desktop/ser/dataset/Audio_Speech_Actors_01-24/Actor_24/03-01-04-02-01-01-24.wav,03-01-04-02-01-01-24.wav,sad,04,24,female,strong,1,Kids are talking by the door,1,speech,audio_only,48000.0,211411.0,4.404395833333333,0.014179833233356476
/Users/devanshbansal/Desktop/ser/dataset/Audio_Speech_Actors_01-24/Actor_24/03-01-04-02-01-02-24.wav,03-01-04-02-01-02-24.wav,sad,04,24,female,strong,1,Kids are talking by the door,2,speech,audio_only,48000.0,219420.0,4.57125,0.009680227376520634
/Users/devanshbansal/Desktop/ser/dataset/Audio_Speech_Actors_01-24/Actor_24/03-01-04-02-02-01-24.wav,03-01-04-02-02-01-24.wav,sad,04,24,female,strong,2,Dogs are sitting by the door,1,speech,audio_only,48000.0,201802.0,4.204208333333334,0.010304619558155537
/Users/devanshbansal/Desktop/ser/dataset/Audio_Speech_Actors_01-24/Actor_24/03-01-04-02-02-02-24.wav,03-01-04-02-02-02-24.wav,sad,04,24,female,strong,2,Dogs are sitting by the door,2,speech,audio_only,48000.0,224224.0,4.671333333333333,0.004579400178045034
/Users/devanshbansal/Desktop/ser/dataset/Audio_Speech_Actors_01-24/Actor_24/03-01-05-01-01-01-24.wav,03-01-05-01-01-01-24.wav,angry,05,24,female,normal,1,Kids are talking by the door,1,speech,audio_only,48000.0,196997.0,4.104104166666667,0.02554478868842125
/Users/devanshbansal/Desktop/ser/dataset/Audio_Speech_Actors_01-24/Actor_24/03-01-05-01-01-02-24.wav,03-01-05-01-01-02-24.wav,angry,05,24,female,normal,1,Kids are talking by the door,2,speech,audio_only,48000.0,179379.0,3.7370625,0.028441496193408966
/Users/devanshbansal/Desktop/ser/dataset/Audio_Speech_Actors_01-24/Actor_24/03-01-05-01-02-01-24.wav,03-01-05-01-02-01-24.wav,angry,05,24,female,normal,2,Dogs are sitting by the door,1,speech,audio_only,48000.0,176176.0,3.6703333333333332,0.022827528417110443
/Users/devanshbansal/Desktop/ser/dataset/Audio_Speech_Actors_01-24/Actor_24/03-01-05-01-02-02-24.wav,03-01-05-01-02-02-24.wav,angry,05,24,female,normal,2,Dogs are sitting by the door,2,speech,audio_only,48000.0,201801.0,4.2041875,0.02854294888675213
/Users/devanshbansal/Desktop/ser/dataset/Audio_Speech_Actors_01-24/Actor_24/03-01-05-02-01-01-24.wav,03-01-05-02-01-01-24.wav,angry,05,24,female,strong,1,Kids are talking by the door,1,speech,audio_only,48000.0,209810.0,4.371041666666667,0.05468672141432762
/Users/devanshbansal/Desktop/ser/dataset/Audio_Speech_Actors_01-24/Actor_24/03-01-05-02-01-02-24.wav,03-01-05-02-01-02-24.wav,angry,05,24,female,strong,1,Kids are talking by the door,2,speech,audio_only,48000.0,209810.0,4.371041666666667,0.04120068997144699
/Users/devanshbansal/Desktop/ser/dataset/Audio_Speech_Actors_01-24/Actor_24/03-01-05-02-02-01-24.wav,03-01-05-02-02-01-24.wav,angry,05,24,female,strong,2,Dogs are sitting by the door,1,speech,audio_only,48000.0,200200.0,4.170833333333333,0.02933664061129093
/Users/devanshbansal/Desktop/ser/dataset/Audio_Speech_Actors_01-24/Actor_24/03-01-05-02-02-02-24.wav,03-01-05-02-02-02-24.wav,angry,05,24,female,strong,2,Dogs are sitting by the door,2,speech,audio_only,48000.0,245045.0,5.105104166666667,0.03331945091485977
/Users/devanshbansal/Desktop/ser/dataset/Audio_Speech_Actors_01-24/Actor_24/03-01-06-01-01-01-24.wav,03-01-06-01-01-01-24.wav,fearful,06,24,female,normal,1,Kids are talking by the door,1,speech,audio_only,48000.0,196997.0,4.104104166666667,0.022214915603399277
/Users/devanshbansal/Desktop/ser/dataset/Audio_Speech_Actors_01-24/Actor_24/03-01-06-01-01-02-24.wav,03-01-06-01-01-02-24.wav,fearful,06,24,female,normal,1,Kids are talking by the door,2,speech,audio_only,48000.0,195395.0,4.070729166666666,0.018892815336585045
/Users/devanshbansal/Desktop/ser/dataset/Audio_Speech_Actors_01-24/Actor_24/03-01-06-01-02-01-24.wav,03-01-06-01-02-01-24.wav,fearful,06,24,female,normal,2,Dogs are sitting by the door,1,speech,audio_only,48000.0,188988.0,3.93725,0.021683748811483383
/Users/devanshbansal/Desktop/ser/dataset/Audio_Speech_Actors_01-24/Actor_24/03-01-06-01-02-02-24.wav,03-01-06-01-02-02-24.wav,fearful,06,24,female,normal,2,Dogs are sitting by the door,2,speech,audio_only,48000.0,192192.0,4.004,0.017572171986103058
/Users/devanshbansal/Desktop/ser/dataset/Audio_Speech_Actors_01-24/Actor_24/03-01-06-02-01-01-24.wav,03-01-06-02-01-01-24.wav,fearful,06,24,female,strong,1,Kids are talking by the door,1,speech,audio_only,48000.0,184184.0,3.8371666666666666,0.05965961515903473
/Users/devanshbansal/Desktop/ser/dataset/Audio_Speech_Actors_01-24/Actor_24/03-01-06-02-01-02-24.wav,03-01-06-02-01-02-24.wav,fearful,06,24,female,strong,1,Kids are talking by the door,2,speech,audio_only,48000.0,195395.0,4.070729166666666,0.034009892493486404
/Users/devanshbansal/Desktop/ser/dataset/Audio_Speech_Actors_01-24/Actor_24/03-01-06-02-02-01-24.wav,03-01-06-02-02-01-24.wav,fearful,06,24,female,strong,2,Dogs are sitting by the door,1,speech,audio_only,48000.0,172972.0,3.6035833333333334,0.058340031653642654
/Users/devanshbansal/Desktop/ser/dataset/Audio_Speech_Actors_01-24/Actor_24/03-01-06-02-02-02-24.wav,03-01-06-02-02-02-24.wav,fearful,06,24,female,strong,2,Dogs are sitting by the door,2,speech,audio_only,48000.0,184184.0,3.8371666666666666,0.07128666341304779
/Users/devanshbansal/Desktop/ser/dataset/Audio_Speech_Actors_01-24/Actor_24/03-01-07-01-01-01-24.wav,03-01-07-01-01-01-24.wav,disgust,07,24,female,normal,1,Kids are talking by the door,1,speech,audio_only,48000.0,206606.0,4.304291666666667,0.008534318767488003
/Users/devanshbansal/Desktop/ser/dataset/Audio_Speech_Actors_01-24/Actor_24/03-01-07-01-01-02-24.wav,03-01-07-01-01-02-24.wav,disgust,07,24,female,normal,1,Kids are talking by the door,2,speech,audio_only,48000.0,196997.0,4.104104166666667,0.009860455989837646
/Users/devanshbansal/Desktop/ser/dataset/Audio_Speech_Actors_01-24/Actor_24/03-01-07-01-02-01-24.wav,03-01-07-01-02-01-24.wav,disgust,07,24,female,normal,2,Dogs are sitting by the door,1,speech,audio_only,48000.0,192192.0,4.004,0.010291067883372307
/Users/devanshbansal/Desktop/ser/dataset/Audio_Speech_Actors_01-24/Actor_24/03-01-07-01-02-02-24.wav,03-01-07-01-02-02-24.wav,disgust,07,24,female,normal,2,Dogs are sitting by the door,2,speech,audio_only,48000.0,195395.0,4.070729166666666,0.011637786403298378
/Users/devanshbansal/Desktop/ser/dataset/Audio_Speech_Actors_01-24/Actor_24/03-01-07-02-01-01-24.wav,03-01-07-02-01-01-24.wav,disgust,07,24,female,strong,1,Kids are talking by the door,1,speech,audio_only,48000.0,208208.0,4.337666666666666,0.004960407502949238
/Users/devanshbansal/Desktop/ser/dataset/Audio_Speech_Actors_01-24/Actor_24/03-01-07-02-01-02-24.wav,03-01-07-02-01-02-24.wav,disgust,07,24,female,strong,1,Kids are talking by the door,2,speech,audio_only,48000.0,222622.0,4.637958333333334,0.019237320870161057
/Users/devanshbansal/Desktop/ser/dataset/Audio_Speech_Actors_01-24/Actor_24/03-01-07-02-02-01-24.wav,03-01-07-02-02-01-24.wav,disgust,07,24,female,strong,2,Dogs are sitting by the door,1,speech,audio_only,48000.0,203403.0,4.2375625,0.021992819383740425
/Users/devanshbansal/Desktop/ser/dataset/Audio_Speech_Actors_01-24/Actor_24/03-01-07-02-02-02-24.wav,03-01-07-02-02-02-24.wav,disgust,07,24,female,strong,2,Dogs are sitting by the door,2,speech,audio_only,48000.0,213013.0,4.437770833333333,0.019261574372649193
/Users/devanshbansal/Desktop/ser/dataset/Audio_Speech_Actors_01-24/Actor_24/03-01-08-01-01-01-24.wav,03-01-08-01-01-01-24.wav,surprised,08,24,female,normal,1,Kids are talking by the door,1,speech,audio_only,48000.0,158559.0,3.3033125,0.004481883719563484
/Users/devanshbansal/Desktop/ser/dataset/Audio_Speech_Actors_01-24/Actor_24/03-01-08-01-01-02-24.wav,03-01-08-01-01-02-24.wav,surprised,08,24,female,normal,1,Kids are talking by the door,2,speech,audio_only,48000.0,166567.0,3.4701458333333335,0.013631979934871197
/Users/devanshbansal/Desktop/ser/dataset/Audio_Speech_Actors_01-24/Actor_24/03-01-08-01-02-01-24.wav,03-01-08-01-02-01-24.wav,surprised,08,24,female,normal,2,Dogs are sitting by the door,1,speech,audio_only,48000.0,161762.0,3.370041666666667,0.011027466505765915
/Users/devanshbansal/Desktop/ser/dataset/Audio_Speech_Actors_01-24/Actor_24/03-01-08-01-02-02-24.wav,03-01-08-01-02-02-24.wav,surprised,08,24,female,normal,2,Dogs are sitting by the door,2,speech,audio_only,48000.0,163363.0,3.403395833333333,0.013139316812157631
/Users/devanshbansal/Desktop/ser/dataset/Audio_Speech_Actors_01-24/Actor_24/03-01-08-02-01-01-24.wav,03-01-08-02-01-01-24.wav,surprised,08,24,female,strong,1,Kids are talking by the door,1,speech,audio_only,48000.0,188989.0,3.9372708333333333,0.020143887028098106
/Users/devanshbansal/Desktop/ser/dataset/Audio_Speech_Actors_01-24/Actor_24/03-01-08-02-01-02-24.wav,03-01-08-02-01-02-24.wav,surprised,08,24,female,strong,1,Kids are talking by the door,2,speech,audio_only,48000.0,190590.0,3.970625,0.016888242214918137
/Users/devanshbansal/Desktop/ser/dataset/Audio_Speech_Actors_01-24/Actor_24/03-01-08-02-02-01-24.wav,03-01-08-02-02-01-24.wav,surprised,08,24,female,strong,2,Dogs are sitting by the door,1,speech,audio_only,48000.0,176176.0,3.6703333333333332,0.02263323962688446
/Users/devanshbansal/Desktop/ser/dataset/Audio_Speech_Actors_01-24/Actor_24/03-01-08-02-02-02-24.wav,03-01-08-02-02-02-24.wav,surprised,08,24,female,strong,2,Dogs are sitting by the door,2,speech,audio_only,48000.0,174574.0,3.6369583333333333,0.021391775459051132
