file_path,filename,emotion,emotion_code,actor,gender,intensity,statement,statement_text,repetition,vocal_channel,modality,sample_rate,duration,peak_amplitude,rms_energy,corrupted,silent,clipped,very_short,very_long,issue
/Users/devanshbansal/Desktop/ser/dataset/Audio_Speech_Actors_01-24/Actor_01/03-01-01-01-01-01-01.wav,03-01-01-01-01-01-01.wav,calm,01,1,male,normal,1,Kids are talking by the door,1,speech,audio_only,48000,3.3032916666666665,0.04058837890625,0.004000635351985693,False,False,False,False,False,clean
/Users/devanshbansal/Desktop/ser/dataset/Audio_Speech_Actors_01-24/Actor_01/03-01-01-01-01-02-01.wav,03-01-01-01-01-02-01.wav,calm,01,1,male,normal,1,Kids are talking by the door,2,speech,audio_only,48000,3.3366666666666664,0.04815673828125,0.004283341113477945,False,False,False,False,False,clean
/Users/devanshbansal/Desktop/ser/dataset/Audio_Speech_Actors_01-24/Actor_01/03-01-01-01-02-01-01.wav,03-01-01-01-02-01-01.wav,calm,01,1,male,normal,2,Dogs are sitting by the door,1,speech,audio_only,48000,3.2699166666666666,0.0584716796875,0.0050836047157645226,False,False,False,False,False,clean
/Users/devanshbansal/Desktop/ser/dataset/Audio_Speech_Actors_01-24/Actor_01/03-01-01-01-02-02-01.wav,03-01-01-01-02-02-01.wav,calm,01,1,male,normal,2,Dogs are sitting by the door,2,speech,audio_only,48000,3.1698333333333335,0.06268310546875,0.004886147566139698,False,False,False,False,False,clean
/Users/devanshbansal/Desktop/ser/dataset/Audio_Speech_Actors_01-24/Actor_01/03-01-02-01-01-01-01.wav,03-01-02-01-01-01-01.wav,calm,02,1,male,normal,1,Kids are talking by the door,1,speech,audio_only,48000,3.5368541666666666,0.0262451171875,0.002956344746053219,False,False,False,False,False,clean
/Users/devanshbansal/Desktop/ser/dataset/Audio_Speech_Actors_01-24/Actor_01/03-01-02-01-01-02-01.wav,03-01-02-01-01-02-01.wav,calm,02,1,male,normal,1,Kids are talking by the door,2,speech,audio_only,48000,3.6035833333333334,0.0323486328125,0.0030847270973026752,False,False,False,False,False,clean
/Users/devanshbansal/Desktop/ser/dataset/Audio_Speech_Actors_01-24/Actor_01/03-01-02-01-02-01-01.wav,03-01-02-01-02-01-01.wav,calm,02,1,male,normal,2,Dogs are sitting by the door,1,speech,audio_only,48000,3.5035,0.038726806640625,0.004294505342841148,False,False,False,False,False,clean
/Users/devanshbansal/Desktop/ser/dataset/Audio_Speech_Actors_01-24/Actor_01/03-01-02-01-02-02-01.wav,03-01-02-01-02-02-01.wav,calm,02,1,male,normal,2,Dogs are sitting by the door,2,speech,audio_only,48000,3.4701458333333335,0.047332763671875,0.0045143011957407,False,False,False,False,False,clean
/Users/devanshbansal/Desktop/ser/dataset/Audio_Speech_Actors_01-24/Actor_01/03-01-02-02-01-01-01.wav,03-01-02-02-01-01-01.wav,calm,02,1,male,strong,1,Kids are talking by the door,1,speech,audio_only,48000,3.703708333333333,0.022735595703125,0.002413610927760601,False,False,False,False,False,clean
/Users/devanshbansal/Desktop/ser/dataset/Audio_Speech_Actors_01-24/Actor_01/03-01-02-02-01-02-01.wav,03-01-02-02-01-02-01.wav,calm,02,1,male,strong,1,Kids are talking by the door,2,speech,audio_only,48000,4.004,0.027130126953125,0.0026412159204483032,False,False,False,False,False,clean
/Users/devanshbansal/Desktop/ser/dataset/Audio_Speech_Actors_01-24/Actor_01/03-01-02-02-02-01-01.wav,03-01-02-02-02-01-01.wav,calm,02,1,male,strong,2,Dogs are sitting by the door,1,speech,audio_only,48000,4.204208333333334,0.022552490234375,0.003099818015471101,False,False,False,False,False,clean
/Users/devanshbansal/Desktop/ser/dataset/Audio_Speech_Actors_01-24/Actor_01/03-01-02-02-02-02-01.wav,03-01-02-02-02-02-01.wav,calm,02,1,male,strong,2,Dogs are sitting by the door,2,speech,audio_only,48000,4.004,0.02978515625,0.003410901175811887,False,False,False,False,False,clean
/Users/devanshbansal/Desktop/ser/dataset/Audio_Speech_Actors_01-24/Actor_01/03-01-03-01-01-01-01.wav,03-01-03-01-01-01-01.wav,happy,03,1,male,normal,1,Kids are talking by the door,1,speech,audio_only,48000,3.4701458333333335,0.058502197265625,0.007172900252044201,False,False,False,False,False,clean
/Users/devanshbansal/Desktop/ser/dataset/Audio_Speech_Actors_01-24/Actor_01/03-01-03-01-01-02-01.wav,03-01-03-01-01-02-01.wav,happy,03,1,male,normal,1,Kids are talking by the door,2,speech,audio_only,48000,3.470125,0.074981689453125,0.008320282213389874,False,False,False,False,False,clean
/Users/devanshbansal/Desktop/ser/dataset/Audio_Speech_Actors_01-24/Actor_01/03-01-03-01-02-01-01.wav,03-01-03-01-02-01-01.wav,happy,03,1,male,normal,2,Dogs are sitting by the door,1,speech,audio_only,48000,3.5368541666666666,0.050018310546875,0.006409137509763241,False,False,False,False,False,clean
/Users/devanshbansal/Desktop/ser/dataset/Audio_Speech_Actors_01-24/Actor_01/03-01-03-01-02-02-01.wav,03-01-03-01-02-02-01.wav,happy,03,1,male,normal,2,Dogs are sitting by the door,2,speech,audio_only,48000,3.703708333333333,0.044677734375,0.005991647485643625,False,False,False,False,False,clean
/Users/devanshbansal/Desktop/ser/dataset/Audio_Speech_Actors_01-24/Actor_01/03-01-03-02-01-01-01.wav,03-01-03-02-01-01-01.wav,happy,03,1,male,strong,1,Kids are talking by the door,1,speech,audio_only,48000,3.6703333333333332,0.126953125,0.01103049237281084,False,False,False,False,False,clean
/Users/devanshbansal/Desktop/ser/dataset/Audio_Speech_Actors_01-24/Actor_01/03-01-03-02-01-02-01.wav,03-01-03-02-01-02-01.wav,happy,03,1,male,strong,1,Kids are talking by the door,2,speech,audio_only,48000,3.6369583333333333,0.16583251953125,0.014462556689977646,False,False,False,False,False,clean
/Users/devanshbansal/Desktop/ser/dataset/Audio_Speech_Actors_01-24/Actor_01/03-01-03-02-02-01-01.wav,03-01-03-02-02-01-01.wav,happy,03,1,male,strong,2,Dogs are sitting by the door,1,speech,audio_only,48000,3.93725,0.127471923828125,0.017518894746899605,False,False,False,False,False,clean
/Users/devanshbansal/Desktop/ser/dataset/Audio_Speech_Actors_01-24/Actor_01/03-01-03-02-02-02-01.wav,03-01-03-02-02-02-01.wav,happy,03,1,male,strong,2,Dogs are sitting by the door,2,speech,audio_only,48000,3.9372708333333333,0.1395263671875,0.01633586920797825,False,False,False,False,False,clean
/Users/devanshbansal/Desktop/ser/dataset/Audio_Speech_Actors_01-24/Actor_01/03-01-04-01-01-01-01.wav,03-01-04-01-01-01-01.wav,sad,04,1,male,normal,1,Kids are talking by the door,1,speech,audio_only,48000,3.8371666666666666,0.045623779296875,0.0037387192714959383,False,False,False,False,False,clean
/Users/devanshbansal/Desktop/ser/dataset/Audio_Speech_Actors_01-24/Actor_01/03-01-04-01-01-02-01.wav,03-01-04-01-01-02-01.wav,sad,04,1,male,normal,1,Kids are talking by the door,2,speech,audio_only,48000,3.5702291666666666,0.041717529296875,0.003480493789538741,False,False,False,False,False,clean
/Users/devanshbansal/Desktop/ser/dataset/Audio_Speech_Actors_01-24/Actor_01/03-01-04-01-02-01-01.wav,03-01-04-01-02-01-01.wav,sad,04,1,male,normal,2,Dogs are sitting by the door,1,speech,audio_only,48000,3.5035,0.03192138671875,0.003021057927981019,False,False,False,False,False,clean
/Users/devanshbansal/Desktop/ser/dataset/Audio_Speech_Actors_01-24/Actor_01/03-01-04-01-02-02-01.wav,03-01-04-01-02-02-01.wav,sad,04,1,male,normal,2,Dogs are sitting by the door,2,speech,audio_only,48000,3.370041666666667,0.037078857421875,0.003945899195969105,False,False,False,False,False,clean
/Users/devanshbansal/Desktop/ser/dataset/Audio_Speech_Actors_01-24/Actor_01/03-01-04-02-01-01-01.wav,03-01-04-02-01-01-01.wav,sad,04,1,male,strong,1,Kids are talking by the door,1,speech,audio_only,48000,3.8037916666666667,0.0447998046875,0.004732837434858084,False,False,False,False,False,clean
/Users/devanshbansal/Desktop/ser/dataset/Audio_Speech_Actors_01-24/Actor_01/03-01-04-02-01-02-01.wav,03-01-04-02-01-02-01.wav,sad,04,1,male,strong,1,Kids are talking by the door,2,speech,audio_only,48000,3.703708333333333,0.10455322265625,0.008611271157860756,False,False,False,False,False,clean
/Users/devanshbansal/Desktop/ser/dataset/Audio_Speech_Actors_01-24/Actor_01/03-01-04-02-02-01-01.wav,03-01-04-02-02-01-01.wav,sad,04,1,male,strong,2,Dogs are sitting by the door,1,speech,audio_only,48000,3.7370833333333335,0.08233642578125,0.008392269723117352,False,False,False,False,False,clean
/Users/devanshbansal/Desktop/ser/dataset/Audio_Speech_Actors_01-24/Actor_01/03-01-04-02-02-02-01.wav,03-01-04-02-02-02-01.wav,sad,04,1,male,strong,2,Dogs are sitting by the door,2,speech,audio_only,48000,3.7370625,0.075103759765625,0.0097658047452569,False,False,False,False,False,clean
/Users/devanshbansal/Desktop/ser/dataset/Audio_Speech_Actors_01-24/Actor_01/03-01-05-01-01-01-01.wav,03-01-05-01-01-01-01.wav,angry,05,1,male,normal,1,Kids are talking by the door,1,speech,audio_only,48000,3.8705416666666665,0.18096923828125,0.015064570121467113,False,False,False,False,False,clean
/Users/devanshbansal/Desktop/ser/dataset/Audio_Speech_Actors_01-24/Actor_01/03-01-05-01-01-02-01.wav,03-01-05-01-01-02-01.wav,angry,05,1,male,normal,1,Kids are talking by the door,2,speech,audio_only,48000,3.9372708333333333,0.134796142578125,0.015829281881451607,False,False,False,False,False,clean
/Users/devanshbansal/Desktop/ser/dataset/Audio_Speech_Actors_01-24/Actor_01/03-01-05-01-02-01-01.wav,03-01-05-01-02-01-01.wav,angry,05,1,male,normal,2,Dogs are sitting by the door,1,speech,audio_only,48000,3.5035,0.1102294921875,0.012078898027539253,False,False,False,False,False,clean
/Users/devanshbansal/Desktop/ser/dataset/Audio_Speech_Actors_01-24/Actor_01/03-01-05-01-02-02-01.wav,03-01-05-01-02-02-01.wav,angry,05,1,male,normal,2,Dogs are sitting by the door,2,speech,audio_only,48000,3.7370625,0.181427001953125,0.01865324191749096,False,False,False,False,False,clean
/Users/devanshbansal/Desktop/ser/dataset/Audio_Speech_Actors_01-24/Actor_01/03-01-05-02-01-01-01.wav,03-01-05-02-01-01-01.wav,angry,05,1,male,strong,1,Kids are talking by the door,1,speech,audio_only,48000,4.104104166666667,0.81768798828125,0.08897252380847931,False,False,False,False,False,clean
/Users/devanshbansal/Desktop/ser/dataset/Audio_Speech_Actors_01-24/Actor_01/03-01-05-02-01-02-01.wav,03-01-05-02-01-02-01.wav,angry,05,1,male,strong,1,Kids are talking by the door,2,speech,audio_only,48000,4.371041666666667,0.56353759765625,0.05375795438885689,False,False,False,False,False,clean
/Users/devanshbansal/Desktop/ser/dataset/Audio_Speech_Actors_01-24/Actor_01/03-01-05-02-02-01-01.wav,03-01-05-02-02-01-01.wav,angry,05,1,male,strong,2,Dogs are sitting by the door,1,speech,audio_only,48000,4.137458333333333,0.602569580078125,0.05624742433428764,False,False,False,False,False,clean
/Users/devanshbansal/Desktop/ser/dataset/Audio_Speech_Actors_01-24/Actor_01/03-01-05-02-02-02-01.wav,03-01-05-02-02-02-01.wav,angry,05,1,male,strong,2,Dogs are sitting by the door,2,speech,audio_only,48000,4.437770833333333,0.998809814453125,0.14970125257968903,False,False,True,False,False,clipped
/Users/devanshbansal/Desktop/ser/dataset/Audio_Speech_Actors_01-24/Actor_01/03-01-06-01-01-01-01.wav,03-01-06-01-01-01-01.wav,fearful,06,1,male,normal,1,Kids are talking by the door,1,speech,audio_only,48000,3.6703333333333332,0.110260009765625,0.010111521929502487,False,False,False,False,False,clean
/Users/devanshbansal/Desktop/ser/dataset/Audio_Speech_Actors_01-24/Actor_01/03-01-06-01-01-02-01.wav,03-01-06-01-01-02-01.wav,fearful,06,1,male,normal,1,Kids are talking by the door,2,speech,audio_only,48000,3.636979166666667,0.058624267578125,0.009289662353694439,False,False,False,False,False,clean
/Users/devanshbansal/Desktop/ser/dataset/Audio_Speech_Actors_01-24/Actor_01/03-01-06-01-02-01-01.wav,03-01-06-01-02-01-01.wav,fearful,06,1,male,normal,2,Dogs are sitting by the door,1,speech,audio_only,48000,3.4367708333333336,0.064056396484375,0.008191191591322422,False,False,False,False,False,clean
/Users/devanshbansal/Desktop/ser/dataset/Audio_Speech_Actors_01-24/Actor_01/03-01-06-01-02-02-01.wav,03-01-06-01-02-02-01.wav,fearful,06,1,male,normal,2,Dogs are sitting by the door,2,speech,audio_only,48000,3.7036875,0.0611572265625,0.007422902621328831,False,False,False,False,False,clean
/Users/devanshbansal/Desktop/ser/dataset/Audio_Speech_Actors_01-24/Actor_01/03-01-06-02-01-01-01.wav,03-01-06-02-01-01-01.wav,fearful,06,1,male,strong,1,Kids are talking by the door,1,speech,audio_only,48000,5.005,0.334014892578125,0.03109271451830864,False,False,False,False,False,clean
/Users/devanshbansal/Desktop/ser/dataset/Audio_Speech_Actors_01-24/Actor_01/03-01-06-02-01-02-01.wav,03-01-06-02-01-02-01.wav,fearful,06,1,male,strong,1,Kids are talking by the door,2,speech,audio_only,48000,4.2375625,0.512725830078125,0.0401754193007946,False,False,False,False,False,clean
/Users/devanshbansal/Desktop/ser/dataset/Audio_Speech_Actors_01-24/Actor_01/03-01-06-02-02-01-01.wav,03-01-06-02-02-01-01.wav,fearful,06,1,male,strong,2,Dogs are sitting by the door,1,speech,audio_only,48000,3.970625,0.589111328125,0.06285861879587173,False,False,False,False,False,clean
/Users/devanshbansal/Desktop/ser/dataset/Audio_Speech_Actors_01-24/Actor_01/03-01-06-02-02-02-01.wav,03-01-06-02-02-02-01.wav,fearful,06,1,male,strong,2,Dogs are sitting by the door,2,speech,audio_only,48000,3.9039166666666665,0.498748779296875,0.042862869799137115,False,False,False,False,False,clean
/Users/devanshbansal/Desktop/ser/dataset/Audio_Speech_Actors_01-24/Actor_01/03-01-07-01-01-01-01.wav,03-01-07-01-01-01-01.wav,disgust,07,1,male,normal,1,Kids are talking by the door,1,speech,audio_only,48000,3.8705208333333334,0.033966064453125,0.0044189984910190105,False,False,False,False,False,clean
/Users/devanshbansal/Desktop/ser/dataset/Audio_Speech_Actors_01-24/Actor_01/03-01-07-01-01-02-01.wav,03-01-07-01-01-02-01.wav,disgust,07,1,male,normal,1,Kids are talking by the door,2,speech,audio_only,48000,3.9038958333333333,0.0545654296875,0.005243483930826187,False,False,False,False,False,clean
/Users/devanshbansal/Desktop/ser/dataset/Audio_Speech_Actors_01-24/Actor_01/03-01-07-01-02-01-01.wav,03-01-07-01-02-01-01.wav,disgust,07,1,male,normal,2,Dogs are sitting by the door,1,speech,audio_only,48000,3.9038958333333333,0.035736083984375,0.004453281871974468,False,False,False,False,False,clean
/Users/devanshbansal/Desktop/ser/dataset/Audio_Speech_Actors_01-24/Actor_01/03-01-07-01-02-02-01.wav,03-01-07-01-02-02-01.wav,disgust,07,1,male,normal,2,Dogs are sitting by the door,2,speech,audio_only,48000,3.8371666666666666,0.037994384765625,0.004891569726169109,False,False,False,False,False,clean
/Users/devanshbansal/Desktop/ser/dataset/Audio_Speech_Actors_01-24/Actor_01/03-01-07-02-01-01-01.wav,03-01-07-02-01-01-01.wav,disgust,07,1,male,strong,1,Kids are talking by the door,1,speech,audio_only,48000,4.304291666666667,0.201812744140625,0.02072794921696186,False,False,False,False,False,clean
/Users/devanshbansal/Desktop/ser/dataset/Audio_Speech_Actors_01-24/Actor_01/03-01-07-02-01-02-01.wav,03-01-07-02-01-02-01.wav,disgust,07,1,male,strong,1,Kids are talking by the door,2,speech,audio_only,48000,4.104104166666667,0.171539306640625,0.020742490887641907,False,False,False,False,False,clean
/Users/devanshbansal/Desktop/ser/dataset/Audio_Speech_Actors_01-24/Actor_01/03-01-07-02-02-01-01.wav,03-01-07-02-02-01-01.wav,disgust,07,1,male,strong,2,Dogs are sitting by the door,1,speech,audio_only,48000,4.037375,0.1824951171875,0.019093841314315796,False,False,False,False,False,clean
/Users/devanshbansal/Desktop/ser/dataset/Audio_Speech_Actors_01-24/Actor_01/03-01-07-02-02-02-01.wav,03-01-07-02-02-02-01.wav,disgust,07,1,male,strong,2,Dogs are sitting by the door,2,speech,audio_only,48000,4.371020833333334,0.1807861328125,0.019441118463873863,False,False,False,False,False,clean
/Users/devanshbansal/Desktop/ser/dataset/Audio_Speech_Actors_01-24/Actor_01/03-01-08-01-01-01-01.wav,03-01-08-01-01-01-01.wav,surprised,08,1,male,normal,1,Kids are talking by the door,1,speech,audio_only,48000,3.403395833333333,0.06622314453125,0.005816338118165731,False,False,False,False,False,clean
/Users/devanshbansal/Desktop/ser/dataset/Audio_Speech_Actors_01-24/Actor_01/03-01-08-01-01-02-01.wav,03-01-08-01-01-02-01.wav,surprised,08,1,male,normal,1,Kids are talking by the door,2,speech,audio_only,48000,3.2699166666666666,0.062255859375,0.005750185810029507,False,False,False,False,False,clean
/Users/devanshbansal/Desktop/ser/dataset/Audio_Speech_Actors_01-24/Actor_01/03-01-08-01-02-01-01.wav,03-01-08-01-02-01-01.wav,surprised,08,1,male,normal,2,Dogs are sitting by the door,1,speech,audio_only,48000,3.536875,0.07098388671875,0.005932664964348078,False,False,False,False,False,clean
/Users/devanshbansal/Desktop/ser/dataset/Audio_Speech_Actors_01-24/Actor_01/03-01-08-01-02-02-01.wav,03-01-08-01-02-02-01.wav,surprised,08,1,male,normal,2,Dogs are sitting by the door,2,speech,audio_only,48000,3.2699166666666666,0.067474365234375,0.0068497806787490845,False,False,False,False,False,clean
/Users/devanshbansal/Desktop/ser/dataset/Audio_Speech_Actors_01-24/Actor_01/03-01-08-02-01-01-01.wav,03-01-08-02-01-01-01.wav,surprised,08,1,male,strong,1,Kids are talking by the door,1,speech,audio_only,48000,3.43675,0.1143798828125,0.012245983816683292,False,False,False,False,False,clean
/Users/devanshbansal/Desktop/ser/dataset/Audio_Speech_Actors_01-24/Actor_01/03-01-08-02-01-02-01.wav,03-01-08-02-01-02-01.wav,surprised,08,1,male,strong,1,Kids are talking by the door,2,speech,audio_only,48000,3.5702291666666666,0.149627685546875,0.016739021986722946,False,False,False,False,False,clean
/Users/devanshbansal/Desktop/ser/dataset/Audio_Speech_Actors_01-24/Actor_01/03-01-08-02-02-01-01.wav,03-01-08-02-02-01-01.wav,surprised,08,1,male,strong,2,Dogs are sitting by the door,1,speech,audio_only,48000,3.5035,0.113861083984375,0.011375551111996174,False,False,False,False,False,clean
/Users/devanshbansal/Desktop/ser/dataset/Audio_Speech_Actors_01-24/Actor_01/03-01-08-02-02-02-01.wav,03-01-08-02-02-02-01.wav,surprised,08,1,male,strong,2,Dogs are sitting by the door,2,speech,audio_only,48000,3.2699375,0.116729736328125,0.016182849183678627,False,False,False,False,False,clean
/Users/devanshbansal/Desktop/ser/dataset/Audio_Speech_Actors_01-24/Actor_02/03-01-01-01-01-01-02.wav,03-01-01-01-01-01-02.wav,calm,01,2,female,normal,1,Kids are talking by the door,1,speech,audio_only,48000,3.6369583333333333,0.0771484375,0.00645402679219842,False,False,False,False,False,clean
/Users/devanshbansal/Desktop/ser/dataset/Audio_Speech_Actors_01-24/Actor_02/03-01-01-01-01-02-02.wav,03-01-01-01-01-02-02.wav,calm,01,2,female,normal,1,Kids are talking by the door,2,speech,audio_only,48000,3.6036041666666665,0.064117431640625,0.0061493078246712685,False,False,False,False,False,clean
/Users/devanshbansal/Desktop/ser/dataset/Audio_Speech_Actors_01-24/Actor_02/03-01-01-01-02-01-02.wav,03-01-01-01-02-01-02.wav,calm,01,2,female,normal,2,Dogs are sitting by the door,1,speech,audio_only,48000,3.7704166666666667,0.110382080078125,0.009507011622190475,False,False,False,False,False,clean
/Users/devanshbansal/Desktop/ser/dataset/Audio_Speech_Actors_01-24/Actor_02/03-01-01-01-02-02-02.wav,03-01-01-01-02-02-02.wav,calm,01,2,female,normal,2,Dogs are sitting by the door,2,speech,audio_only,48000,3.6035833333333334,0.09002685546875,0.008513573557138443,False,False,False,False,False,clean
/Users/devanshbansal/Desktop/ser/dataset/Audio_Speech_Actors_01-24/Actor_02/03-01-02-01-01-01-02.wav,03-01-02-01-01-01-02.wav,calm,02,2,female,normal,1,Kids are talking by the door,1,speech,audio_only,48000,3.8371666666666666,0.06695556640625,0.005660976283252239,False,False,False,False,False,clean
/Users/devanshbansal/Desktop/ser/dataset/Audio_Speech_Actors_01-24/Actor_02/03-01-02-01-01-02-02.wav,03-01-02-01-01-02-02.wav,calm,02,2,female,normal,1,Kids are talking by the door,2,speech,audio_only,48000,4.004,0.047454833984375,0.00563202565535903,False,False,False,False,False,clean
/Users/devanshbansal/Desktop/ser/dataset/Audio_Speech_Actors_01-24/Actor_02/03-01-02-01-02-01-02.wav,03-01-02-01-02-01-02.wav,calm,02,2,female,normal,2,Dogs are sitting by the door,1,speech,audio_only,48000,3.8371666666666666,0.06427001953125,0.006178609561175108,False,False,False,False,False,clean
/Users/devanshbansal/Desktop/ser/dataset/Audio_Speech_Actors_01-24/Actor_02/03-01-02-01-02-02-02.wav,03-01-02-01-02-02-02.wav,calm,02,2,female,normal,2,Dogs are sitting by the door,2,speech,audio_only,48000,3.970625,0.064697265625,0.005986534990370274,False,False,False,False,False,clean
/Users/devanshbansal/Desktop/ser/dataset/Audio_Speech_Actors_01-24/Actor_02/03-01-02-02-01-01-02.wav,03-01-02-02-01-01-02.wav,calm,02,2,female,strong,1,Kids are talking by the door,1,speech,audio_only,48000,4.137479166666667,0.04998779296875,0.00485721742734313,False,False,False,False,False,clean
/Users/devanshbansal/Desktop/ser/dataset/Audio_Speech_Actors_01-24/Actor_02/03-01-02-02-01-02-02.wav,03-01-02-02-01-02-02.wav,calm,02,2,female,strong,1,Kids are talking by the door,2,speech,audio_only,48000,4.037375,0.063446044921875,0.005298665724694729,False,False,False,False,False,clean
/Users/devanshbansal/Desktop/ser/dataset/Audio_Speech_Actors_01-24/Actor_02/03-01-02-02-02-01-02.wav,03-01-02-02-02-01-02.wav,calm,02,2,female,strong,2,Dogs are sitting by the door,1,speech,audio_only,48000,4.104104166666667,0.059112548828125,0.005701974965631962,False,False,False,False,False,clean
/Users/devanshbansal/Desktop/ser/dataset/Audio_Speech_Actors_01-24/Actor_02/03-01-02-02-02-02-02.wav,03-01-02-02-02-02-02.wav,calm,02,2,female,strong,2,Dogs are sitting by the door,2,speech,audio_only,48000,4.104104166666667,0.0416259765625,0.005219004116952419,False,False,False,False,False,clean
/Users/devanshbansal/Desktop/ser/dataset/Audio_Speech_Actors_01-24/Actor_02/03-01-03-01-01-01-02.wav,03-01-03-01-01-01-02.wav,happy,03,2,female,normal,1,Kids are talking by the door,1,speech,audio_only,48000,3.6036041666666665,0.173126220703125,0.012553204782307148,False,False,False,False,False,clean
/Users/devanshbansal/Desktop/ser/dataset/Audio_Speech_Actors_01-24/Actor_02/03-01-03-01-01-02-02.wav,03-01-03-01-01-02-02.wav,happy,03,2,female,normal,1,Kids are talking by the door,2,speech,audio_only,48000,3.7036875,0.143035888671875,0.010873544029891491,False,False,False,False,False,clean
/Users/devanshbansal/Desktop/ser/dataset/Audio_Speech_Actors_01-24/Actor_02/03-01-03-01-02-01-02.wav,03-01-03-01-02-01-02.wav,happy,03,2,female,normal,2,Dogs are sitting by the door,1,speech,audio_only,48000,3.7704375,0.144500732421875,0.012114801444113255,False,False,False,False,False,clean
/Users/devanshbansal/Desktop/ser/dataset/Audio_Speech_Actors_01-24/Actor_02/03-01-03-01-02-02-02.wav,03-01-03-01-02-02-02.wav,happy,03,2,female,normal,2,Dogs are sitting by the door,2,speech,audio_only,48000,3.7370833333333335,0.128326416015625,0.011911330744624138,False,False,False,False,False,clean
/Users/devanshbansal/Desktop/ser/dataset/Audio_Speech_Actors_01-24/Actor_02/03-01-03-02-01-01-02.wav,03-01-03-02-01-01-02.wav,happy,03,2,female,strong,1,Kids are talking by the door,1,speech,audio_only,48000,3.703708333333333,0.443450927734375,0.031466126441955566,False,False,False,False,False,clean
/Users/devanshbansal/Desktop/ser/dataset/Audio_Speech_Actors_01-24/Actor_02/03-01-03-02-01-02-02.wav,03-01-03-02-01-02-02.wav,happy,03,2,female,strong,1,Kids are talking by the door,2,speech,audio_only,48000,3.6703333333333332,0.484771728515625,0.032305385917425156,False,False,False,False,False,clean
/Users/devanshbansal/Desktop/ser/dataset/Audio_Speech_Actors_01-24/Actor_02/03-01-03-02-02-01-02.wav,03-01-03-02-02-01-02.wav,happy,03,2,female,strong,2,Dogs are sitting by the door,1,speech,audio_only,48000,3.703708333333333,0.281463623046875,0.02104913257062435,False,False,False,False,False,clean
/Users/devanshbansal/Desktop/ser/dataset/Audio_Speech_Actors_01-24/Actor_02/03-01-03-02-02-02-02.wav,03-01-03-02-02-02-02.wav,happy,03,2,female,strong,2,Dogs are sitting by the door,2,speech,audio_only,48000,3.8705208333333334,0.30291748046875,0.023041488602757454,False,False,False,False,False,clean
/Users/devanshbansal/Desktop/ser/dataset/Audio_Speech_Actors_01-24/Actor_02/03-01-04-01-01-01-02.wav,03-01-04-01-01-01-02.wav,sad,04,2,female,normal,1,Kids are talking by the door,1,speech,audio_only,48000,3.8371666666666666,0.042877197265625,0.004716978874057531,False,False,False,False,False,clean
/Users/devanshbansal/Desktop/ser/dataset/Audio_Speech_Actors_01-24/Actor_02/03-01-04-01-01-02-02.wav,03-01-04-01-01-02-02.wav,sad,04,2,female,normal,1,Kids are talking by the door,2,speech,audio_only,48000,3.7704375,0.076507568359375,0.005540688056498766,False,False,False,False,False,clean
/Users/devanshbansal/Desktop/ser/dataset/Audio_Speech_Actors_01-24/Actor_02/03-01-04-01-02-01-02.wav,03-01-04-01-02-01-02.wav,sad,04,2,female,normal,2,Dogs are sitting by the door,1,speech,audio_only,48000,3.7370625,0.071746826171875,0.005862392485141754,False,False,False,False,False,clean
/Users/devanshbansal/Desktop/ser/dataset/Audio_Speech_Actors_01-24/Actor_02/03-01-04-01-02-02-02.wav,03-01-04-01-02-02-02.wav,sad,04,2,female,normal,2,Dogs are sitting by the door,2,speech,audio_only,48000,3.7704375,0.070220947265625,0.005474830977618694,False,False,False,False,False,clean
/Users/devanshbansal/Desktop/ser/dataset/Audio_Speech_Actors_01-24/Actor_02/03-01-04-02-01-01-02.wav,03-01-04-02-01-01-02.wav,sad,04,2,female,strong,1,Kids are talking by the door,1,speech,audio_only,48000,3.7370833333333335,0.083709716796875,0.00527900131419301,False,False,False,False,False,clean
/Users/devanshbansal/Desktop/ser/dataset/Audio_Speech_Actors_01-24/Actor_02/03-01-04-02-01-02-02.wav,03-01-04-02-01-02-02.wav,sad,04,2,female,strong,1,Kids are talking by the door,2,speech,audio_only,48000,3.7704166666666667,0.055328369140625,0.004401764366775751,False,False,False,False,False,clean
/Users/devanshbansal/Desktop/ser/dataset/Audio_Speech_Actors_01-24/Actor_02/03-01-04-02-02-01-02.wav,03-01-04-02-02-01-02.wav,sad,04,2,female,strong,2,Dogs are sitting by the door,1,speech,audio_only,48000,3.7036875,0.0626220703125,0.0066230143420398235,False,False,False,False,False,clean
/Users/devanshbansal/Desktop/ser/dataset/Audio_Speech_Actors_01-24/Actor_02/03-01-04-02-02-02-02.wav,03-01-04-02-02-02-02.wav,sad,04,2,female,strong,2,Dogs are sitting by the door,2,speech,audio_only,48000,3.6703333333333332,0.0599365234375,0.005573400761932135,False,False,False,False,False,clean
/Users/devanshbansal/Desktop/ser/dataset/Audio_Speech_Actors_01-24/Actor_02/03-01-05-01-01-01-02.wav,03-01-05-01-01-01-02.wav,angry,05,2,female,normal,1,Kids are talking by the door,1,speech,audio_only,48000,3.6703333333333332,0.15972900390625,0.012110753916203976,False,False,False,False,False,clean
/Users/devanshbansal/Desktop/ser/dataset/Audio_Speech_Actors_01-24/Actor_02/03-01-05-01-01-02-02.wav,03-01-05-01-01-02-02.wav,angry,05,2,female,normal,1,Kids are talking by the door,2,speech,audio_only,48000,3.6703333333333332,0.16412353515625,0.013068773783743382,False,False,False,False,False,clean
/Users/devanshbansal/Desktop/ser/dataset/Audio_Speech_Actors_01-24/Actor_02/03-01-05-01-02-01-02.wav,03-01-05-01-02-01-02.wav,angry,05,2,female,normal,2,Dogs are sitting by the door,1,speech,audio_only,48000,3.7704166666666667,0.14898681640625,0.013859757222235203,False,False,False,False,False,clean
/Users/devanshbansal/Desktop/ser/dataset/Audio_Speech_Actors_01-24/Actor_02/03-01-05-01-02-02-02.wav,03-01-05-01-02-02-02.wav,angry,05,2,female,normal,2,Dogs are sitting by the door,2,speech,audio_only,48000,3.8037916666666667,0.16748046875,0.014013825915753841,False,False,False,False,False,clean
/Users/devanshbansal/Desktop/ser/dataset/Audio_Speech_Actors_01-24/Actor_02/03-01-05-02-01-01-02.wav,03-01-05-02-01-01-02.wav,angry,05,2,female,strong,1,Kids are talking by the door,1,speech,audio_only,48000,3.9039166666666665,0.47735595703125,0.04238877072930336,False,False,False,False,False,clean
/Users/devanshbansal/Desktop/ser/dataset/Audio_Speech_Actors_01-24/Actor_02/03-01-05-02-01-02-02.wav,03-01-05-02-01-02-02.wav,angry,05,2,female,strong,1,Kids are talking by the door,2,speech,audio_only,48000,4.004,0.382171630859375,0.033056989312171936,False,False,False,False,False,clean
/Users/devanshbansal/Desktop/ser/dataset/Audio_Speech_Actors_01-24/Actor_02/03-01-05-02-02-01-02.wav,03-01-05-02-02-01-02.wav,angry,05,2,female,strong,2,Dogs are sitting by the door,1,speech,audio_only,48000,4.004,0.998809814453125,0.08012896031141281,False,False,True,False,False,clipped
/Users/devanshbansal/Desktop/ser/dataset/Audio_Speech_Actors_01-24/Actor_02/03-01-05-02-02-02-02.wav,03-01-05-02-02-02-02.wav,angry,05,2,female,strong,2,Dogs are sitting by the door,2,speech,audio_only,48000,4.004,0.637451171875,0.06853185594081879,False,False,False,False,False,clean
/Users/devanshbansal/Desktop/ser/dataset/Audio_Speech_Actors_01-24/Actor_02/03-01-06-01-01-01-02.wav,03-01-06-01-01-01-02.wav,fearful,06,2,female,normal,1,Kids are talking by the door,1,speech,audio_only,48000,3.636979166666667,0.1336669921875,0.012599238194525242,False,False,False,False,False,clean
/Users/devanshbansal/Desktop/ser/dataset/Audio_Speech_Actors_01-24/Actor_02/03-01-06-01-01-02-02.wav,03-01-06-01-01-02-02.wav,fearful,06,2,female,normal,1,Kids are talking by the door,2,speech,audio_only,48000,3.7370625,0.122802734375,0.013394124805927277,False,False,False,False,False,clean
/Users/devanshbansal/Desktop/ser/dataset/Audio_Speech_Actors_01-24/Actor_02/03-01-06-01-02-01-02.wav,03-01-06-01-02-01-02.wav,fearful,06,2,female,normal,2,Dogs are sitting by the door,1,speech,audio_only,48000,3.6703333333333332,0.147796630859375,0.014404228888452053,False,False,False,False,False,clean
/Users/devanshbansal/Desktop/ser/dataset/Audio_Speech_Actors_01-24/Actor_02/03-01-06-01-02-02-02.wav,03-01-06-01-02-02-02.wav,fearful,06,2,female,normal,2,Dogs are sitting by the door,2,speech,audio_only,48000,3.7370625,0.138946533203125,0.014481635764241219,False,False,False,False,False,clean
/Users/devanshbansal/Desktop/ser/dataset/Audio_Speech_Actors_01-24/Actor_02/03-01-06-02-01-01-02.wav,03-01-06-02-01-01-02.wav,fearful,06,2,female,strong,1,Kids are talking by the door,1,speech,audio_only,48000,3.8037916666666667,0.28021240234375,0.024201281368732452,False,False,False,False,False,clean
/Users/devanshbansal/Desktop/ser/dataset/Audio_Speech_Actors_01-24/Actor_02/03-01-06-02-01-02-02.wav,03-01-06-02-01-02-02.wav,fearful,06,2,female,strong,1,Kids are talking by the door,2,speech,audio_only,48000,3.636979166666667,0.299652099609375,0.030172953382134438,False,False,False,False,False,clean
/Users/devanshbansal/Desktop/ser/dataset/Audio_Speech_Actors_01-24/Actor_02/03-01-06-02-02-01-02.wav,03-01-06-02-02-01-02.wav,fearful,06,2,female,strong,2,Dogs are sitting by the door,1,speech,audio_only,48000,3.6036041666666665,0.385009765625,0.03214539587497711,False,False,False,False,False,clean
/Users/devanshbansal/Desktop/ser/dataset/Audio_Speech_Actors_01-24/Actor_02/03-01-06-02-02-02-02.wav,03-01-06-02-02-02-02.wav,fearful,06,2,female,strong,2,Dogs are sitting by the door,2,speech,audio_only,48000,3.6036041666666665,0.33526611328125,0.028720179572701454,False,False,False,False,False,clean
/Users/devanshbansal/Desktop/ser/dataset/Audio_Speech_Actors_01-24/Actor_02/03-01-07-01-01-01-02.wav,03-01-07-01-01-01-02.wav,disgust,07,2,female,normal,1,Kids are talking by the door,1,speech,audio_only,48000,3.6703333333333332,0.047882080078125,0.005508876405656338,False,False,False,False,False,clean
/Users/devanshbansal/Desktop/ser/dataset/Audio_Speech_Actors_01-24/Actor_02/03-01-07-01-01-02-02.wav,03-01-07-01-01-02-02.wav,disgust,07,2,female,normal,1,Kids are talking by the door,2,speech,audio_only,48000,3.636979166666667,0.057861328125,0.005256129428744316,False,False,False,False,False,clean
/Users/devanshbansal/Desktop/ser/dataset/Audio_Speech_Actors_01-24/Actor_02/03-01-07-01-02-01-02.wav,03-01-07-01-02-01-02.wav,disgust,07,2,female,normal,2,Dogs are sitting by the door,1,speech,audio_only,48000,3.8705416666666665,0.0677490234375,0.00805690698325634,False,False,False,False,False,clean
/Users/devanshbansal/Desktop/ser/dataset/Audio_Speech_Actors_01-24/Actor_02/03-01-07-01-02-02-02.wav,03-01-07-01-02-02-02.wav,disgust,07,2,female,normal,2,Dogs are sitting by the door,2,speech,audio_only,48000,3.8371666666666666,0.07568359375,0.007452202495187521,False,False,False,False,False,clean
/Users/devanshbansal/Desktop/ser/dataset/Audio_Speech_Actors_01-24/Actor_02/03-01-07-02-01-01-02.wav,03-01-07-02-01-01-02.wav,disgust,07,2,female,strong,1,Kids are talking by the door,1,speech,audio_only,48000,4.137458333333333,0.10101318359375,0.009367760270833969,False,False,False,False,False,clean
/Users/devanshbansal/Desktop/ser/dataset/Audio_Speech_Actors_01-24/Actor_02/03-01-07-02-01-02-02.wav,03-01-07-02-01-02-02.wav,disgust,07,2,female,strong,1,Kids are talking by the door,2,speech,audio_only,48000,4.137458333333333,0.14031982421875,0.010914890095591545,False,False,False,False,False,clean
/Users/devanshbansal/Desktop/ser/dataset/Audio_Speech_Actors_01-24/Actor_02/03-01-07-02-02-01-02.wav,03-01-07-02-02-01-02.wav,disgust,07,2,female,strong,2,Dogs are sitting by the door,1,speech,audio_only,48000,4.004,0.09930419921875,0.012595582753419876,False,False,False,False,False,clean
/Users/devanshbansal/Desktop/ser/dataset/Audio_Speech_Actors_01-24/Actor_02/03-01-07-02-02-02-02.wav,03-01-07-02-02-02-02.wav,disgust,07,2,female,strong,2,Dogs are sitting by the door,2,speech,audio_only,48000,4.037375,0.160064697265625,0.012997628189623356,False,False,False,False,False,clean
/Users/devanshbansal/Desktop/ser/dataset/Audio_Speech_Actors_01-24/Actor_02/03-01-08-01-01-01-02.wav,03-01-08-01-01-01-02.wav,surprised,08,2,female,normal,1,Kids are talking by the door,1,speech,audio_only,48000,3.5368541666666666,0.1331787109375,0.012050180695950985,False,False,False,False,False,clean
/Users/devanshbansal/Desktop/ser/dataset/Audio_Speech_Actors_01-24/Actor_02/03-01-08-01-01-02-02.wav,03-01-08-01-01-02-02.wav,surprised,08,2,female,normal,1,Kids are talking by the door,2,speech,audio_only,48000,3.5368541666666666,0.102294921875,0.009217319078743458,False,False,False,False,False,clean
/Users/devanshbansal/Desktop/ser/dataset/Audio_Speech_Actors_01-24/Actor_02/03-01-08-01-02-01-02.wav,03-01-08-01-02-01-02.wav,surprised,08,2,female,normal,2,Dogs are sitting by the door,1,speech,audio_only,48000,3.6036041666666665,0.153564453125,0.011485802941024303,False,False,False,False,False,clean
/Users/devanshbansal/Desktop/ser/dataset/Audio_Speech_Actors_01-24/Actor_02/03-01-08-01-02-02-02.wav,03-01-08-01-02-02-02.wav,surprised,08,2,female,normal,2,Dogs are sitting by the door,2,speech,audio_only,48000,3.536875,0.136962890625,0.011724098585546017,False,False,False,False,False,clean
/Users/devanshbansal/Desktop/ser/dataset/Audio_Speech_Actors_01-24/Actor_02/03-01-08-02-01-01-02.wav,03-01-08-02-01-01-02.wav,surprised,08,2,female,strong,1,Kids are talking by the door,1,speech,audio_only,48000,3.7370625,0.14532470703125,0.014839439652860165,False,False,False,False,False,clean
/Users/devanshbansal/Desktop/ser/dataset/Audio_Speech_Actors_01-24/Actor_02/03-01-08-02-01-02-02.wav,03-01-08-02-01-02-02.wav,surprised,08,2,female,strong,1,Kids are talking by the door,2,speech,audio_only,48000,3.7704375,0.147125244140625,0.014619617722928524,False,False,False,False,False,clean
/Users/devanshbansal/Desktop/ser/dataset/Audio_Speech_Actors_01-24/Actor_02/03-01-08-02-02-01-02.wav,03-01-08-02-02-01-02.wav,surprised,08,2,female,strong,2,Dogs are sitting by the door,1,speech,audio_only,48000,3.7370833333333335,0.154693603515625,0.019288931041955948,False,False,False,False,False,clean
/Users/devanshbansal/Desktop/ser/dataset/Audio_Speech_Actors_01-24/Actor_02/03-01-08-02-02-02-02.wav,03-01-08-02-02-02-02.wav,surprised,08,2,female,strong,2,Dogs are sitting by the door,2,speech,audio_only,48000,3.8038125,0.276458740234375,0.021772950887680054,False,False,False,False,False,clean
/Users/devanshbansal/Desktop/ser/dataset/Audio_Speech_Actors_01-24/Actor_03/03-01-01-01-01-01-03.wav,03-01-01-01-01-01-03.wav,calm,01,3,male,normal,1,Kids are talking by the door,1,speech,audio_only,48000,3.4367708333333336,0.067779541015625,0.007147503551095724,False,False,False,False,False,clean
/Users/devanshbansal/Desktop/ser/dataset/Audio_Speech_Actors_01-24/Actor_03/03-01-01-01-01-02-03.wav,03-01-01-01-01-02-03.wav,calm,01,3,male,normal,1,Kids are talking by the door,2,speech,audio_only,48000,3.5035,0.06500244140625,0.006393494550138712,False,False,False,False,False,clean
/Users/devanshbansal/Desktop/ser/dataset/Audio_Speech_Actors_01-24/Actor_03/03-01-01-01-02-01-03.wav,03-01-01-01-02-01-03.wav,calm,01,3,male,normal,2,Dogs are sitting by the door,1,speech,audio_only,48000,3.5035,0.064453125,0.0071093360893428326,False,False,False,False,False,clean
/Users/devanshbansal/Desktop/ser/dataset/Audio_Speech_Actors_01-24/Actor_03/03-01-01-01-02-02-03.wav,03-01-01-01-02-02-03.wav,calm,01,3,male,normal,2,Dogs are sitting by the door,2,speech,audio_only,48000,3.4701458333333335,0.090240478515625,0.008228546939790249,False,False,False,False,False,clean
/Users/devanshbansal/Desktop/ser/dataset/Audio_Speech_Actors_01-24/Actor_03/03-01-02-01-01-01-03.wav,03-01-02-01-01-01-03.wav,calm,02,3,male,normal,1,Kids are talking by the door,1,speech,audio_only,48000,3.8371666666666666,0.0462646484375,0.004404539242386818,False,False,False,False,False,clean
/Users/devanshbansal/Desktop/ser/dataset/Audio_Speech_Actors_01-24/Actor_03/03-01-02-01-01-02-03.wav,03-01-02-01-01-02-03.wav,calm,02,3,male,normal,1,Kids are talking by the door,2,speech,audio_only,48000,3.7370625,0.058807373046875,0.004793144296854734,False,False,False,False,False,clean
/Users/devanshbansal/Desktop/ser/dataset/Audio_Speech_Actors_01-24/Actor_03/03-01-02-01-02-01-03.wav,03-01-02-01-02-01-03.wav,calm,02,3,male,normal,2,Dogs are sitting by the door,1,speech,audio_only,48000,3.8371666666666666,0.0489501953125,0.004456742666661739,False,False,False,False,False,clean
/Users/devanshbansal/Desktop/ser/dataset/Audio_Speech_Actors_01-24/Actor_03/03-01-02-01-02-02-03.wav,03-01-02-01-02-02-03.wav,calm,02,3,male,normal,2,Dogs are sitting by the door,2,speech,audio_only,48000,3.970625,0.10626220703125,0.011972424574196339,False,False,False,False,False,clean
/Users/devanshbansal/Desktop/ser/dataset/Audio_Speech_Actors_01-24/Actor_03/03-01-02-02-01-01-03.wav,03-01-02-02-01-01-03.wav,calm,02,3,male,strong,1,Kids are talking by the door,1,speech,audio_only,48000,4.037375,0.08355712890625,0.007183983456343412,False,False,False,False,False,clean
/Users/devanshbansal/Desktop/ser/dataset/Audio_Speech_Actors_01-24/Actor_03/03-01-02-02-01-02-03.wav,03-01-02-02-01-02-03.wav,calm,02,3,male,strong,1,Kids are talking by the door,2,speech,audio_only,48000,3.970645833333333,0.129150390625,0.012686116620898247,False,False,False,False,False,clean
/Users/devanshbansal/Desktop/ser/dataset/Audio_Speech_Actors_01-24/Actor_03/03-01-02-02-02-01-03.wav,03-01-02-02-02-01-03.wav,calm,02,3,male,strong,2,Dogs are sitting by the door,1,speech,audio_only,48000,4.137458333333333,0.128265380859375,0.01333621609956026,False,False,False,False,False,clean
/Users/devanshbansal/Desktop/ser/dataset/Audio_Speech_Actors_01-24/Actor_03/03-01-02-02-02-02-03.wav,03-01-02-02-02-02-03.wav,calm,02,3,male,strong,2,Dogs are sitting by the door,2,speech,audio_only,48000,4.004,0.126068115234375,0.012802748940885067,False,False,False,False,False,clean
/Users/devanshbansal/Desktop/ser/dataset/Audio_Speech_Actors_01-24/Actor_03/03-01-03-01-01-01-03.wav,03-01-03-01-01-01-03.wav,happy,03,3,male,normal,1,Kids are talking by the door,1,speech,audio_only,48000,3.7704166666666667,0.10003662109375,0.012918399646878242,False,False,False,False,False,clean
/Users/devanshbansal/Desktop/ser/dataset/Audio_Speech_Actors_01-24/Actor_03/03-01-03-01-01-02-03.wav,03-01-03-01-01-02-03.wav,happy,03,3,male,normal,1,Kids are talking by the door,2,speech,audio_only,48000,3.6035833333333334,0.148193359375,0.01726055145263672,False,False,False,False,False,clean
/Users/devanshbansal/Desktop/ser/dataset/Audio_Speech_Actors_01-24/Actor_03/03-01-03-01-02-01-03.wav,03-01-03-01-02-01-03.wav,happy,03,3,male,normal,2,Dogs are sitting by the door,1,speech,audio_only,48000,3.5035,0.148468017578125,0.01632942631840706,False,False,False,False,False,clean
/Users/devanshbansal/Desktop/ser/dataset/Audio_Speech_Actors_01-24/Actor_03/03-01-03-01-02-02-03.wav,03-01-03-01-02-02-03.wav,happy,03,3,male,normal,2,Dogs are sitting by the door,2,speech,audio_only,48000,3.5035,0.130645751953125,0.011297909542918205,False,False,False,False,False,clean
/Users/devanshbansal/Desktop/ser/dataset/Audio_Speech_Actors_01-24/Actor_03/03-01-03-02-01-01-03.wav,03-01-03-02-01-01-03.wav,happy,03,3,male,strong,1,Kids are talking by the door,1,speech,audio_only,48000,4.3043125,0.396087646484375,0.03745902702212334,False,False,False,False,False,clean
/Users/devanshbansal/Desktop/ser/dataset/Audio_Speech_Actors_01-24/Actor_03/03-01-03-02-01-02-03.wav,03-01-03-02-01-02-03.wav,happy,03,3,male,strong,1,Kids are talking by the door,2,speech,audio_only,48000,4.404395833333333,0.482818603515625,0.056810811161994934,False,False,False,False,False,clean
/Users/devanshbansal/Desktop/ser/dataset/Audio_Speech_Actors_01-24/Actor_03/03-01-03-02-02-01-03.wav,03-01-03-02-02-01-03.wav,happy,03,3,male,strong,2,Dogs are sitting by the door,1,speech,audio_only,48000,4.137458333333333,0.5966796875,0.06800075620412827,False,False,False,False,False,clean
/Users/devanshbansal/Desktop/ser/dataset/Audio_Speech_Actors_01-24/Actor_03/03-01-03-02-02-02-03.wav,03-01-03-02-02-02-03.wav,happy,03,3,male,strong,2,Dogs are sitting by the door,2,speech,audio_only,48000,3.8371666666666666,0.343994140625,0.03815682977437973,False,False,False,False,False,clean
/Users/devanshbansal/Desktop/ser/dataset/Audio_Speech_Actors_01-24/Actor_03/03-01-04-01-01-01-03.wav,03-01-04-01-01-01-03.wav,sad,04,3,male,normal,1,Kids are talking by the door,1,speech,audio_only,48000,3.6036041666666665,0.0576171875,0.00399013701826334,False,False,False,False,False,clean
/Users/devanshbansal/Desktop/ser/dataset/Audio_Speech_Actors_01-24/Actor_03/03-01-04-01-01-02-03.wav,03-01-04-01-01-02-03.wav,sad,04,3,male,normal,1,Kids are talking by the door,2,speech,audio_only,48000,3.5702291666666666,0.0347900390625,0.0036416167858988047,False,False,False,False,False,clean
/Users/devanshbansal/Desktop/ser/dataset/Audio_Speech_Actors_01-24/Actor_03/03-01-04-01-02-01-03.wav,03-01-04-01-02-01-03.wav,sad,04,3,male,normal,2,Dogs are sitting by the door,1,speech,audio_only,48000,3.5702291666666666,0.074188232421875,0.006416588090360165,False,False,False,False,False,clean
/Users/devanshbansal/Desktop/ser/dataset/Audio_Speech_Actors_01-24/Actor_03/03-01-04-01-02-02-03.wav,03-01-04-01-02-02-03.wav,sad,04,3,male,normal,2,Dogs are sitting by the door,2,speech,audio_only,48000,3.536875,0.06915283203125,0.006007783114910126,False,False,False,False,False,clean
/Users/devanshbansal/Desktop/ser/dataset/Audio_Speech_Actors_01-24/Actor_03/03-01-04-02-01-01-03.wav,03-01-04-02-01-01-03.wav,sad,04,3,male,strong,1,Kids are talking by the door,1,speech,audio_only,48000,3.7704375,0.1375732421875,0.019147513434290886,False,False,False,False,False,clean
/Users/devanshbansal/Desktop/ser/dataset/Audio_Speech_Actors_01-24/Actor_03/03-01-04-02-01-02-03.wav,03-01-04-02-01-02-03.wav,sad,04,3,male,strong,1,Kids are talking by the door,2,speech,audio_only,48000,3.8371666666666666,0.2166748046875,0.027377115562558174,False,False,False,False,False,clean
/Users/devanshbansal/Desktop/ser/dataset/Audio_Speech_Actors_01-24/Actor_03/03-01-04-02-02-01-03.wav,03-01-04-02-02-01-03.wav,sad,04,3,male,strong,2,Dogs are sitting by the door,1,speech,audio_only,48000,3.470125,0.360992431640625,0.03261859342455864,False,False,False,False,False,clean
/Users/devanshbansal/Desktop/ser/dataset/Audio_Speech_Actors_01-24/Actor_03/03-01-04-02-02-02-03.wav,03-01-04-02-02-02-03.wav,sad,04,3,male,strong,2,Dogs are sitting by the door,2,speech,audio_only,48000,3.7036875,0.22186279296875,0.026705631986260414,False,False,False,False,False,clean
/Users/devanshbansal/Desktop/ser/dataset/Audio_Speech_Actors_01-24/Actor_03/03-01-05-01-01-01-03.wav,03-01-05-01-01-01-03.wav,angry,05,3,male,normal,1,Kids are talking by the door,1,speech,audio_only,48000,4.004,0.05340576171875,0.004043660592287779,False,False,False,False,False,clean
/Users/devanshbansal/Desktop/ser/dataset/Audio_Speech_Actors_01-24/Actor_03/03-01-05-01-01-02-03.wav,03-01-05-01-01-02-03.wav,angry,05,3,male,normal,1,Kids are talking by the door,2,speech,audio_only,48000,4.070729166666666,0.18780517578125,0.01563853770494461,False,False,False,False,False,clean
/Users/devanshbansal/Desktop/ser/dataset/Audio_Speech_Actors_01-24/Actor_03/03-01-05-01-02-01-03.wav,03-01-05-01-02-01-03.wav,angry,05,3,male,normal,2,Dogs are sitting by the door,1,speech,audio_only,48000,3.8038125,0.0992431640625,0.011528133414685726,False,False,False,False,False,clean
/Users/devanshbansal/Desktop/ser/dataset/Audio_Speech_Actors_01-24/Actor_03/03-01-05-01-02-02-03.wav,03-01-05-01-02-02-03.wav,angry,05,3,male,normal,2,Dogs are sitting by the door,2,speech,audio_only,48000,3.8371666666666666,0.170166015625,0.01793416403234005,False,False,False,False,False,clean
/Users/devanshbansal/Desktop/ser/dataset/Audio_Speech_Actors_01-24/Actor_03/03-01-05-02-01-01-03.wav,03-01-05-02-01-01-03.wav,angry,05,3,male,strong,1,Kids are talking by the door,1,speech,audio_only,48000,4.404395833333333,0.96392822265625,0.08931674808263779,False,False,False,False,False,clean
/Users/devanshbansal/Desktop/ser/dataset/Audio_Speech_Actors_01-24/Actor_03/03-01-05-02-01-02-03.wav,03-01-05-02-01-02-03.wav,angry,05,3,male,strong,1,Kids are talking by the door,2,speech,audio_only,48000,4.404416666666667,0.998809814453125,0.08760397136211395,False,False,True,False,False,clipped
/Users/devanshbansal/Desktop/ser/dataset/Audio_Speech_Actors_01-24/Actor_03/03-01-05-02-02-01-03.wav,03-01-05-02-02-01-03.wav,angry,05,3,male,strong,2,Dogs are sitting by the door,1,speech,audio_only,48000,4.2375625,0.9420166015625,0.07933138310909271,False,False,False,False,False,clean
/Users/devanshbansal/Desktop/ser/dataset/Audio_Speech_Actors_01-24/Actor_03/03-01-05-02-02-02-03.wav,03-01-05-02-02-02-03.wav,angry,05,3,male,strong,2,Dogs are sitting by the door,2,speech,audio_only,48000,4.5045,0.981781005859375,0.10457230359315872,False,False,False,False,False,clean
/Users/devanshbansal/Desktop/ser/dataset/Audio_Speech_Actors_01-24/Actor_03/03-01-06-01-01-01-03.wav,03-01-06-01-01-01-03.wav,fearful,06,3,male,normal,1,Kids are talking by the door,1,speech,audio_only,48000,3.7370833333333335,0.07965087890625,0.006659794133156538,False,False,False,False,False,clean
/Users/devanshbansal/Desktop/ser/dataset/Audio_Speech_Actors_01-24/Actor_03/03-01-06-01-01-02-03.wav,03-01-06-01-01-02-03.wav,fearful,06,3,male,normal,1,Kids are talking by the door,2,speech,audio_only,48000,3.8371666666666666,0.14910888671875,0.011569084599614143,False,False,False,False,False,clean
/Users/devanshbansal/Desktop/ser/dataset/Audio_Speech_Actors_01-24/Actor_03/03-01-06-01-02-01-03.wav,03-01-06-01-02-01-03.wav,fearful,06,3,male,normal,2,Dogs are sitting by the door,1,speech,audio_only,48000,3.5035,0.127105712890625,0.013780082575976849,False,False,False,False,False,clean
/Users/devanshbansal/Desktop/ser/dataset/Audio_Speech_Actors_01-24/Actor_03/03-01-06-01-02-02-03.wav,03-01-06-01-02-02-03.wav,fearful,06,3,male,normal,2,Dogs are sitting by the door,2,speech,audio_only,48000,3.2032083333333334,0.138153076171875,0.012302421033382416,False,False,False,False,False,clean
/Users/devanshbansal/Desktop/ser/dataset/Audio_Speech_Actors_01-24/Actor_03/03-01-06-02-01-01-03.wav,03-01-06-02-01-01-03.wav,fearful,06,3,male,strong,1,Kids are talking by the door,1,speech,audio_only,48000,3.3033125,0.47705078125,0.03963496536016464,False,False,False,False,False,clean
/Users/devanshbansal/Desktop/ser/dataset/Audio_Speech_Actors_01-24/Actor_03/03-01-06-02-01-02-03.wav,03-01-06-02-01-02-03.wav,fearful,06,3,male,strong,1,Kids are talking by the door,2,speech,audio_only,48000,3.9038958333333333,0.776031494140625,0.07310668379068375,False,False,False,False,False,clean
/Users/devanshbansal/Desktop/ser/dataset/Audio_Speech_Actors_01-24/Actor_03/03-01-06-02-02-01-03.wav,03-01-06-02-02-01-03.wav,fearful,06,3,male,strong,2,Dogs are sitting by the door,1,speech,audio_only,48000,3.3033125,0.47918701171875,0.04573504999279976,False,False,False,False,False,clean
/Users/devanshbansal/Desktop/ser/dataset/Audio_Speech_Actors_01-24/Actor_03/03-01-06-02-02-02-03.wav,03-01-06-02-02-02-03.wav,fearful,06,3,male,strong,2,Dogs are sitting by the door,2,speech,audio_only,48000,3.4367708333333336,0.54302978515625,0.05963291972875595,False,False,False,False,False,clean
/Users/devanshbansal/Desktop/ser/dataset/Audio_Speech_Actors_01-24/Actor_03/03-01-07-01-01-01-03.wav,03-01-07-01-01-01-03.wav,disgust,07,3,male,normal,1,Kids are talking by the door,1,speech,audio_only,48000,4.037375,0.158203125,0.009292364120483398,False,False,False,False,False,clean
/Users/devanshbansal/Desktop/ser/dataset/Audio_Speech_Actors_01-24/Actor_03/03-01-07-01-01-02-03.wav,03-01-07-01-01-02-03.wav,disgust,07,3,male,normal,1,Kids are talking by the door,2,speech,audio_only,48000,3.970645833333333,0.071807861328125,0.006110093556344509,False,False,False,False,False,clean
/Users/devanshbansal/Desktop/ser/dataset/Audio_Speech_Actors_01-24/Actor_03/03-01-07-01-02-01-03.wav,03-01-07-01-02-01-03.wav,disgust,07,3,male,normal,2,Dogs are sitting by the door,1,speech,audio_only,48000,3.6036041666666665,0.074920654296875,0.006120386533439159,False,False,False,False,False,clean
/Users/devanshbansal/Desktop/ser/dataset/Audio_Speech_Actors_01-24/Actor_03/03-01-07-01-02-02-03.wav,03-01-07-01-02-02-03.wav,disgust,07,3,male,normal,2,Dogs are sitting by the door,2,speech,audio_only,48000,3.7704375,0.127777099609375,0.011017212644219398,False,False,False,False,False,clean
/Users/devanshbansal/Desktop/ser/dataset/Audio_Speech_Actors_01-24/Actor_03/03-01-07-02-01-01-03.wav,03-01-07-02-01-01-03.wav,disgust,07,3,male,strong,1,Kids are talking by the door,1,speech,audio_only,48000,4.104104166666667,0.109771728515625,0.0077721537090837955,False,False,False,False,False,clean
/Users/devanshbansal/Desktop/ser/dataset/Audio_Speech_Actors_01-24/Actor_03/03-01-07-02-01-02-03.wav,03-01-07-02-01-02-03.wav,disgust,07,3,male,strong,1,Kids are talking by the door,2,speech,audio_only,48000,4.104104166666667,0.085723876953125,0.007139367051422596,False,False,False,False,False,clean
/Users/devanshbansal/Desktop/ser/dataset/Audio_Speech_Actors_01-24/Actor_03/03-01-07-02-02-01-03.wav,03-01-07-02-02-01-03.wav,disgust,07,3,male,strong,2,Dogs are sitting by the door,1,speech,audio_only,48000,3.8371666666666666,0.163543701171875,0.014539210125803947,False,False,False,False,False,clean
/Users/devanshbansal/Desktop/ser/dataset/Audio_Speech_Actors_01-24/Actor_03/03-01-07-02-02-02-03.wav,03-01-07-02-02-02-03.wav,disgust,07,3,male,strong,2,Dogs are sitting by the door,2,speech,audio_only,48000,3.9372708333333333,0.2421875,0.02206072025001049,False,False,False,False,False,clean
/Users/devanshbansal/Desktop/ser/dataset/Audio_Speech_Actors_01-24/Actor_03/03-01-08-01-01-01-03.wav,03-01-08-01-01-01-03.wav,surprised,08,3,male,normal,1,Kids are talking by the door,1,speech,audio_only,48000,3.2365625,0.09326171875,0.011003730818629265,False,False,False,False,False,clean
/Users/devanshbansal/Desktop/ser/dataset/Audio_Speech_Actors_01-24/Actor_03/03-01-08-01-01-02-03.wav,03-01-08-01-01-02-03.wav,surprised,08,3,male,normal,1,Kids are talking by the door,2,speech,audio_only,48000,3.370041666666667,0.12603759765625,0.012566507793962955,False,False,False,False,False,clean
/Users/devanshbansal/Desktop/ser/dataset/Audio_Speech_Actors_01-24/Actor_03/03-01-08-01-02-01-03.wav,03-01-08-01-02-01-03.wav,surprised,08,3,male,normal,2,Dogs are sitting by the door,1,speech,audio_only,48000,3.2032083333333334,0.105621337890625,0.01026478223502636,False,False,False,False,False,clean
/Users/devanshbansal/Desktop/ser/dataset/Audio_Speech_Actors_01-24/Actor_03/03-01-08-01-02-02-03.wav,03-01-08-01-02-02-03.wav,surprised,08,3,male,normal,2,Dogs are sitting by the door,2,speech,audio_only,48000,3.5702291666666666,0.1455078125,0.01557866856455803,False,False,False,False,False,clean
/Users/devanshbansal/Desktop/ser/dataset/Audio_Speech_Actors_01-24/Actor_03/03-01-08-02-01-01-03.wav,03-01-08-02-01-01-03.wav,surprised,08,3,male,strong,1,Kids are talking by the door,1,speech,audio_only,48000,3.2699375,0.243621826171875,0.023443255573511124,False,False,False,False,False,clean
/Users/devanshbansal/Desktop/ser/dataset/Audio_Speech_Actors_01-24/Actor_03/03-01-08-02-01-02-03.wav,03-01-08-02-01-02-03.wav,surprised,08,3,male,strong,1,Kids are talking by the door,2,speech,audio_only,48000,3.6036041666666665,0.4708251953125,0.02957959473133087,False,False,False,False,False,clean
/Users/devanshbansal/Desktop/ser/dataset/Audio_Speech_Actors_01-24/Actor_03/03-01-08-02-02-01-03.wav,03-01-08-02-02-01-03.wav,surprised,08,3,male,strong,2,Dogs are sitting by the door,1,speech,audio_only,48000,3.5035,0.366180419921875,0.029830042272806168,False,False,False,False,False,clean
/Users/devanshbansal/Desktop/ser/dataset/Audio_Speech_Actors_01-24/Actor_03/03-01-08-02-02-02-03.wav,03-01-08-02-02-02-03.wav,surprised,08,3,male,strong,2,Dogs are sitting by the door,2,speech,audio_only,48000,3.2365625,0.19012451171875,0.017968997359275818,False,False,False,False,False,clean
/Users/devanshbansal/Desktop/ser/dataset/Audio_Speech_Actors_01-24/Actor_04/03-01-01-01-01-01-04.wav,03-01-01-01-01-01-04.wav,calm,01,4,female,normal,1,Kids are talking by the door,1,speech,audio_only,48000,3.3032916666666665,0.0418701171875,0.00429679686203599,False,False,False,False,False,clean
/Users/devanshbansal/Desktop/ser/dataset/Audio_Speech_Actors_01-24/Actor_04/03-01-01-01-01-02-04.wav,03-01-01-01-01-02-04.wav,calm,01,4,female,normal,1,Kids are talking by the door,2,speech,audio_only,48000,3.370041666666667,0.046051025390625,0.004696696996688843,False,False,False,False,False,clean
/Users/devanshbansal/Desktop/ser/dataset/Audio_Speech_Actors_01-24/Actor_04/03-01-01-01-02-01-04.wav,03-01-01-01-02-01-04.wav,calm,01,4,female,normal,2,Dogs are sitting by the door,1,speech,audio_only,48000,3.2699375,0.054779052734375,0.004518675152212381,False,False,False,False,False,clean
/Users/devanshbansal/Desktop/ser/dataset/Audio_Speech_Actors_01-24/Actor_04/03-01-01-01-02-02-04.wav,03-01-01-01-02-02-04.wav,calm,01,4,female,normal,2,Dogs are sitting by the door,2,speech,audio_only,48000,3.2365625,0.042236328125,0.0037786047905683517,False,False,False,False,False,clean
/Users/devanshbansal/Desktop/ser/dataset/Audio_Speech_Actors_01-24/Actor_04/03-01-02-01-01-01-04.wav,03-01-02-01-01-01-04.wav,calm,02,4,female,normal,1,Kids are talking by the door,1,speech,audio_only,48000,3.8037916666666667,0.042877197265625,0.004515369422733784,False,False,False,False,False,clean
/Users/devanshbansal/Desktop/ser/dataset/Audio_Speech_Actors_01-24/Actor_04/03-01-02-01-01-02-04.wav,03-01-02-01-01-02-04.wav,calm,02,4,female,normal,1,Kids are talking by the door,2,speech,audio_only,48000,3.7370625,0.031036376953125,0.00468131760135293,False,False,False,False,False,clean
/Users/devanshbansal/Desktop/ser/dataset/Audio_Speech_Actors_01-24/Actor_04/03-01-02-01-02-01-04.wav,03-01-02-01-02-01-04.wav,calm,02,4,female,normal,2,Dogs are sitting by the door,1,speech,audio_only,48000,3.636979166666667,0.038177490234375,0.006158818956464529,False,False,False,False,False,clean
/Users/devanshbansal/Desktop/ser/dataset/Audio_Speech_Actors_01-24/Actor_04/03-01-02-01-02-02-04.wav,03-01-02-01-02-02-04.wav,calm,02,4,female,normal,2,Dogs are sitting by the door,2,speech,audio_only,48000,3.57025,0.030303955078125,0.00430869497358799,False,False,False,False,False,clean
/Users/devanshbansal/Desktop/ser/dataset/Audio_Speech_Actors_01-24/Actor_04/03-01-02-02-01-01-04.wav,03-01-02-02-01-01-04.wav,calm,02,4,female,strong,1,Kids are talking by the door,1,speech,audio_only,48000,3.970625,0.033203125,0.004169812425971031,False,False,False,False,False,clean
/Users/devanshbansal/Desktop/ser/dataset/Audio_Speech_Actors_01-24/Actor_04/03-01-02-02-01-02-04.wav,03-01-02-02-01-02-04.wav,calm,02,4,female,strong,1,Kids are talking by the door,2,speech,audio_only,48000,3.8038125,0.034393310546875,0.004381242208182812,False,False,False,False,False,clean
/Users/devanshbansal/Desktop/ser/dataset/Audio_Speech_Actors_01-24/Actor_04/03-01-02-02-02-01-04.wav,03-01-02-02-02-01-04.wav,calm,02,4,female,strong,2,Dogs are sitting by the door,1,speech,audio_only,48000,3.8037916666666667,0.036376953125,0.004932221956551075,False,False,False,False,False,clean
/Users/devanshbansal/Desktop/ser/dataset/Audio_Speech_Actors_01-24/Actor_04/03-01-02-02-02-02-04.wav,03-01-02-02-02-02-04.wav,calm,02,4,female,strong,2,Dogs are sitting by the door,2,speech,audio_only,48000,4.037375,0.0390625,0.004383827559649944,False,False,False,False,False,clean
/Users/devanshbansal/Desktop/ser/dataset/Audio_Speech_Actors_01-24/Actor_04/03-01-03-01-01-01-04.wav,03-01-03-01-01-01-04.wav,happy,03,4,female,normal,1,Kids are talking by the door,1,speech,audio_only,48000,3.5035,0.08233642578125,0.007573346141725779,False,False,False,False,False,clean
/Users/devanshbansal/Desktop/ser/dataset/Audio_Speech_Actors_01-24/Actor_04/03-01-03-01-01-02-04.wav,03-01-03-01-01-02-04.wav,happy,03,4,female,normal,1,Kids are talking by the door,2,speech,audio_only,48000,3.5368541666666666,0.124542236328125,0.011459660716354847,False,False,False,False,False,clean
/Users/devanshbansal/Desktop/ser/dataset/Audio_Speech_Actors_01-24/Actor_04/03-01-03-01-02-01-04.wav,03-01-03-01-02-01-04.wav,happy,03,4,female,normal,2,Dogs are sitting by the door,1,speech,audio_only,48000,3.5035,0.077178955078125,0.008671832270920277,False,False,False,False,False,clean
/Users/devanshbansal/Desktop/ser/dataset/Audio_Speech_Actors_01-24/Actor_04/03-01-03-01-02-02-04.wav,03-01-03-01-02-02-04.wav,happy,03,4,female,normal,2,Dogs are sitting by the door,2,speech,audio_only,48000,3.4367708333333336,0.09210205078125,0.011582577601075172,False,False,False,False,False,clean
/Users/devanshbansal/Desktop/ser/dataset/Audio_Speech_Actors_01-24/Actor_04/03-01-03-02-01-01-04.wav,03-01-03-02-01-01-04.wav,happy,03,4,female,strong,1,Kids are talking by the door,1,speech,audio_only,48000,3.8705416666666665,0.2274169921875,0.02375022880733013,False,False,False,False,False,clean
/Users/devanshbansal/Desktop/ser/dataset/Audio_Speech_Actors_01-24/Actor_04/03-01-03-02-01-02-04.wav,03-01-03-02-01-02-04.wav,happy,03,4,female,strong,1,Kids are talking by the door,2,speech,audio_only,48000,3.5702291666666666,0.334197998046875,0.03149794042110443,False,False,False,False,False,clean
/Users/devanshbansal/Desktop/ser/dataset/Audio_Speech_Actors_01-24/Actor_04/03-01-03-02-02-01-04.wav,03-01-03-02-02-01-04.wav,happy,03,4,female,strong,2,Dogs are sitting by the door,1,speech,audio_only,48000,3.6036041666666665,0.2620849609375,0.027312029153108597,False,False,False,False,False,clean
/Users/devanshbansal/Desktop/ser/dataset/Audio_Speech_Actors_01-24/Actor_04/03-01-03-02-02-02-04.wav,03-01-03-02-02-02-04.wav,happy,03,4,female,strong,2,Dogs are sitting by the door,2,speech,audio_only,48000,3.7704166666666667,0.472900390625,0.041372478008270264,False,False,False,False,False,clean
/Users/devanshbansal/Desktop/ser/dataset/Audio_Speech_Actors_01-24/Actor_04/03-01-04-01-01-01-04.wav,03-01-04-01-01-01-04.wav,sad,04,4,female,normal,1,Kids are talking by the door,1,speech,audio_only,48000,3.370041666666667,0.047088623046875,0.0044737826101481915,False,False,False,False,False,clean
/Users/devanshbansal/Desktop/ser/dataset/Audio_Speech_Actors_01-24/Actor_04/03-01-04-01-01-02-04.wav,03-01-04-01-01-02-04.wav,sad,04,4,female,normal,1,Kids are talking by the door,2,speech,audio_only,48000,3.403395833333333,0.12213134765625,0.012621477246284485,False,False,False,False,False,clean
/Users/devanshbansal/Desktop/ser/dataset/Audio_Speech_Actors_01-24/Actor_04/03-01-04-01-02-01-04.wav,03-01-04-01-02-01-04.wav,sad,04,4,female,normal,2,Dogs are sitting by the door,1,speech,audio_only,48000,3.4367708333333336,0.114227294921875,0.012872547842562199,False,False,False,False,False,clean
/Users/devanshbansal/Desktop/ser/dataset/Audio_Speech_Actors_01-24/Actor_04/03-01-04-01-02-02-04.wav,03-01-04-01-02-02-04.wav,sad,04,4,female,normal,2,Dogs are sitting by the door,2,speech,audio_only,48000,3.470125,0.12750244140625,0.012166357599198818,False,False,False,False,False,clean
/Users/devanshbansal/Desktop/ser/dataset/Audio_Speech_Actors_01-24/Actor_04/03-01-04-02-01-01-04.wav,03-01-04-02-01-01-04.wav,sad,04,4,female,strong,1,Kids are talking by the door,1,speech,audio_only,48000,3.6703333333333332,0.193267822265625,0.021264836192131042,False,False,False,False,False,clean
/Users/devanshbansal/Desktop/ser/dataset/Audio_Speech_Actors_01-24/Actor_04/03-01-04-02-01-02-04.wav,03-01-04-02-01-02-04.wav,sad,04,4,female,strong,1,Kids are talking by the door,2,speech,audio_only,48000,3.7704375,0.245208740234375,0.0274079330265522,False,False,False,False,False,clean
/Users/devanshbansal/Desktop/ser/dataset/Audio_Speech_Actors_01-24/Actor_04/03-01-04-02-02-01-04.wav,03-01-04-02-02-01-04.wav,sad,04,4,female,strong,2,Dogs are sitting by the door,1,speech,audio_only,48000,3.7704375,0.46484375,0.050442881882190704,False,False,False,False,False,clean
/Users/devanshbansal/Desktop/ser/dataset/Audio_Speech_Actors_01-24/Actor_04/03-01-04-02-02-02-04.wav,03-01-04-02-02-02-04.wav,sad,04,4,female,strong,2,Dogs are sitting by the door,2,speech,audio_only,48000,3.7704375,0.33209228515625,0.03292505815625191,False,False,False,False,False,clean
/Users/devanshbansal/Desktop/ser/dataset/Audio_Speech_Actors_01-24/Actor_04/03-01-05-01-01-01-04.wav,03-01-05-01-01-01-04.wav,angry,05,4,female,normal,1,Kids are talking by the door,1,speech,audio_only,48000,3.703708333333333,0.195892333984375,0.014283905737102032,False,False,False,False,False,clean
/Users/devanshbansal/Desktop/ser/dataset/Audio_Speech_Actors_01-24/Actor_04/03-01-05-01-01-02-04.wav,03-01-05-01-01-02-04.wav,angry,05,4,female,normal,1,Kids are talking by the door,2,speech,audio_only,48000,3.6036041666666665,0.217498779296875,0.018429450690746307,False,False,False,False,False,clean
/Users/devanshbansal/Desktop/ser/dataset/Audio_Speech_Actors_01-24/Actor_04/03-01-05-01-02-01-04.wav,03-01-05-01-02-01-04.wav,angry,05,4,female,normal,2,Dogs are sitting by the door,1,speech,audio_only,48000,3.470125,0.15533447265625,0.01912037655711174,False,False,False,False,False,clean
/Users/devanshbansal/Desktop/ser/dataset/Audio_Speech_Actors_01-24/Actor_04/03-01-05-01-02-02-04.wav,03-01-05-01-02-02-04.wav,angry,05,4,female,normal,2,Dogs are sitting by the door,2,speech,audio_only,48000,3.7370625,0.10369873046875,0.012798034586012363,False,False,False,False,False,clean
/Users/devanshbansal/Desktop/ser/dataset/Audio_Speech_Actors_01-24/Actor_04/03-01-05-02-01-01-04.wav,03-01-05-02-01-01-04.wav,angry,05,4,female,strong,1,Kids are talking by the door,1,speech,audio_only,48000,3.7704375,0.84295654296875,0.06953674554824829,False,False,False,False,False,clean
/Users/devanshbansal/Desktop/ser/dataset/Audio_Speech_Actors_01-24/Actor_04/03-01-05-02-01-02-04.wav,03-01-05-02-01-02-04.wav,angry,05,4,female,strong,1,Kids are talking by the door,2,speech,audio_only,48000,3.8705208333333334,0.5963134765625,0.05031893774867058,False,False,False,False,False,clean
/Users/devanshbansal/Desktop/ser/dataset/Audio_Speech_Actors_01-24/Actor_04/03-01-05-02-02-01-04.wav,03-01-05-02-02-01-04.wav,angry,05,4,female,strong,2,Dogs are sitting by the door,1,speech,audio_only,48000,3.7036875,0.998809814453125,0.07224828004837036,False,False,True,False,False,clipped
/Users/devanshbansal/Desktop/ser/dataset/Audio_Speech_Actors_01-24/Actor_04/03-01-05-02-02-02-04.wav,03-01-05-02-02-02-04.wav,angry,05,4,female,strong,2,Dogs are sitting by the door,2,speech,audio_only,48000,3.8371666666666666,0.598541259765625,0.04504864290356636,False,False,False,False,False,clean
/Users/devanshbansal/Desktop/ser/dataset/Audio_Speech_Actors_01-24/Actor_04/03-01-06-01-01-01-04.wav,03-01-06-01-01-01-04.wav,fearful,06,4,female,normal,1,Kids are talking by the door,1,speech,audio_only,48000,3.3032916666666665,0.135955810546875,0.014744109474122524,False,False,False,False,False,clean
/Users/devanshbansal/Desktop/ser/dataset/Audio_Speech_Actors_01-24/Actor_04/03-01-06-01-01-02-04.wav,03-01-06-01-01-02-04.wav,fearful,06,4,female,normal,1,Kids are talking by the door,2,speech,audio_only,48000,3.2365833333333334,0.150787353515625,0.017420286312699318,False,False,False,False,False,clean
/Users/devanshbansal/Desktop/ser/dataset/Audio_Speech_Actors_01-24/Actor_04/03-01-06-01-02-01-04.wav,03-01-06-01-02-01-04.wav,fearful,06,4,female,normal,2,Dogs are sitting by the door,1,speech,audio_only,48000,3.470125,0.145904541015625,0.017609186470508575,False,False,False,False,False,clean
/Users/devanshbansal/Desktop/ser/dataset/Audio_Speech_Actors_01-24/Actor_04/03-01-06-01-02-02-04.wav,03-01-06-01-02-02-04.wav,fearful,06,4,female,normal,2,Dogs are sitting by the door,2,speech,audio_only,48000,3.470125,0.138214111328125,0.017118696123361588,False,False,False,False,False,clean
/Users/devanshbansal/Desktop/ser/dataset/Audio_Speech_Actors_01-24/Actor_04/03-01-06-02-01-01-04.wav,03-01-06-02-01-01-04.wav,fearful,06,4,female,strong,1,Kids are talking by the door,1,speech,audio_only,48000,3.9372708333333333,0.3572998046875,0.04193845018744469,False,False,False,False,False,clean
/Users/devanshbansal/Desktop/ser/dataset/Audio_Speech_Actors_01-24/Actor_04/03-01-06-02-01-02-04.wav,03-01-06-02-01-02-04.wav,fearful,06,4,female,strong,1,Kids are talking by the door,2,speech,audio_only,48000,3.403395833333333,0.443603515625,0.04566863924264908,False,False,False,False,False,clean
/Users/devanshbansal/Desktop/ser/dataset/Audio_Speech_Actors_01-24/Actor_04/03-01-06-02-02-01-04.wav,03-01-06-02-02-01-04.wav,fearful,06,4,female,strong,2,Dogs are sitting by the door,1,speech,audio_only,48000,3.6036041666666665,0.49609375,0.05814627185463905,False,False,False,False,False,clean
/Users/devanshbansal/Desktop/ser/dataset/Audio_Speech_Actors_01-24/Actor_04/03-01-06-02-02-02-04.wav,03-01-06-02-02-02-04.wav,fearful,06,4,female,strong,2,Dogs are sitting by the door,2,speech,audio_only,48000,3.5702291666666666,0.580596923828125,0.056711308658123016,False,False,False,False,False,clean
/Users/devanshbansal/Desktop/ser/dataset/Audio_Speech_Actors_01-24/Actor_04/03-01-07-01-01-01-04.wav,03-01-07-01-01-01-04.wav,disgust,07,4,female,normal,1,Kids are talking by the door,1,speech,audio_only,48000,3.9039166666666665,0.084716796875,0.008603032678365707,False,False,False,False,False,clean
/Users/devanshbansal/Desktop/ser/dataset/Audio_Speech_Actors_01-24/Actor_04/03-01-07-01-01-02-04.wav,03-01-07-01-01-02-04.wav,disgust,07,4,female,normal,1,Kids are talking by the door,2,speech,audio_only,48000,3.9038958333333333,0.082305908203125,0.009674681350588799,False,False,False,False,False,clean
/Users/devanshbansal/Desktop/ser/dataset/Audio_Speech_Actors_01-24/Actor_04/03-01-07-01-02-01-04.wav,03-01-07-01-02-01-04.wav,disgust,07,4,female,normal,2,Dogs are sitting by the door,1,speech,audio_only,48000,3.7704375,0.1221923828125,0.013670145533978939,False,False,False,False,False,clean
/Users/devanshbansal/Desktop/ser/dataset/Audio_Speech_Actors_01-24/Actor_04/03-01-07-01-02-02-04.wav,03-01-07-01-02-02-04.wav,disgust,07,4,female,normal,2,Dogs are sitting by the door,2,speech,audio_only,48000,3.8038125,0.1705322265625,0.01605815440416336,False,False,False,False,False,clean
/Users/devanshbansal/Desktop/ser/dataset/Audio_Speech_Actors_01-24/Actor_04/03-01-07-02-01-01-04.wav,03-01-07-02-01-01-04.wav,disgust,07,4,female,strong,1,Kids are talking by the door,1,speech,audio_only,48000,4.004,0.267791748046875,0.02818240225315094,False,False,False,False,False,clean
/Users/devanshbansal/Desktop/ser/dataset/Audio_Speech_Actors_01-24/Actor_04/03-01-07-02-01-02-04.wav,03-01-07-02-01-02-04.wav,disgust,07,4,female,strong,1,Kids are talking by the door,2,speech,audio_only,48000,4.037375,0.209014892578125,0.02336297556757927,False,False,False,False,False,clean
/Users/devanshbansal/Desktop/ser/dataset/Audio_Speech_Actors_01-24/Actor_04/03-01-07-02-02-01-04.wav,03-01-07-02-02-01-04.wav,disgust,07,4,female,strong,2,Dogs are sitting by the door,1,speech,audio_only,48000,3.8705416666666665,0.12579345703125,0.016496386379003525,False,False,False,False,False,clean
/Users/devanshbansal/Desktop/ser/dataset/Audio_Speech_Actors_01-24/Actor_04/03-01-07-02-02-02-04.wav,03-01-07-02-02-02-04.wav,disgust,07,4,female,strong,2,Dogs are sitting by the door,2,speech,audio_only,48000,3.9372708333333333,0.202880859375,0.021741382777690887,False,False,False,False,False,clean
/Users/devanshbansal/Desktop/ser/dataset/Audio_Speech_Actors_01-24/Actor_04/03-01-08-01-01-01-04.wav,03-01-08-01-01-01-04.wav,surprised,08,4,female,normal,1,Kids are talking by the door,1,speech,audio_only,48000,3.2365833333333334,0.092620849609375,0.011141262017190456,False,False,False,False,False,clean
/Users/devanshbansal/Desktop/ser/dataset/Audio_Speech_Actors_01-24/Actor_04/03-01-08-01-01-02-04.wav,03-01-08-01-01-02-04.wav,surprised,08,4,female,normal,1,Kids are talking by the door,2,speech,audio_only,48000,3.3366666666666664,0.124053955078125,0.014927583746612072,False,False,False,False,False,clean
/Users/devanshbansal/Desktop/ser/dataset/Audio_Speech_Actors_01-24/Actor_04/03-01-08-01-02-01-04.wav,03-01-08-01-02-01-04.wav,surprised,08,4,female,normal,2,Dogs are sitting by the door,1,speech,audio_only,48000,3.6369583333333333,0.155609130859375,0.016948187723755836,False,False,False,False,False,clean
/Users/devanshbansal/Desktop/ser/dataset/Audio_Speech_Actors_01-24/Actor_04/03-01-08-01-02-02-04.wav,03-01-08-01-02-02-04.wav,surprised,08,4,female,normal,2,Dogs are sitting by the door,2,speech,audio_only,48000,3.43675,0.17230224609375,0.017676515504717827,False,False,False,False,False,clean
/Users/devanshbansal/Desktop/ser/dataset/Audio_Speech_Actors_01-24/Actor_04/03-01-08-02-01-01-04.wav,03-01-08-02-01-01-04.wav,surprised,08,4,female,strong,1,Kids are talking by the door,1,speech,audio_only,48000,3.6703333333333332,0.35931396484375,0.034575797617435455,False,False,False,False,False,clean
/Users/devanshbansal/Desktop/ser/dataset/Audio_Speech_Actors_01-24/Actor_04/03-01-08-02-01-02-04.wav,03-01-08-02-01-02-04.wav,surprised,08,4,female,strong,1,Kids are talking by the door,2,speech,audio_only,48000,3.5702291666666666,0.23028564453125,0.029737355187535286,False,False,False,False,False,clean
/Users/devanshbansal/Desktop/ser/dataset/Audio_Speech_Actors_01-24/Actor_04/03-01-08-02-02-01-04.wav,03-01-08-02-02-01-04.wav,surprised,08,4,female,strong,2,Dogs are sitting by the door,1,speech,audio_only,48000,3.470125,0.23046875,0.032024599611759186,False,False,False,False,False,clean
/Users/devanshbansal/Desktop/ser/dataset/Audio_Speech_Actors_01-24/Actor_04/03-01-08-02-02-02-04.wav,03-01-08-02-02-02-04.wav,surprised,08,4,female,strong,2,Dogs are sitting by the door,2,speech,audio_only,48000,3.5368541666666666,0.3775634765625,0.03805682063102722,False,False,False,False,False,clean
/Users/devanshbansal/Desktop/ser/dataset/Audio_Speech_Actors_01-24/Actor_05/03-01-01-01-01-01-05.wav,03-01-01-01-01-01-05.wav,calm,01,5,male,normal,1,Kids are talking by the door,1,speech,audio_only,48000,3.6036041666666665,0.037841796875,0.002718339441344142,False,False,False,False,False,clean
/Users/devanshbansal/Desktop/ser/dataset/Audio_Speech_Actors_01-24/Actor_05/03-01-01-01-01-02-05.wav,03-01-01-01-01-02-05.wav,calm,01,5,male,normal,1,Kids are talking by the door,2,speech,audio_only,48000,3.636979166666667,0.037872314453125,0.0022202220279723406,False,False,False,False,False,clean
/Users/devanshbansal/Desktop/ser/dataset/Audio_Speech_Actors_01-24/Actor_05/03-01-01-01-02-01-05.wav,03-01-01-01-02-01-05.wav,calm,01,5,male,normal,2,Dogs are sitting by the door,1,speech,audio_only,48000,3.103083333333333,0.040557861328125,0.0036983301397413015,False,False,False,False,False,clean
/Users/devanshbansal/Desktop/ser/dataset/Audio_Speech_Actors_01-24/Actor_05/03-01-01-01-02-02-05.wav,03-01-01-01-02-02-05.wav,calm,01,5,male,normal,2,Dogs are sitting by the door,2,speech,audio_only,48000,3.6036041666666665,0.029754638671875,0.002935603726655245,False,False,False,False,False,clean
/Users/devanshbansal/Desktop/ser/dataset/Audio_Speech_Actors_01-24/Actor_05/03-01-02-01-01-01-05.wav,03-01-02-01-01-01-05.wav,calm,02,5,male,normal,1,Kids are talking by the door,1,speech,audio_only,48000,4.037354166666667,0.02655029296875,0.0018531631212681532,False,False,False,False,False,clean
/Users/devanshbansal/Desktop/ser/dataset/Audio_Speech_Actors_01-24/Actor_05/03-01-02-01-01-02-05.wav,03-01-02-01-01-02-05.wav,calm,02,5,male,normal,1,Kids are talking by the door,2,speech,audio_only,48000,4.104104166666667,0.014373779296875,0.001157280639745295,False,False,False,False,False,clean
/Users/devanshbansal/Desktop/ser/dataset/Audio_Speech_Actors_01-24/Actor_05/03-01-02-01-02-01-05.wav,03-01-02-01-02-01-05.wav,calm,02,5,male,normal,2,Dogs are sitting by the door,1,speech,audio_only,48000,4.137479166666667,0.019256591796875,0.0016941261710599065,False,False,False,False,False,clean
/Users/devanshbansal/Desktop/ser/dataset/Audio_Speech_Actors_01-24/Actor_05/03-01-02-01-02-02-05.wav,03-01-02-01-02-02-05.wav,calm,02,5,male,normal,2,Dogs are sitting by the door,2,speech,audio_only,48000,4.2375625,0.0294189453125,0.0029598595574498177,False,False,False,False,False,clean
/Users/devanshbansal/Desktop/ser/dataset/Audio_Speech_Actors_01-24/Actor_05/03-01-02-02-01-01-05.wav,03-01-02-02-01-01-05.wav,calm,02,5,male,strong,1,Kids are talking by the door,1,speech,audio_only,48000,4.7380625,0.01446533203125,0.001575826550833881,False,False,False,False,False,clean
/Users/devanshbansal/Desktop/ser/dataset/Audio_Speech_Actors_01-24/Actor_05/03-01-02-02-01-02-05.wav,03-01-02-02-01-02-05.wav,calm,02,5,male,strong,1,Kids are talking by the door,2,speech,audio_only,48000,4.5045,0.013946533203125,0.001028330298140645,False,False,False,False,False,clean
/Users/devanshbansal/Desktop/ser/dataset/Audio_Speech_Actors_01-24/Actor_05/03-01-02-02-02-01-05.wav,03-01-02-02-02-01-05.wav,calm,02,5,male,strong,2,Dogs are sitting by the door,1,speech,audio_only,48000,4.7714375,0.015045166015625,0.001485733431763947,False,False,False,False,False,clean
/Users/devanshbansal/Desktop/ser/dataset/Audio_Speech_Actors_01-24/Actor_05/03-01-02-02-02-02-05.wav,03-01-02-02-02-02-05.wav,calm,02,5,male,strong,2,Dogs are sitting by the door,2,speech,audio_only,48000,4.304291666666667,0.01611328125,0.001191855175420642,False,False,False,False,False,clean
/Users/devanshbansal/Desktop/ser/dataset/Audio_Speech_Actors_01-24/Actor_05/03-01-03-01-01-01-05.wav,03-01-03-01-01-01-05.wav,happy,03,5,male,normal,1,Kids are talking by the door,1,speech,audio_only,48000,4.004,0.059051513671875,0.003932401537895203,False,False,False,False,False,clean
/Users/devanshbansal/Desktop/ser/dataset/Audio_Speech_Actors_01-24/Actor_05/03-01-03-01-01-02-05.wav,03-01-03-01-01-02-05.wav,happy,03,5,male,normal,1,Kids are talking by the door,2,speech,audio_only,48000,3.2365625,0.0694580078125,0.005344052333384752,False,False,False,False,False,clean
/Users/devanshbansal/Desktop/ser/dataset/Audio_Speech_Actors_01-24/Actor_05/03-01-03-01-02-01-05.wav,03-01-03-01-02-01-05.wav,happy,03,5,male,normal,2,Dogs are sitting by the door,1,speech,audio_only,48000,3.3700208333333332,0.041015625,0.00402987701818347,False,False,False,False,False,clean
/Users/devanshbansal/Desktop/ser/dataset/Audio_Speech_Actors_01-24/Actor_05/03-01-03-01-02-02-05.wav,03-01-03-01-02-02-05.wav,happy,03,5,male,normal,2,Dogs are sitting by the door,2,speech,audio_only,48000,3.7704375,0.0804443359375,0.0075426241382956505,False,False,False,False,False,clean
/Users/devanshbansal/Desktop/ser/dataset/Audio_Speech_Actors_01-24/Actor_05/03-01-03-02-01-01-05.wav,03-01-03-02-01-01-05.wav,happy,03,5,male,strong,1,Kids are talking by the door,1,speech,audio_only,48000,4.137479166666667,0.053314208984375,0.005827547982335091,False,False,False,False,False,clean
/Users/devanshbansal/Desktop/ser/dataset/Audio_Speech_Actors_01-24/Actor_05/03-01-03-02-01-02-05.wav,03-01-03-02-01-02-05.wav,happy,03,5,male,strong,1,Kids are talking by the door,2,speech,audio_only,48000,3.8705416666666665,0.135894775390625,0.01441396027803421,False,False,False,False,False,clean
/Users/devanshbansal/Desktop/ser/dataset/Audio_Speech_Actors_01-24/Actor_05/03-01-03-02-02-01-05.wav,03-01-03-02-02-01-05.wav,happy,03,5,male,strong,2,Dogs are sitting by the door,1,speech,audio_only,48000,3.6035833333333334,0.155242919921875,0.013363336212933064,False,False,False,False,False,clean
/Users/devanshbansal/Desktop/ser/dataset/Audio_Speech_Actors_01-24/Actor_05/03-01-03-02-02-02-05.wav,03-01-03-02-02-02-05.wav,happy,03,5,male,strong,2,Dogs are sitting by the door,2,speech,audio_only,48000,3.403395833333333,0.187469482421875,0.013278369791805744,False,False,False,False,False,clean
/Users/devanshbansal/Desktop/ser/dataset/Audio_Speech_Actors_01-24/Actor_05/03-01-04-01-01-01-05.wav,03-01-04-01-01-01-05.wav,sad,04,5,male,normal,1,Kids are talking by the door,1,speech,audio_only,48000,3.2699375,0.012939453125,0.0011932894121855497,False,False,False,False,False,clean
/Users/devanshbansal/Desktop/ser/dataset/Audio_Speech_Actors_01-24/Actor_05/03-01-04-01-01-02-05.wav,03-01-04-01-01-02-05.wav,sad,04,5,male,normal,1,Kids are talking by the door,2,speech,audio_only,48000,3.6369583333333333,0.01617431640625,0.0012513782130554318,False,False,False,False,False,clean
/Users/devanshbansal/Desktop/ser/dataset/Audio_Speech_Actors_01-24/Actor_05/03-01-04-01-02-01-05.wav,03-01-04-01-02-01-05.wav,sad,04,5,male,normal,2,Dogs are sitting by the door,1,speech,audio_only,48000,3.1031041666666668,0.0108642578125,0.001302065677009523,False,False,False,False,False,clean
/Users/devanshbansal/Desktop/ser/dataset/Audio_Speech_Actors_01-24/Actor_05/03-01-04-01-02-02-05.wav,03-01-04-01-02-02-05.wav,sad,04,5,male,normal,2,Dogs are sitting by the door,2,speech,audio_only,48000,3.7036875,0.015411376953125,0.001381016569212079,False,False,False,False,False,clean
/Users/devanshbansal/Desktop/ser/dataset/Audio_Speech_Actors_01-24/Actor_05/03-01-04-02-01-01-05.wav,03-01-04-02-01-01-05.wav,sad,04,5,male,strong,1,Kids are talking by the door,1,speech,audio_only,48000,3.5368541666666666,0.024749755859375,0.002010809490457177,False,False,False,False,False,clean
/Users/devanshbansal/Desktop/ser/dataset/Audio_Speech_Actors_01-24/Actor_05/03-01-04-02-01-02-05.wav,03-01-04-02-01-02-05.wav,sad,04,5,male,strong,1,Kids are talking by the door,2,speech,audio_only,48000,3.2699375,0.016693115234375,0.001640280126594007,False,False,False,False,False,clean
/Users/devanshbansal/Desktop/ser/dataset/Audio_Speech_Actors_01-24/Actor_05/03-01-04-02-02-01-05.wav,03-01-04-02-02-01-05.wav,sad,04,5,male,strong,2,Dogs are sitting by the door,1,speech,audio_only,48000,3.2699166666666666,0.039642333984375,0.0026417355984449387,False,False,False,False,False,clean
/Users/devanshbansal/Desktop/ser/dataset/Audio_Speech_Actors_01-24/Actor_05/03-01-04-02-02-02-05.wav,03-01-04-02-02-02-05.wav,sad,04,5,male,strong,2,Dogs are sitting by the door,2,speech,audio_only,48000,3.1364791666666667,0.03076171875,0.0023292354308068752,False,False,False,False,False,clean
/Users/devanshbansal/Desktop/ser/dataset/Audio_Speech_Actors_01-24/Actor_05/03-01-05-01-01-01-05.wav,03-01-05-01-01-01-05.wav,angry,05,5,male,normal,1,Kids are talking by the door,1,speech,audio_only,48000,3.8705416666666665,0.27484130859375,0.01792161352932453,False,False,False,False,False,clean
/Users/devanshbansal/Desktop/ser/dataset/Audio_Speech_Actors_01-24/Actor_05/03-01-05-01-01-02-05.wav,03-01-05-01-01-02-05.wav,angry,05,5,male,normal,1,Kids are talking by the door,2,speech,audio_only,48000,3.8037916666666667,0.25079345703125,0.016245080158114433,False,False,False,False,False,clean
/Users/devanshbansal/Desktop/ser/dataset/Audio_Speech_Actors_01-24/Actor_05/03-01-05-01-02-01-05.wav,03-01-05-01-02-01-05.wav,angry,05,5,male,normal,2,Dogs are sitting by the door,1,speech,audio_only,48000,4.070729166666666,0.049468994140625,0.005303303245455027,False,False,False,False,False,clean
/Users/devanshbansal/Desktop/ser/dataset/Audio_Speech_Actors_01-24/Actor_05/03-01-05-01-02-02-05.wav,03-01-05-01-02-02-05.wav,angry,05,5,male,normal,2,Dogs are sitting by the door,2,speech,audio_only,48000,4.404395833333333,0.067657470703125,0.008708417415618896,False,False,False,False,False,clean
/Users/devanshbansal/Desktop/ser/dataset/Audio_Speech_Actors_01-24/Actor_05/03-01-05-02-01-01-05.wav,03-01-05-02-01-01-05.wav,angry,05,5,male,strong,1,Kids are talking by the door,1,speech,audio_only,48000,3.403395833333333,0.565216064453125,0.0693570151925087,False,False,False,False,False,clean
/Users/devanshbansal/Desktop/ser/dataset/Audio_Speech_Actors_01-24/Actor_05/03-01-05-02-01-02-05.wav,03-01-05-02-01-02-05.wav,angry,05,5,male,strong,1,Kids are talking by the door,2,speech,audio_only,48000,3.5702291666666666,0.669158935546875,0.061369262635707855,False,False,False,False,False,clean
/Users/devanshbansal/Desktop/ser/dataset/Audio_Speech_Actors_01-24/Actor_05/03-01-05-02-02-01-05.wav,03-01-05-02-02-01-05.wav,angry,05,5,male,strong,2,Dogs are sitting by the door,1,speech,audio_only,48000,3.6369583333333333,0.99261474609375,0.10890958458185196,False,False,True,False,False,clipped
/Users/devanshbansal/Desktop/ser/dataset/Audio_Speech_Actors_01-24/Actor_05/03-01-05-02-02-02-05.wav,03-01-05-02-02-02-05.wav,angry,05,5,male,strong,2,Dogs are sitting by the door,2,speech,audio_only,48000,3.636979166666667,0.998809814453125,0.10995776206254959,False,False,True,False,False,clipped
/Users/devanshbansal/Desktop/ser/dataset/Audio_Speech_Actors_01-24/Actor_05/03-01-06-01-01-01-05.wav,03-01-06-01-01-01-05.wav,fearful,06,5,male,normal,1,Kids are talking by the door,1,speech,audio_only,48000,3.1364791666666667,0.0777587890625,0.005612402688711882,False,False,False,False,False,clean
/Users/devanshbansal/Desktop/ser/dataset/Audio_Speech_Actors_01-24/Actor_05/03-01-06-01-01-02-05.wav,03-01-06-01-01-02-05.wav,fearful,06,5,male,normal,1,Kids are talking by the door,2,speech,audio_only,48000,3.3700208333333332,0.0723876953125,0.005017938558012247,False,False,False,False,False,clean
/Users/devanshbansal/Desktop/ser/dataset/Audio_Speech_Actors_01-24/Actor_05/03-01-06-01-02-01-05.wav,03-01-06-01-02-01-05.wav,fearful,06,5,male,normal,2,Dogs are sitting by the door,1,speech,audio_only,48000,3.136458333333333,0.0389404296875,0.0037249296437948942,False,False,False,False,False,clean
/Users/devanshbansal/Desktop/ser/dataset/Audio_Speech_Actors_01-24/Actor_05/03-01-06-01-02-02-05.wav,03-01-06-01-02-02-05.wav,fearful,06,5,male,normal,2,Dogs are sitting by the door,2,speech,audio_only,48000,3.069729166666667,0.1336669921875,0.008871383965015411,False,False,False,False,False,clean
/Users/devanshbansal/Desktop/ser/dataset/Audio_Speech_Actors_01-24/Actor_05/03-01-06-02-01-01-05.wav,03-01-06-02-01-01-05.wav,fearful,06,5,male,strong,1,Kids are talking by the door,1,speech,audio_only,48000,3.2365625,0.3194580078125,0.034128982573747635,False,False,False,False,False,clean
/Users/devanshbansal/Desktop/ser/dataset/Audio_Speech_Actors_01-24/Actor_05/03-01-06-02-01-02-05.wav,03-01-06-02-01-02-05.wav,fearful,06,5,male,strong,1,Kids are talking by the door,2,speech,audio_only,48000,3.5702291666666666,0.27789306640625,0.030963344499468803,False,False,False,False,False,clean
/Users/devanshbansal/Desktop/ser/dataset/Audio_Speech_Actors_01-24/Actor_05/03-01-06-02-02-01-05.wav,03-01-06-02-02-01-05.wav,fearful,06,5,male,strong,2,Dogs are sitting by the door,1,speech,audio_only,48000,3.2365625,0.42340087890625,0.03476673737168312,False,False,False,False,False,clean
/Users/devanshbansal/Desktop/ser/dataset/Audio_Speech_Actors_01-24/Actor_05/03-01-06-02-02-02-05.wav,03-01-06-02-02-02-05.wav,fearful,06,5,male,strong,2,Dogs are sitting by the door,2,speech,audio_only,48000,3.1031041666666668,0.2650146484375,0.031586434692144394,False,False,False,False,False,clean
/Users/devanshbansal/Desktop/ser/dataset/Audio_Speech_Actors_01-24/Actor_05/03-01-07-01-01-01-05.wav,03-01-07-01-01-01-05.wav,disgust,07,5,male,normal,1,Kids are talking by the door,1,speech,audio_only,48000,4.337666666666666,0.028472900390625,0.0018659356283023953,False,False,False,False,False,clean
/Users/devanshbansal/Desktop/ser/dataset/Audio_Speech_Actors_01-24/Actor_05/03-01-07-01-01-02-05.wav,03-01-07-01-01-02-05.wav,disgust,07,5,male,normal,1,Kids are talking by the door,2,speech,audio_only,48000,4.104104166666667,0.055023193359375,0.0033317138440907,False,False,False,False,False,clean
/Users/devanshbansal/Desktop/ser/dataset/Audio_Speech_Actors_01-24/Actor_05/03-01-07-01-02-01-05.wav,03-01-07-01-02-01-05.wav,disgust,07,5,male,normal,2,Dogs are sitting by the door,1,speech,audio_only,48000,3.9038958333333333,0.026123046875,0.0025037862360477448,False,False,False,False,False,clean
/Users/devanshbansal/Desktop/ser/dataset/Audio_Speech_Actors_01-24/Actor_05/03-01-07-01-02-02-05.wav,03-01-07-01-02-02-05.wav,disgust,07,5,male,normal,2,Dogs are sitting by the door,2,speech,audio_only,48000,3.7370625,0.069580078125,0.005020431242883205,False,False,False,False,False,clean
/Users/devanshbansal/Desktop/ser/dataset/Audio_Speech_Actors_01-24/Actor_05/03-01-07-02-01-01-05.wav,03-01-07-02-01-01-05.wav,disgust,07,5,male,strong,1,Kids are talking by the door,1,speech,audio_only,48000,4.337666666666666,0.03619384765625,0.003189235692843795,False,False,False,False,False,clean
/Users/devanshbansal/Desktop/ser/dataset/Audio_Speech_Actors_01-24/Actor_05/03-01-07-02-01-02-05.wav,03-01-07-02-01-02-05.wav,disgust,07,5,male,strong,1,Kids are talking by the door,2,speech,audio_only,48000,3.9038958333333333,0.07342529296875,0.007260114885866642,False,False,False,False,False,clean
/Users/devanshbansal/Desktop/ser/dataset/Audio_Speech_Actors_01-24/Actor_05/03-01-07-02-02-01-05.wav,03-01-07-02-02-01-05.wav,disgust,07,5,male,strong,2,Dogs are sitting by the door,1,speech,audio_only,48000,4.2709375,0.072296142578125,0.008295077830553055,False,False,False,False,False,clean
/Users/devanshbansal/Desktop/ser/dataset/Audio_Speech_Actors_01-24/Actor_05/03-01-07-02-02-02-05.wav,03-01-07-02-02-02-05.wav,disgust,07,5,male,strong,2,Dogs are sitting by the door,2,speech,audio_only,48000,4.537875,0.0430908203125,0.004235061816871166,False,False,False,False,False,clean
/Users/devanshbansal/Desktop/ser/dataset/Audio_Speech_Actors_01-24/Actor_05/03-01-08-01-01-01-05.wav,03-01-08-01-01-01-05.wav,surprised,08,5,male,normal,1,Kids are talking by the door,1,speech,audio_only,48000,3.7370625,0.0787353515625,0.006356853060424328,False,False,False,False,False,clean
/Users/devanshbansal/Desktop/ser/dataset/Audio_Speech_Actors_01-24/Actor_05/03-01-08-01-01-02-05.wav,03-01-08-01-01-02-05.wav,surprised,08,5,male,normal,1,Kids are talking by the door,2,speech,audio_only,48000,3.6703333333333332,0.069580078125,0.007953901775181293,False,False,False,False,False,clean
/Users/devanshbansal/Desktop/ser/dataset/Audio_Speech_Actors_01-24/Actor_05/03-01-08-01-02-01-05.wav,03-01-08-01-02-01-05.wav,surprised,08,5,male,normal,2,Dogs are sitting by the door,1,speech,audio_only,48000,3.069729166666667,0.069915771484375,0.00633253762498498,False,False,False,False,False,clean
/Users/devanshbansal/Desktop/ser/dataset/Audio_Speech_Actors_01-24/Actor_05/03-01-08-01-02-02-05.wav,03-01-08-01-02-02-05.wav,surprised,08,5,male,normal,2,Dogs are sitting by the door,2,speech,audio_only,48000,3.7036875,0.088623046875,0.008925553411245346,False,False,False,False,False,clean
/Users/devanshbansal/Desktop/ser/dataset/Audio_Speech_Actors_01-24/Actor_05/03-01-08-02-01-01-05.wav,03-01-08-02-01-01-05.wav,surprised,08,5,male,strong,1,Kids are talking by the door,1,speech,audio_only,48000,4.137479166666667,0.047943115234375,0.00671754777431488,False,False,False,False,False,clean
/Users/devanshbansal/Desktop/ser/dataset/Audio_Speech_Actors_01-24/Actor_05/03-01-08-02-01-02-05.wav,03-01-08-02-01-02-05.wav,surprised,08,5,male,strong,1,Kids are talking by the door,2,speech,audio_only,48000,4.104104166666667,0.078521728515625,0.009921318851411343,False,False,False,False,False,clean
/Users/devanshbansal/Desktop/ser/dataset/Audio_Speech_Actors_01-24/Actor_05/03-01-08-02-02-01-05.wav,03-01-08-02-02-01-05.wav,surprised,08,5,male,strong,2,Dogs are sitting by the door,1,speech,audio_only,48000,3.6703333333333332,0.17138671875,0.012570726685225964,False,False,False,False,False,clean
/Users/devanshbansal/Desktop/ser/dataset/Audio_Speech_Actors_01-24/Actor_05/03-01-08-02-02-02-05.wav,03-01-08-02-02-02-05.wav,surprised,08,5,male,strong,2,Dogs are sitting by the door,2,speech,audio_only,48000,3.536875,0.10064697265625,0.011768968775868416,False,False,False,False,False,clean
/Users/devanshbansal/Desktop/ser/dataset/Audio_Speech_Actors_01-24/Actor_06/03-01-01-01-01-01-06.wav,03-01-01-01-01-01-06.wav,calm,01,6,female,normal,1,Kids are talking by the door,1,speech,audio_only,48000,3.3366666666666664,0.028289794921875,0.0027577008586376905,False,False,False,False,False,clean
/Users/devanshbansal/Desktop/ser/dataset/Audio_Speech_Actors_01-24/Actor_06/03-01-01-01-01-02-06.wav,03-01-01-01-01-02-06.wav,calm,01,6,female,normal,1,Kids are talking by the door,2,speech,audio_only,48000,3.6036041666666665,0.0302734375,0.0032960616517812014,False,False,False,False,False,clean
/Users/devanshbansal/Desktop/ser/dataset/Audio_Speech_Actors_01-24/Actor_06/03-01-01-01-02-01-06.wav,03-01-01-01-02-01-06.wav,calm,01,6,female,normal,2,Dogs are sitting by the door,1,speech,audio_only,48000,3.403395833333333,0.042144775390625,0.0037748978938907385,False,False,False,False,False,clean
/Users/devanshbansal/Desktop/ser/dataset/Audio_Speech_Actors_01-24/Actor_06/03-01-01-01-02-02-06.wav,03-01-01-01-02-02-06.wav,calm,01,6,female,normal,2,Dogs are sitting by the door,2,speech,audio_only,48000,3.4367708333333336,0.0408935546875,0.0035258729476481676,False,False,False,False,False,clean
/Users/devanshbansal/Desktop/ser/dataset/Audio_Speech_Actors_01-24/Actor_06/03-01-02-01-01-01-06.wav,03-01-02-01-01-01-06.wav,calm,02,6,female,normal,1,Kids are talking by the door,1,speech,audio_only,48000,4.037354166666667,0.015655517578125,0.0014560900162905455,False,False,False,False,False,clean
/Users/devanshbansal/Desktop/ser/dataset/Audio_Speech_Actors_01-24/Actor_06/03-01-02-01-01-02-06.wav,03-01-02-01-01-02-06.wav,calm,02,6,female,normal,1,Kids are talking by the door,2,speech,audio_only,48000,4.104104166666667,0.01361083984375,0.0014166621258482337,False,False,False,False,False,clean
/Users/devanshbansal/Desktop/ser/dataset/Audio_Speech_Actors_01-24/Actor_06/03-01-02-01-02-01-06.wav,03-01-02-01-02-01-06.wav,calm,02,6,female,normal,2,Dogs are sitting by the door,1,speech,audio_only,48000,3.970625,0.013641357421875,0.0020237169228494167,False,False,False,False,False,clean
/Users/devanshbansal/Desktop/ser/dataset/Audio_Speech_Actors_01-24/Actor_06/03-01-02-01-02-02-06.wav,03-01-02-01-02-02-06.wav,calm,02,6,female,normal,2,Dogs are sitting by the door,2,speech,audio_only,48000,4.2041875,0.0283203125,0.00328353070653975,False,False,False,False,False,clean
/Users/devanshbansal/Desktop/ser/dataset/Audio_Speech_Actors_01-24/Actor_06/03-01-02-02-01-01-06.wav,03-01-02-02-01-01-06.wav,calm,02,6,female,strong,1,Kids are talking by the door,1,speech,audio_only,48000,4.5045,0.027374267578125,0.0018589141545817256,False,False,False,False,False,clean
/Users/devanshbansal/Desktop/ser/dataset/Audio_Speech_Actors_01-24/Actor_06/03-01-02-02-01-02-06.wav,03-01-02-02-01-02-06.wav,calm,02,6,female,strong,1,Kids are talking by the door,2,speech,audio_only,48000,4.637979166666667,0.0150146484375,0.0016553554451093078,False,False,False,False,False,clean
/Users/devanshbansal/Desktop/ser/dataset/Audio_Speech_Actors_01-24/Actor_06/03-01-02-02-02-01-06.wav,03-01-02-02-02-01-06.wav,calm,02,6,female,strong,2,Dogs are sitting by the door,1,speech,audio_only,48000,4.337666666666666,0.0216064453125,0.002555586164817214,False,False,False,False,False,clean
/Users/devanshbansal/Desktop/ser/dataset/Audio_Speech_Actors_01-24/Actor_06/03-01-02-02-02-02-06.wav,03-01-02-02-02-02-06.wav,calm,02,6,female,strong,2,Dogs are sitting by the door,2,speech,audio_only,48000,4.7714375,0.014556884765625,0.0016715232050046325,False,False,False,False,False,clean
/Users/devanshbansal/Desktop/ser/dataset/Audio_Speech_Actors_01-24/Actor_06/03-01-03-01-01-01-06.wav,03-01-03-01-01-01-06.wav,happy,03,6,female,normal,1,Kids are talking by the door,1,speech,audio_only,48000,3.5368541666666666,0.064849853515625,0.006207878701388836,False,False,False,False,False,clean
/Users/devanshbansal/Desktop/ser/dataset/Audio_Speech_Actors_01-24/Actor_06/03-01-03-01-01-02-06.wav,03-01-03-01-01-02-06.wav,happy,03,6,female,normal,1,Kids are talking by the door,2,speech,audio_only,48000,3.6036041666666665,0.081298828125,0.008748598396778107,False,False,False,False,False,clean
/Users/devanshbansal/Desktop/ser/dataset/Audio_Speech_Actors_01-24/Actor_06/03-01-03-01-02-01-06.wav,03-01-03-01-02-01-06.wav,happy,03,6,female,normal,2,Dogs are sitting by the door,1,speech,audio_only,48000,3.470125,0.05743408203125,0.006139961536973715,False,False,False,False,False,clean
/Users/devanshbansal/Desktop/ser/dataset/Audio_Speech_Actors_01-24/Actor_06/03-01-03-01-02-02-06.wav,03-01-03-01-02-02-06.wav,happy,03,6,female,normal,2,Dogs are sitting by the door,2,speech,audio_only,48000,3.4367708333333336,0.1092529296875,0.008459808304905891,False,False,False,False,False,clean
/Users/devanshbansal/Desktop/ser/dataset/Audio_Speech_Actors_01-24/Actor_06/03-01-03-02-01-01-06.wav,03-01-03-02-01-01-06.wav,happy,03,6,female,strong,1,Kids are talking by the door,1,speech,audio_only,48000,3.5035,0.3780517578125,0.04557773470878601,False,False,False,False,False,clean
/Users/devanshbansal/Desktop/ser/dataset/Audio_Speech_Actors_01-24/Actor_06/03-01-03-02-01-02-06.wav,03-01-03-02-01-02-06.wav,happy,03,6,female,strong,1,Kids are talking by the door,2,speech,audio_only,48000,3.470125,0.3232421875,0.04095487669110298,False,False,False,False,False,clean
/Users/devanshbansal/Desktop/ser/dataset/Audio_Speech_Actors_01-24/Actor_06/03-01-03-02-02-01-06.wav,03-01-03-02-02-01-06.wav,happy,03,6,female,strong,2,Dogs are sitting by the door,1,speech,audio_only,48000,3.5702291666666666,0.351837158203125,0.04103961959481239,False,False,False,False,False,clean
/Users/devanshbansal/Desktop/ser/dataset/Audio_Speech_Actors_01-24/Actor_06/03-01-03-02-02-02-06.wav,03-01-03-02-02-02-06.wav,happy,03,6,female,strong,2,Dogs are sitting by the door,2,speech,audio_only,48000,3.6035833333333334,0.354522705078125,0.04865673556923866,False,False,False,False,False,clean
/Users/devanshbansal/Desktop/ser/dataset/Audio_Speech_Actors_01-24/Actor_06/03-01-04-01-01-01-06.wav,03-01-04-01-01-01-06.wav,sad,04,6,female,normal,1,Kids are talking by the door,1,speech,audio_only,48000,3.5702291666666666,0.011474609375,0.0016142965760082006,False,False,False,False,False,clean
/Users/devanshbansal/Desktop/ser/dataset/Audio_Speech_Actors_01-24/Actor_06/03-01-04-01-01-02-06.wav,03-01-04-01-01-02-06.wav,sad,04,6,female,normal,1,Kids are talking by the door,2,speech,audio_only,48000,3.6036041666666665,0.01336669921875,0.0016966984840109944,False,False,False,False,False,clean
/Users/devanshbansal/Desktop/ser/dataset/Audio_Speech_Actors_01-24/Actor_06/03-01-04-01-02-01-06.wav,03-01-04-01-02-01-06.wav,sad,04,6,female,normal,2,Dogs are sitting by the door,1,speech,audio_only,48000,3.4701458333333335,0.037445068359375,0.0033933157101273537,False,False,False,False,False,clean
/Users/devanshbansal/Desktop/ser/dataset/Audio_Speech_Actors_01-24/Actor_06/03-01-04-01-02-02-06.wav,03-01-04-01-02-02-06.wav,sad,04,6,female,normal,2,Dogs are sitting by the door,2,speech,audio_only,48000,3.4367708333333336,0.02191162109375,0.0024977533612400293,False,False,False,False,False,clean
/Users/devanshbansal/Desktop/ser/dataset/Audio_Speech_Actors_01-24/Actor_06/03-01-04-02-01-01-06.wav,03-01-04-02-01-01-06.wav,sad,04,6,female,strong,1,Kids are talking by the door,1,speech,audio_only,48000,4.2041875,0.164886474609375,0.017506560310721397,False,False,False,False,False,clean
/Users/devanshbansal/Desktop/ser/dataset/Audio_Speech_Actors_01-24/Actor_06/03-01-04-02-01-02-06.wav,03-01-04-02-01-02-06.wav,sad,04,6,female,strong,1,Kids are talking by the door,2,speech,audio_only,48000,4.104104166666667,0.020294189453125,0.0020246568601578474,False,False,False,False,False,clean
/Users/devanshbansal/Desktop/ser/dataset/Audio_Speech_Actors_01-24/Actor_06/03-01-04-02-02-01-06.wav,03-01-04-02-02-01-06.wav,sad,04,6,female,strong,2,Dogs are sitting by the door,1,speech,audio_only,48000,4.604583333333333,0.23321533203125,0.015362316742539406,False,False,False,False,False,clean
/Users/devanshbansal/Desktop/ser/dataset/Audio_Speech_Actors_01-24/Actor_06/03-01-04-02-02-02-06.wav,03-01-04-02-02-02-06.wav,sad,04,6,female,strong,2,Dogs are sitting by the door,2,speech,audio_only,48000,4.037354166666667,0.059600830078125,0.007730214856564999,False,False,False,False,False,clean
/Users/devanshbansal/Desktop/ser/dataset/Audio_Speech_Actors_01-24/Actor_06/03-01-05-01-01-01-06.wav,03-01-05-01-01-01-06.wav,angry,05,6,female,normal,1,Kids are talking by the door,1,speech,audio_only,48000,3.7704375,0.07269287109375,0.006148875690996647,False,False,False,False,False,clean
/Users/devanshbansal/Desktop/ser/dataset/Audio_Speech_Actors_01-24/Actor_06/03-01-05-01-01-02-06.wav,03-01-05-01-01-02-06.wav,angry,05,6,female,normal,1,Kids are talking by the door,2,speech,audio_only,48000,3.970625,0.0740966796875,0.006738987285643816,False,False,False,False,False,clean
/Users/devanshbansal/Desktop/ser/dataset/Audio_Speech_Actors_01-24/Actor_06/03-01-05-01-02-01-06.wav,03-01-05-01-02-01-06.wav,angry,05,6,female,normal,2,Dogs are sitting by the door,1,speech,audio_only,48000,4.2041875,0.0810546875,0.010054240934550762,False,False,False,False,False,clean
/Users/devanshbansal/Desktop/ser/dataset/Audio_Speech_Actors_01-24/Actor_06/03-01-05-01-02-02-06.wav,03-01-05-01-02-02-06.wav,angry,05,6,female,normal,2,Dogs are sitting by the door,2,speech,audio_only,48000,3.9038958333333333,0.132080078125,0.013504681177437305,False,False,False,False,False,clean
/Users/devanshbansal/Desktop/ser/dataset/Audio_Speech_Actors_01-24/Actor_06/03-01-05-02-01-01-06.wav,03-01-05-02-01-01-06.wav,angry,05,6,female,strong,1,Kids are talking by the door,1,speech,audio_only,48000,4.104104166666667,0.867340087890625,0.11660802364349365,False,False,False,False,False,clean
/Users/devanshbansal/Desktop/ser/dataset/Audio_Speech_Actors_01-24/Actor_06/03-01-05-02-01-02-06.wav,03-01-05-02-01-02-06.wav,angry,05,6,female,strong,1,Kids are talking by the door,2,speech,audio_only,48000,4.2041875,0.998809814453125,0.1047716736793518,False,False,True,False,False,clipped
/Users/devanshbansal/Desktop/ser/dataset/Audio_Speech_Actors_01-24/Actor_06/03-01-05-02-02-01-06.wav,03-01-05-02-02-01-06.wav,angry,05,6,female,strong,2,Dogs are sitting by the door,1,speech,audio_only,48000,4.437770833333333,0.653350830078125,0.09145084768533707,False,False,False,False,False,clean
/Users/devanshbansal/Desktop/ser/dataset/Audio_Speech_Actors_01-24/Actor_06/03-01-05-02-02-02-06.wav,03-01-05-02-02-02-06.wav,angry,05,6,female,strong,2,Dogs are sitting by the door,2,speech,audio_only,48000,4.471125,0.8516845703125,0.08801264315843582,False,False,False,False,False,clean
/Users/devanshbansal/Desktop/ser/dataset/Audio_Speech_Actors_01-24/Actor_06/03-01-06-01-01-01-06.wav,03-01-06-01-01-01-06.wav,fearful,06,6,female,normal,1,Kids are talking by the door,1,speech,audio_only,48000,3.6369583333333333,0.039886474609375,0.0036753080785274506,False,False,False,False,False,clean
/Users/devanshbansal/Desktop/ser/dataset/Audio_Speech_Actors_01-24/Actor_06/03-01-06-01-01-02-06.wav,03-01-06-01-01-02-06.wav,fearful,06,6,female,normal,1,Kids are talking by the door,2,speech,audio_only,48000,3.4367708333333336,0.0303955078125,0.003777820151299238,False,False,False,False,False,clean
/Users/devanshbansal/Desktop/ser/dataset/Audio_Speech_Actors_01-24/Actor_06/03-01-06-01-02-01-06.wav,03-01-06-01-02-01-06.wav,fearful,06,6,female,normal,2,Dogs are sitting by the door,1,speech,audio_only,48000,3.57025,0.0400390625,0.005228481721132994,False,False,False,False,False,clean
/Users/devanshbansal/Desktop/ser/dataset/Audio_Speech_Actors_01-24/Actor_06/03-01-06-01-02-02-06.wav,03-01-06-01-02-02-06.wav,fearful,06,6,female,normal,2,Dogs are sitting by the door,2,speech,audio_only,48000,3.5035,0.0435791015625,0.005127520766109228,False,False,False,False,False,clean
/Users/devanshbansal/Desktop/ser/dataset/Audio_Speech_Actors_01-24/Actor_06/03-01-06-02-01-01-06.wav,03-01-06-02-01-01-06.wav,fearful,06,6,female,strong,1,Kids are talking by the door,1,speech,audio_only,48000,3.636979166666667,0.766387939453125,0.09723203629255295,False,False,False,False,False,clean
/Users/devanshbansal/Desktop/ser/dataset/Audio_Speech_Actors_01-24/Actor_06/03-01-06-02-01-02-06.wav,03-01-06-02-01-02-06.wav,fearful,06,6,female,strong,1,Kids are talking by the door,2,speech,audio_only,48000,3.6036041666666665,0.781097412109375,0.08810877799987793,False,False,False,False,False,clean
/Users/devanshbansal/Desktop/ser/dataset/Audio_Speech_Actors_01-24/Actor_06/03-01-06-02-02-01-06.wav,03-01-06-02-02-01-06.wav,fearful,06,6,female,strong,2,Dogs are sitting by the door,1,speech,audio_only,48000,3.7370625,0.5247802734375,0.061171144247055054,False,False,False,False,False,clean
/Users/devanshbansal/Desktop/ser/dataset/Audio_Speech_Actors_01-24/Actor_06/03-01-06-02-02-02-06.wav,03-01-06-02-02-02-06.wav,fearful,06,6,female,strong,2,Dogs are sitting by the door,2,speech,audio_only,48000,3.7370625,0.786529541015625,0.12123069912195206,False,False,False,False,False,clean
/Users/devanshbansal/Desktop/ser/dataset/Audio_Speech_Actors_01-24/Actor_06/03-01-07-01-01-01-06.wav,03-01-07-01-01-01-06.wav,disgust,07,6,female,normal,1,Kids are talking by the door,1,speech,audio_only,48000,3.5035,0.01220703125,0.00157252699136734,False,False,False,False,False,clean
/Users/devanshbansal/Desktop/ser/dataset/Audio_Speech_Actors_01-24/Actor_06/03-01-07-01-01-02-06.wav,03-01-07-01-01-02-06.wav,disgust,07,6,female,normal,1,Kids are talking by the door,2,speech,audio_only,48000,4.2709375,0.0123291015625,0.0012776225339621305,False,False,False,False,False,clean
/Users/devanshbansal/Desktop/ser/dataset/Audio_Speech_Actors_01-24/Actor_06/03-01-07-01-02-01-06.wav,03-01-07-01-02-01-06.wav,disgust,07,6,female,normal,2,Dogs are sitting by the door,1,speech,audio_only,48000,3.7370625,0.01361083984375,0.0018795925425365567,False,False,False,False,False,clean
/Users/devanshbansal/Desktop/ser/dataset/Audio_Speech_Actors_01-24/Actor_06/03-01-07-01-02-02-06.wav,03-01-07-01-02-02-06.wav,disgust,07,6,female,normal,2,Dogs are sitting by the door,2,speech,audio_only,48000,3.9372708333333333,0.02288818359375,0.00198218016885221,False,False,False,False,False,clean
/Users/devanshbansal/Desktop/ser/dataset/Audio_Speech_Actors_01-24/Actor_06/03-01-07-02-01-01-06.wav,03-01-07-02-01-01-06.wav,disgust,07,6,female,strong,1,Kids are talking by the door,1,speech,audio_only,48000,4.3043125,0.103240966796875,0.01172851026058197,False,False,False,False,False,clean
/Users/devanshbansal/Desktop/ser/dataset/Audio_Speech_Actors_01-24/Actor_06/03-01-07-02-01-02-06.wav,03-01-07-02-01-02-06.wav,disgust,07,6,female,strong,1,Kids are talking by the door,2,speech,audio_only,48000,3.9372708333333333,0.051971435546875,0.005454870872199535,False,False,False,False,False,clean
/Users/devanshbansal/Desktop/ser/dataset/Audio_Speech_Actors_01-24/Actor_06/03-01-07-02-02-01-06.wav,03-01-07-02-02-01-06.wav,disgust,07,6,female,strong,2,Dogs are sitting by the door,1,speech,audio_only,48000,4.037354166666667,0.081817626953125,0.008344325236976147,False,False,False,False,False,clean
/Users/devanshbansal/Desktop/ser/dataset/Audio_Speech_Actors_01-24/Actor_06/03-01-07-02-02-02-06.wav,03-01-07-02-02-02-06.wav,disgust,07,6,female,strong,2,Dogs are sitting by the door,2,speech,audio_only,48000,3.970625,0.0406494140625,0.005876382812857628,False,False,False,False,False,clean
/Users/devanshbansal/Desktop/ser/dataset/Audio_Speech_Actors_01-24/Actor_06/03-01-08-01-01-01-06.wav,03-01-08-01-01-01-06.wav,surprised,08,6,female,normal,1,Kids are talking by the door,1,speech,audio_only,48000,3.2365625,0.02691650390625,0.003037702525034547,False,False,False,False,False,clean
/Users/devanshbansal/Desktop/ser/dataset/Audio_Speech_Actors_01-24/Actor_06/03-01-08-01-01-02-06.wav,03-01-08-01-01-02-06.wav,surprised,08,6,female,normal,1,Kids are talking by the door,2,speech,audio_only,48000,3.2365625,0.04510498046875,0.004094989970326424,False,False,False,False,False,clean
/Users/devanshbansal/Desktop/ser/dataset/Audio_Speech_Actors_01-24/Actor_06/03-01-08-01-02-01-06.wav,03-01-08-01-02-01-06.wav,surprised,08,6,female,normal,2,Dogs are sitting by the door,1,speech,audio_only,48000,3.2032083333333334,0.052764892578125,0.004552708473056555,False,False,False,False,False,clean
/Users/devanshbansal/Desktop/ser/dataset/Audio_Speech_Actors_01-24/Actor_06/03-01-08-01-02-02-06.wav,03-01-08-01-02-02-06.wav,surprised,08,6,female,normal,2,Dogs are sitting by the door,2,speech,audio_only,48000,3.136458333333333,0.035797119140625,0.004068056121468544,False,False,False,False,False,clean
/Users/devanshbansal/Desktop/ser/dataset/Audio_Speech_Actors_01-24/Actor_06/03-01-08-02-01-01-06.wav,03-01-08-02-01-01-06.wav,surprised,08,6,female,strong,1,Kids are talking by the door,1,speech,audio_only,48000,3.2365625,0.04071044921875,0.0035899460781365633,False,False,False,False,False,clean
/Users/devanshbansal/Desktop/ser/dataset/Audio_Speech_Actors_01-24/Actor_06/03-01-08-02-01-02-06.wav,03-01-08-02-01-02-06.wav,surprised,08,6,female,strong,1,Kids are talking by the door,2,speech,audio_only,48000,3.370041666666667,0.095672607421875,0.01245188433676958,False,False,False,False,False,clean
/Users/devanshbansal/Desktop/ser/dataset/Audio_Speech_Actors_01-24/Actor_06/03-01-08-02-02-01-06.wav,03-01-08-02-02-01-06.wav,surprised,08,6,female,strong,2,Dogs are sitting by the door,1,speech,audio_only,48000,3.3033125,0.146148681640625,0.012186532840132713,False,False,False,False,False,clean
/Users/devanshbansal/Desktop/ser/dataset/Audio_Speech_Actors_01-24/Actor_06/03-01-08-02-02-02-06.wav,03-01-08-02-02-02-06.wav,surprised,08,6,female,strong,2,Dogs are sitting by the door,2,speech,audio_only,48000,3.2032083333333334,0.12664794921875,0.013027753680944443,False,False,False,False,False,clean
/Users/devanshbansal/Desktop/ser/dataset/Audio_Speech_Actors_01-24/Actor_07/03-01-01-01-01-01-07.wav,03-01-01-01-01-01-07.wav,calm,01,7,male,normal,1,Kids are talking by the door,1,speech,audio_only,48000,3.9039166666666665,0.05145263671875,0.0042889053001999855,False,False,False,False,False,clean
/Users/devanshbansal/Desktop/ser/dataset/Audio_Speech_Actors_01-24/Actor_07/03-01-01-01-01-02-07.wav,03-01-01-01-01-02-07.wav,calm,01,7,male,normal,1,Kids are talking by the door,2,speech,audio_only,48000,3.8038125,0.049591064453125,0.004544994793832302,False,False,False,False,False,clean
/Users/devanshbansal/Desktop/ser/dataset/Audio_Speech_Actors_01-24/Actor_07/03-01-01-01-02-01-07.wav,03-01-01-01-02-01-07.wav,calm,01,7,male,normal,2,Dogs are sitting by the door,1,speech,audio_only,48000,4.137458333333333,0.04656982421875,0.005073009990155697,False,False,False,False,False,clean
/Users/devanshbansal/Desktop/ser/dataset/Audio_Speech_Actors_01-24/Actor_07/03-01-01-01-02-02-07.wav,03-01-01-01-02-02-07.wav,calm,01,7,male,normal,2,Dogs are sitting by the door,2,speech,audio_only,48000,3.7370625,0.043670654296875,0.0039884177967906,False,False,False,False,False,clean
/Users/devanshbansal/Desktop/ser/dataset/Audio_Speech_Actors_01-24/Actor_07/03-01-02-01-01-01-07.wav,03-01-02-01-01-01-07.wav,calm,02,7,male,normal,1,Kids are talking by the door,1,speech,audio_only,48000,3.470125,0.036865234375,0.0030473563820123672,False,False,False,False,False,clean
/Users/devanshbansal/Desktop/ser/dataset/Audio_Speech_Actors_01-24/Actor_07/03-01-02-01-01-02-07.wav,03-01-02-01-01-02-07.wav,calm,02,7,male,normal,1,Kids are talking by the door,2,speech,audio_only,48000,3.7370625,0.0340576171875,0.0025482953060418367,False,False,False,False,False,clean
/Users/devanshbansal/Desktop/ser/dataset/Audio_Speech_Actors_01-24/Actor_07/03-01-02-01-02-01-07.wav,03-01-02-01-02-01-07.wav,calm,02,7,male,normal,2,Dogs are sitting by the door,1,speech,audio_only,48000,3.5035,0.026458740234375,0.0028527381364256144,False,False,False,False,False,clean
/Users/devanshbansal/Desktop/ser/dataset/Audio_Speech_Actors_01-24/Actor_07/03-01-02-01-02-02-07.wav,03-01-02-01-02-02-07.wav,calm,02,7,male,normal,2,Dogs are sitting by the door,2,speech,audio_only,48000,3.536875,0.031036376953125,0.0031075619626790285,False,False,False,False,False,clean
/Users/devanshbansal/Desktop/ser/dataset/Audio_Speech_Actors_01-24/Actor_07/03-01-02-02-01-01-07.wav,03-01-02-02-01-01-07.wav,calm,02,7,male,strong,1,Kids are talking by the door,1,speech,audio_only,48000,4.004,0.02142333984375,0.0025348190683871508,False,False,False,False,False,clean
/Users/devanshbansal/Desktop/ser/dataset/Audio_Speech_Actors_01-24/Actor_07/03-01-02-02-01-02-07.wav,03-01-02-02-01-02-07.wav,calm,02,7,male,strong,1,Kids are talking by the door,2,speech,audio_only,48000,3.8705416666666665,0.0323486328125,0.002889123745262623,False,False,False,False,False,clean
/Users/devanshbansal/Desktop/ser/dataset/Audio_Speech_Actors_01-24/Actor_07/03-01-02-02-02-01-07.wav,03-01-02-02-02-01-07.wav,calm,02,7,male,strong,2,Dogs are sitting by the door,1,speech,audio_only,48000,4.2709375,0.030364990234375,0.003611007472500205,False,False,False,False,False,clean
/Users/devanshbansal/Desktop/ser/dataset/Audio_Speech_Actors_01-24/Actor_07/03-01-02-02-02-02-07.wav,03-01-02-02-02-02-07.wav,calm,02,7,male,strong,2,Dogs are sitting by the door,2,speech,audio_only,48000,4.104104166666667,0.019805908203125,0.0026937415823340416,False,False,False,False,False,clean
/Users/devanshbansal/Desktop/ser/dataset/Audio_Speech_Actors_01-24/Actor_07/03-01-03-01-01-01-07.wav,03-01-03-01-01-01-07.wav,happy,03,7,male,normal,1,Kids are talking by the door,1,speech,audio_only,48000,3.5035,0.053070068359375,0.003209345042705536,False,False,False,False,False,clean
/Users/devanshbansal/Desktop/ser/dataset/Audio_Speech_Actors_01-24/Actor_07/03-01-03-01-01-02-07.wav,03-01-03-01-01-02-07.wav,happy,03,7,male,normal,1,Kids are talking by the door,2,speech,audio_only,48000,3.470125,0.0462646484375,0.0056447978131473064,False,False,False,False,False,clean
/Users/devanshbansal/Desktop/ser/dataset/Audio_Speech_Actors_01-24/Actor_07/03-01-03-01-02-01-07.wav,03-01-03-01-02-01-07.wav,happy,03,7,male,normal,2,Dogs are sitting by the door,1,speech,audio_only,48000,3.403395833333333,0.048736572265625,0.006792847998440266,False,False,False,False,False,clean
/Users/devanshbansal/Desktop/ser/dataset/Audio_Speech_Actors_01-24/Actor_07/03-01-03-01-02-02-07.wav,03-01-03-01-02-02-07.wav,happy,03,7,male,normal,2,Dogs are sitting by the door,2,speech,audio_only,48000,3.403395833333333,0.048736572265625,0.006792847998440266,False,False,False,False,False,clean
/Users/devanshbansal/Desktop/ser/dataset/Audio_Speech_Actors_01-24/Actor_07/03-01-03-02-01-01-07.wav,03-01-03-02-01-01-07.wav,happy,03,7,male,strong,1,Kids are talking by the door,1,speech,audio_only,48000,4.104104166666667,0.177398681640625,0.023535894230008125,False,False,False,False,False,clean
/Users/devanshbansal/Desktop/ser/dataset/Audio_Speech_Actors_01-24/Actor_07/03-01-03-02-01-02-07.wav,03-01-03-02-01-02-07.wav,happy,03,7,male,strong,1,Kids are talking by the door,2,speech,audio_only,48000,4.037354166666667,0.223846435546875,0.028430139645934105,False,False,False,False,False,clean
/Users/devanshbansal/Desktop/ser/dataset/Audio_Speech_Actors_01-24/Actor_07/03-01-03-02-02-01-07.wav,03-01-03-02-02-01-07.wav,happy,03,7,male,strong,2,Dogs are sitting by the door,1,speech,audio_only,48000,4.037375,0.1907958984375,0.020150430500507355,False,False,False,False,False,clean
/Users/devanshbansal/Desktop/ser/dataset/Audio_Speech_Actors_01-24/Actor_07/03-01-03-02-02-02-07.wav,03-01-03-02-02-02-07.wav,happy,03,7,male,strong,2,Dogs are sitting by the door,2,speech,audio_only,48000,3.8371666666666666,0.265960693359375,0.034802041947841644,False,False,False,False,False,clean
/Users/devanshbansal/Desktop/ser/dataset/Audio_Speech_Actors_01-24/Actor_07/03-01-04-01-01-01-07.wav,03-01-04-01-01-01-07.wav,sad,04,7,male,normal,1,Kids are talking by the door,1,speech,audio_only,48000,3.536875,0.031463623046875,0.002606827998533845,False,False,False,False,False,clean
/Users/devanshbansal/Desktop/ser/dataset/Audio_Speech_Actors_01-24/Actor_07/03-01-04-01-01-02-07.wav,03-01-04-01-01-02-07.wav,sad,04,7,male,normal,1,Kids are talking by the door,2,speech,audio_only,48000,3.6035833333333334,0.040283203125,0.002925121458247304,False,False,False,False,False,clean
/Users/devanshbansal/Desktop/ser/dataset/Audio_Speech_Actors_01-24/Actor_07/03-01-04-01-02-01-07.wav,03-01-04-01-02-01-07.wav,sad,04,7,male,normal,2,Dogs are sitting by the door,1,speech,audio_only,48000,3.536875,0.026885986328125,0.0028611603192985058,False,False,False,False,False,clean
/Users/devanshbansal/Desktop/ser/dataset/Audio_Speech_Actors_01-24/Actor_07/03-01-04-01-02-02-07.wav,03-01-04-01-02-02-07.wav,sad,04,7,male,normal,2,Dogs are sitting by the door,2,speech,audio_only,48000,3.8705208333333334,0.049835205078125,0.006022246088832617,False,False,False,False,False,clean
/Users/devanshbansal/Desktop/ser/dataset/Audio_Speech_Actors_01-24/Actor_07/03-01-04-02-01-01-07.wav,03-01-04-02-01-01-07.wav,sad,04,7,male,strong,1,Kids are talking by the door,1,speech,audio_only,48000,3.93725,0.0643310546875,0.006059740670025349,False,False,False,False,False,clean
/Users/devanshbansal/Desktop/ser/dataset/Audio_Speech_Actors_01-24/Actor_07/03-01-04-02-01-02-07.wav,03-01-04-02-01-02-07.wav,sad,04,7,male,strong,1,Kids are talking by the door,2,speech,audio_only,48000,3.8371666666666666,0.09881591796875,0.00665759714320302,False,False,False,False,False,clean
/Users/devanshbansal/Desktop/ser/dataset/Audio_Speech_Actors_01-24/Actor_07/03-01-04-02-02-01-07.wav,03-01-04-02-02-01-07.wav,sad,04,7,male,strong,2,Dogs are sitting by the door,1,speech,audio_only,48000,3.636979166666667,0.06854248046875,0.011052499525249004,False,False,False,False,False,clean
/Users/devanshbansal/Desktop/ser/dataset/Audio_Speech_Actors_01-24/Actor_07/03-01-04-02-02-02-07.wav,03-01-04-02-02-02-07.wav,sad,04,7,male,strong,2,Dogs are sitting by the door,2,speech,audio_only,48000,3.8371666666666666,0.1087646484375,0.00873506534844637,False,False,False,False,False,clean
/Users/devanshbansal/Desktop/ser/dataset/Audio_Speech_Actors_01-24/Actor_07/03-01-05-01-01-01-07.wav,03-01-05-01-01-01-07.wav,angry,05,7,male,normal,1,Kids are talking by the door,1,speech,audio_only,48000,4.004,0.243438720703125,0.020980531349778175,False,False,False,False,False,clean
/Users/devanshbansal/Desktop/ser/dataset/Audio_Speech_Actors_01-24/Actor_07/03-01-05-01-01-02-07.wav,03-01-05-01-01-02-07.wav,angry,05,7,male,normal,1,Kids are talking by the door,2,speech,audio_only,48000,3.970645833333333,0.47991943359375,0.04808734729886055,False,False,False,False,False,clean
/Users/devanshbansal/Desktop/ser/dataset/Audio_Speech_Actors_01-24/Actor_07/03-01-05-01-02-01-07.wav,03-01-05-01-02-01-07.wav,angry,05,7,male,normal,2,Dogs are sitting by the door,1,speech,audio_only,48000,4.004,0.085052490234375,0.007521975785493851,False,False,False,False,False,clean
/Users/devanshbansal/Desktop/ser/dataset/Audio_Speech_Actors_01-24/Actor_07/03-01-05-01-02-02-07.wav,03-01-05-01-02-02-07.wav,angry,05,7,male,normal,2,Dogs are sitting by the door,2,speech,audio_only,48000,4.004,0.155548095703125,0.017897963523864746,False,False,False,False,False,clean
/Users/devanshbansal/Desktop/ser/dataset/Audio_Speech_Actors_01-24/Actor_07/03-01-05-02-01-01-07.wav,03-01-05-02-01-01-07.wav,angry,05,7,male,strong,1,Kids are talking by the door,1,speech,audio_only,48000,3.6036041666666665,0.782806396484375,0.040667757391929626,False,False,False,False,False,clean
/Users/devanshbansal/Desktop/ser/dataset/Audio_Speech_Actors_01-24/Actor_07/03-01-05-02-01-02-07.wav,03-01-05-02-01-02-07.wav,angry,05,7,male,strong,1,Kids are talking by the door,2,speech,audio_only,48000,4.004,0.9910888671875,0.08177496492862701,False,False,True,False,False,clipped
/Users/devanshbansal/Desktop/ser/dataset/Audio_Speech_Actors_01-24/Actor_07/03-01-05-02-02-01-07.wav,03-01-05-02-02-01-07.wav,angry,05,7,male,strong,2,Dogs are sitting by the door,1,speech,audio_only,48000,3.8371666666666666,0.997100830078125,0.12028645724058151,False,False,True,False,False,clipped
/Users/devanshbansal/Desktop/ser/dataset/Audio_Speech_Actors_01-24/Actor_07/03-01-05-02-02-02-07.wav,03-01-05-02-02-02-07.wav,angry,05,7,male,strong,2,Dogs are sitting by the door,2,speech,audio_only,48000,4.337666666666666,0.966796875,0.09620983153581619,False,False,False,False,False,clean
/Users/devanshbansal/Desktop/ser/dataset/Audio_Speech_Actors_01-24/Actor_07/03-01-06-01-01-01-07.wav,03-01-06-01-01-01-07.wav,fearful,06,7,male,normal,1,Kids are talking by the door,1,speech,audio_only,48000,3.4367708333333336,0.04931640625,0.005673830397427082,False,False,False,False,False,clean
/Users/devanshbansal/Desktop/ser/dataset/Audio_Speech_Actors_01-24/Actor_07/03-01-06-01-01-02-07.wav,03-01-06-01-01-02-07.wav,fearful,06,7,male,normal,1,Kids are talking by the door,2,speech,audio_only,48000,3.5035,0.056854248046875,0.007241956423968077,False,False,False,False,False,clean
/Users/devanshbansal/Desktop/ser/dataset/Audio_Speech_Actors_01-24/Actor_07/03-01-06-01-02-01-07.wav,03-01-06-01-02-01-07.wav,fearful,06,7,male,normal,2,Dogs are sitting by the door,1,speech,audio_only,48000,3.4367708333333336,0.05029296875,0.006767896004021168,False,False,False,False,False,clean
/Users/devanshbansal/Desktop/ser/dataset/Audio_Speech_Actors_01-24/Actor_07/03-01-06-01-02-02-07.wav,03-01-06-01-02-02-07.wav,fearful,06,7,male,normal,2,Dogs are sitting by the door,2,speech,audio_only,48000,3.370041666666667,0.058074951171875,0.006454387214034796,False,False,False,False,False,clean
/Users/devanshbansal/Desktop/ser/dataset/Audio_Speech_Actors_01-24/Actor_07/03-01-06-02-01-01-07.wav,03-01-06-02-01-01-07.wav,fearful,06,7,male,strong,1,Kids are talking by the door,1,speech,audio_only,48000,3.636979166666667,0.250213623046875,0.03084252029657364,False,False,False,False,False,clean
/Users/devanshbansal/Desktop/ser/dataset/Audio_Speech_Actors_01-24/Actor_07/03-01-06-02-01-02-07.wav,03-01-06-02-01-02-07.wav,fearful,06,7,male,strong,1,Kids are talking by the door,2,speech,audio_only,48000,3.470125,0.222076416015625,0.022752443328499794,False,False,False,False,False,clean
/Users/devanshbansal/Desktop/ser/dataset/Audio_Speech_Actors_01-24/Actor_07/03-01-06-02-02-01-07.wav,03-01-06-02-02-01-07.wav,fearful,06,7,male,strong,2,Dogs are sitting by the door,1,speech,audio_only,48000,3.403395833333333,0.482574462890625,0.04643728956580162,False,False,False,False,False,clean
/Users/devanshbansal/Desktop/ser/dataset/Audio_Speech_Actors_01-24/Actor_07/03-01-06-02-02-02-07.wav,03-01-06-02-02-02-07.wav,fearful,06,7,male,strong,2,Dogs are sitting by the door,2,speech,audio_only,48000,3.5035,0.49932861328125,0.0487305223941803,False,False,False,False,False,clean
/Users/devanshbansal/Desktop/ser/dataset/Audio_Speech_Actors_01-24/Actor_07/03-01-07-01-01-01-07.wav,03-01-07-01-01-01-07.wav,disgust,07,7,male,normal,1,Kids are talking by the door,1,speech,audio_only,48000,3.5368541666666666,0.042266845703125,0.003542874474078417,False,False,False,False,False,clean
/Users/devanshbansal/Desktop/ser/dataset/Audio_Speech_Actors_01-24/Actor_07/03-01-07-01-01-02-07.wav,03-01-07-01-01-02-07.wav,disgust,07,7,male,normal,1,Kids are talking by the door,2,speech,audio_only,48000,3.5035,0.0511474609375,0.0042931619100272655,False,False,False,False,False,clean
/Users/devanshbansal/Desktop/ser/dataset/Audio_Speech_Actors_01-24/Actor_07/03-01-07-01-02-01-07.wav,03-01-07-01-02-01-07.wav,disgust,07,7,male,normal,2,Dogs are sitting by the door,1,speech,audio_only,48000,3.4367708333333336,0.019287109375,0.0026794499717652798,False,False,False,False,False,clean
/Users/devanshbansal/Desktop/ser/dataset/Audio_Speech_Actors_01-24/Actor_07/03-01-07-01-02-02-07.wav,03-01-07-01-02-02-07.wav,disgust,07,7,male,normal,2,Dogs are sitting by the door,2,speech,audio_only,48000,3.5368541666666666,0.044769287109375,0.00446441350504756,False,False,False,False,False,clean
/Users/devanshbansal/Desktop/ser/dataset/Audio_Speech_Actors_01-24/Actor_07/03-01-07-02-01-01-07.wav,03-01-07-02-01-01-07.wav,disgust,07,7,male,strong,1,Kids are talking by the door,1,speech,audio_only,48000,4.137479166666667,0.174102783203125,0.014030923135578632,False,False,False,False,False,clean
/Users/devanshbansal/Desktop/ser/dataset/Audio_Speech_Actors_01-24/Actor_07/03-01-07-02-01-02-07.wav,03-01-07-02-01-02-07.wav,disgust,07,7,male,strong,1,Kids are talking by the door,2,speech,audio_only,48000,4.404395833333333,0.16107177734375,0.00865115411579609,False,False,False,False,False,clean
/Users/devanshbansal/Desktop/ser/dataset/Audio_Speech_Actors_01-24/Actor_07/03-01-07-02-02-01-07.wav,03-01-07-02-02-01-07.wav,disgust,07,7,male,strong,2,Dogs are sitting by the door,1,speech,audio_only,48000,4.137458333333333,0.153167724609375,0.009150433354079723,False,False,False,False,False,clean
/Users/devanshbansal/Desktop/ser/dataset/Audio_Speech_Actors_01-24/Actor_07/03-01-07-02-02-02-07.wav,03-01-07-02-02-02-07.wav,disgust,07,7,male,strong,2,Dogs are sitting by the door,2,speech,audio_only,48000,4.771416666666667,0.094024658203125,0.009570082649588585,False,False,False,False,False,clean
/Users/devanshbansal/Desktop/ser/dataset/Audio_Speech_Actors_01-24/Actor_07/03-01-08-01-01-01-07.wav,03-01-08-01-01-01-07.wav,surprised,08,7,male,normal,1,Kids are talking by the door,1,speech,audio_only,48000,3.470125,0.07598876953125,0.006619215477257967,False,False,False,False,False,clean
/Users/devanshbansal/Desktop/ser/dataset/Audio_Speech_Actors_01-24/Actor_07/03-01-08-01-01-02-07.wav,03-01-08-01-01-02-07.wav,surprised,08,7,male,normal,1,Kids are talking by the door,2,speech,audio_only,48000,3.536875,0.061492919921875,0.007870846427977085,False,False,False,False,False,clean
/Users/devanshbansal/Desktop/ser/dataset/Audio_Speech_Actors_01-24/Actor_07/03-01-08-01-02-01-07.wav,03-01-08-01-02-01-07.wav,surprised,08,7,male,normal,2,Dogs are sitting by the door,1,speech,audio_only,48000,3.4367708333333336,0.054901123046875,0.006794619373977184,False,False,False,False,False,clean
/Users/devanshbansal/Desktop/ser/dataset/Audio_Speech_Actors_01-24/Actor_07/03-01-08-01-02-02-07.wav,03-01-08-01-02-02-07.wav,surprised,08,7,male,normal,2,Dogs are sitting by the door,2,speech,audio_only,48000,3.4367708333333336,0.073486328125,0.007520777639001608,False,False,False,False,False,clean
/Users/devanshbansal/Desktop/ser/dataset/Audio_Speech_Actors_01-24/Actor_07/03-01-08-02-01-01-07.wav,03-01-08-02-01-01-07.wav,surprised,08,7,male,strong,1,Kids are talking by the door,1,speech,audio_only,48000,3.8705416666666665,0.2239990234375,0.02059159055352211,False,False,False,False,False,clean
/Users/devanshbansal/Desktop/ser/dataset/Audio_Speech_Actors_01-24/Actor_07/03-01-08-02-01-02-07.wav,03-01-08-02-01-02-07.wav,surprised,08,7,male,strong,1,Kids are talking by the door,2,speech,audio_only,48000,3.6369583333333333,0.118255615234375,0.009866627864539623,False,False,False,False,False,clean
/Users/devanshbansal/Desktop/ser/dataset/Audio_Speech_Actors_01-24/Actor_07/03-01-08-02-02-01-07.wav,03-01-08-02-02-01-07.wav,surprised,08,7,male,strong,2,Dogs are sitting by the door,1,speech,audio_only,48000,3.4367708333333336,0.180450439453125,0.019619835540652275,False,False,False,False,False,clean
/Users/devanshbansal/Desktop/ser/dataset/Audio_Speech_Actors_01-24/Actor_07/03-01-08-02-02-02-07.wav,03-01-08-02-02-02-07.wav,surprised,08,7,male,strong,2,Dogs are sitting by the door,2,speech,audio_only,48000,3.470125,0.126190185546875,0.013526464812457561,False,False,False,False,False,clean
/Users/devanshbansal/Desktop/ser/dataset/Audio_Speech_Actors_01-24/Actor_08/03-01-01-01-01-01-08.wav,03-01-01-01-01-01-08.wav,calm,01,8,female,normal,1,Kids are talking by the door,1,speech,audio_only,48000,3.5035,0.0386962890625,0.00411931611597538,False,False,False,False,False,clean
/Users/devanshbansal/Desktop/ser/dataset/Audio_Speech_Actors_01-24/Actor_08/03-01-01-01-01-02-08.wav,03-01-01-01-01-02-08.wav,calm,01,8,female,normal,1,Kids are talking by the door,2,speech,audio_only,48000,3.636979166666667,0.033294677734375,0.004160032607614994,False,False,False,False,False,clean
/Users/devanshbansal/Desktop/ser/dataset/Audio_Speech_Actors_01-24/Actor_08/03-01-01-01-02-01-08.wav,03-01-01-01-02-01-08.wav,calm,01,8,female,normal,2,Dogs are sitting by the door,1,speech,audio_only,48000,3.5368541666666666,0.036041259765625,0.004734376445412636,False,False,False,False,False,clean
/Users/devanshbansal/Desktop/ser/dataset/Audio_Speech_Actors_01-24/Actor_08/03-01-01-01-02-02-08.wav,03-01-01-01-02-02-08.wav,calm,01,8,female,normal,2,Dogs are sitting by the door,2,speech,audio_only,48000,3.5035,0.036102294921875,0.004593524616211653,False,False,False,False,False,clean
/Users/devanshbansal/Desktop/ser/dataset/Audio_Speech_Actors_01-24/Actor_08/03-01-02-01-01-01-08.wav,03-01-02-01-01-01-08.wav,calm,02,8,female,normal,1,Kids are talking by the door,1,speech,audio_only,48000,3.6036041666666665,0.020538330078125,0.002751279389485717,False,False,False,False,False,clean
/Users/devanshbansal/Desktop/ser/dataset/Audio_Speech_Actors_01-24/Actor_08/03-01-02-01-01-02-08.wav,03-01-02-01-01-02-08.wav,calm,02,8,female,normal,1,Kids are talking by the door,2,speech,audio_only,48000,3.4034166666666668,0.023956298828125,0.0025938439648598433,False,False,False,False,False,clean
/Users/devanshbansal/Desktop/ser/dataset/Audio_Speech_Actors_01-24/Actor_08/03-01-02-01-02-01-08.wav,03-01-02-01-02-01-08.wav,calm,02,8,female,normal,2,Dogs are sitting by the door,1,speech,audio_only,48000,3.470125,0.02685546875,0.003232150338590145,False,False,False,False,False,clean
/Users/devanshbansal/Desktop/ser/dataset/Audio_Speech_Actors_01-24/Actor_08/03-01-02-01-02-02-08.wav,03-01-02-01-02-02-08.wav,calm,02,8,female,normal,2,Dogs are sitting by the door,2,speech,audio_only,48000,3.470125,0.0162353515625,0.0027513906825333834,False,False,False,False,False,clean
/Users/devanshbansal/Desktop/ser/dataset/Audio_Speech_Actors_01-24/Actor_08/03-01-02-02-01-01-08.wav,03-01-02-02-01-01-08.wav,calm,02,8,female,strong,1,Kids are talking by the door,1,speech,audio_only,48000,3.6369583333333333,0.01580810546875,0.0022429917007684708,False,False,False,False,False,clean
/Users/devanshbansal/Desktop/ser/dataset/Audio_Speech_Actors_01-24/Actor_08/03-01-02-02-01-02-08.wav,03-01-02-02-01-02-08.wav,calm,02,8,female,strong,1,Kids are talking by the door,2,speech,audio_only,48000,3.7370625,0.02178955078125,0.0022728953044861555,False,False,False,False,False,clean
/Users/devanshbansal/Desktop/ser/dataset/Audio_Speech_Actors_01-24/Actor_08/03-01-02-02-02-01-08.wav,03-01-02-02-02-01-08.wav,calm,02,8,female,strong,2,Dogs are sitting by the door,1,speech,audio_only,48000,3.6703333333333332,0.02056884765625,0.0024490985088050365,False,False,False,False,False,clean
/Users/devanshbansal/Desktop/ser/dataset/Audio_Speech_Actors_01-24/Actor_08/03-01-02-02-02-02-08.wav,03-01-02-02-02-02-08.wav,calm,02,8,female,strong,2,Dogs are sitting by the door,2,speech,audio_only,48000,3.8038125,0.017364501953125,0.0026001669466495514,False,False,False,False,False,clean
/Users/devanshbansal/Desktop/ser/dataset/Audio_Speech_Actors_01-24/Actor_08/03-01-03-01-01-01-08.wav,03-01-03-01-01-01-08.wav,happy,03,8,female,normal,1,Kids are talking by the door,1,speech,audio_only,48000,3.5035,0.064483642578125,0.006063379812985659,False,False,False,False,False,clean
/Users/devanshbansal/Desktop/ser/dataset/Audio_Speech_Actors_01-24/Actor_08/03-01-03-01-01-02-08.wav,03-01-03-01-01-02-08.wav,happy,03,8,female,normal,1,Kids are talking by the door,2,speech,audio_only,48000,3.43675,0.084228515625,0.0062314909882843494,False,False,False,False,False,clean
/Users/devanshbansal/Desktop/ser/dataset/Audio_Speech_Actors_01-24/Actor_08/03-01-03-01-02-01-08.wav,03-01-03-01-02-01-08.wav,happy,03,8,female,normal,2,Dogs are sitting by the door,1,speech,audio_only,48000,3.470125,0.0621337890625,0.006563898175954819,False,False,False,False,False,clean
/Users/devanshbansal/Desktop/ser/dataset/Audio_Speech_Actors_01-24/Actor_08/03-01-03-01-02-02-08.wav,03-01-03-01-02-02-08.wav,happy,03,8,female,normal,2,Dogs are sitting by the door,2,speech,audio_only,48000,3.4367708333333336,0.103424072265625,0.008385282941162586,False,False,False,False,False,clean
/Users/devanshbansal/Desktop/ser/dataset/Audio_Speech_Actors_01-24/Actor_08/03-01-03-02-01-01-08.wav,03-01-03-02-01-01-08.wav,happy,03,8,female,strong,1,Kids are talking by the door,1,speech,audio_only,48000,3.7704166666666667,0.20709228515625,0.017971443012356758,False,False,False,False,False,clean
/Users/devanshbansal/Desktop/ser/dataset/Audio_Speech_Actors_01-24/Actor_08/03-01-03-02-01-02-08.wav,03-01-03-02-01-02-08.wav,happy,03,8,female,strong,1,Kids are talking by the door,2,speech,audio_only,48000,3.9038958333333333,0.160186767578125,0.017163241282105446,False,False,False,False,False,clean
/Users/devanshbansal/Desktop/ser/dataset/Audio_Speech_Actors_01-24/Actor_08/03-01-03-02-02-01-08.wav,03-01-03-02-02-01-08.wav,happy,03,8,female,strong,2,Dogs are sitting by the door,1,speech,audio_only,48000,3.8371666666666666,0.241424560546875,0.019062453880906105,False,False,False,False,False,clean
/Users/devanshbansal/Desktop/ser/dataset/Audio_Speech_Actors_01-24/Actor_08/03-01-03-02-02-02-08.wav,03-01-03-02-02-02-08.wav,happy,03,8,female,strong,2,Dogs are sitting by the door,2,speech,audio_only,48000,3.9372708333333333,0.12115478515625,0.014926256611943245,False,False,False,False,False,clean
/Users/devanshbansal/Desktop/ser/dataset/Audio_Speech_Actors_01-24/Actor_08/03-01-04-01-01-01-08.wav,03-01-04-01-01-01-08.wav,sad,04,8,female,normal,1,Kids are talking by the door,1,speech,audio_only,48000,4.204208333333334,0.018646240234375,0.002655213698744774,False,False,False,False,False,clean
/Users/devanshbansal/Desktop/ser/dataset/Audio_Speech_Actors_01-24/Actor_08/03-01-04-01-01-02-08.wav,03-01-04-01-01-02-08.wav,sad,04,8,female,normal,1,Kids are talking by the door,2,speech,audio_only,48000,3.8705208333333334,0.018707275390625,0.0023659146390855312,False,False,False,False,False,clean
/Users/devanshbansal/Desktop/ser/dataset/Audio_Speech_Actors_01-24/Actor_08/03-01-04-01-02-01-08.wav,03-01-04-01-02-01-08.wav,sad,04,8,female,normal,2,Dogs are sitting by the door,1,speech,audio_only,48000,3.57025,0.0152587890625,0.0024201388005167246,False,False,False,False,False,clean
/Users/devanshbansal/Desktop/ser/dataset/Audio_Speech_Actors_01-24/Actor_08/03-01-04-01-02-02-08.wav,03-01-04-01-02-02-08.wav,sad,04,8,female,normal,2,Dogs are sitting by the door,2,speech,audio_only,48000,3.6036041666666665,0.021575927734375,0.0023621274158358574,False,False,False,False,False,clean
/Users/devanshbansal/Desktop/ser/dataset/Audio_Speech_Actors_01-24/Actor_08/03-01-04-02-01-01-08.wav,03-01-04-02-01-01-08.wav,sad,04,8,female,strong,1,Kids are talking by the door,1,speech,audio_only,48000,3.7704166666666667,0.03509521484375,0.0055950479581952095,False,False,False,False,False,clean
/Users/devanshbansal/Desktop/ser/dataset/Audio_Speech_Actors_01-24/Actor_08/03-01-04-02-01-02-08.wav,03-01-04-02-01-02-08.wav,sad,04,8,female,strong,1,Kids are talking by the door,2,speech,audio_only,48000,3.9372708333333333,0.04864501953125,0.005827924702316523,False,False,False,False,False,clean
/Users/devanshbansal/Desktop/ser/dataset/Audio_Speech_Actors_01-24/Actor_08/03-01-04-02-02-01-08.wav,03-01-04-02-02-01-08.wav,sad,04,8,female,strong,2,Dogs are sitting by the door,1,speech,audio_only,48000,3.6703333333333332,0.035003662109375,0.005285185761749744,False,False,False,False,False,clean
/Users/devanshbansal/Desktop/ser/dataset/Audio_Speech_Actors_01-24/Actor_08/03-01-04-02-02-02-08.wav,03-01-04-02-02-02-08.wav,sad,04,8,female,strong,2,Dogs are sitting by the door,2,speech,audio_only,48000,3.703708333333333,0.04669189453125,0.007037547882646322,False,False,False,False,False,clean
/Users/devanshbansal/Desktop/ser/dataset/Audio_Speech_Actors_01-24/Actor_08/03-01-05-01-01-01-08.wav,03-01-05-01-01-01-08.wav,angry,05,8,female,normal,1,Kids are talking by the door,1,speech,audio_only,48000,3.703708333333333,0.161285400390625,0.015766896307468414,False,False,False,False,False,clean
/Users/devanshbansal/Desktop/ser/dataset/Audio_Speech_Actors_01-24/Actor_08/03-01-05-01-01-02-08.wav,03-01-05-01-01-02-08.wav,angry,05,8,female,normal,1,Kids are talking by the door,2,speech,audio_only,48000,3.6036041666666665,0.182464599609375,0.016381237655878067,False,False,False,False,False,clean
/Users/devanshbansal/Desktop/ser/dataset/Audio_Speech_Actors_01-24/Actor_08/03-01-05-01-02-01-08.wav,03-01-05-01-02-01-08.wav,angry,05,8,female,normal,2,Dogs are sitting by the door,1,speech,audio_only,48000,3.536875,0.130615234375,0.012405740097165108,False,False,False,False,False,clean
/Users/devanshbansal/Desktop/ser/dataset/Audio_Speech_Actors_01-24/Actor_08/03-01-05-01-02-02-08.wav,03-01-05-01-02-02-08.wav,angry,05,8,female,normal,2,Dogs are sitting by the door,2,speech,audio_only,48000,3.5702291666666666,0.111358642578125,0.01442375872284174,False,False,False,False,False,clean
/Users/devanshbansal/Desktop/ser/dataset/Audio_Speech_Actors_01-24/Actor_08/03-01-05-02-01-01-08.wav,03-01-05-02-01-01-08.wav,angry,05,8,female,strong,1,Kids are talking by the door,1,speech,audio_only,48000,3.970625,0.357574462890625,0.03770224004983902,False,False,False,False,False,clean
/Users/devanshbansal/Desktop/ser/dataset/Audio_Speech_Actors_01-24/Actor_08/03-01-05-02-01-02-08.wav,03-01-05-02-01-02-08.wav,angry,05,8,female,strong,1,Kids are talking by the door,2,speech,audio_only,48000,3.7704375,0.998809814453125,0.09545578062534332,False,False,True,False,False,clipped
/Users/devanshbansal/Desktop/ser/dataset/Audio_Speech_Actors_01-24/Actor_08/03-01-05-02-02-01-08.wav,03-01-05-02-02-01-08.wav,angry,05,8,female,strong,2,Dogs are sitting by the door,1,speech,audio_only,48000,3.6036041666666665,0.41796875,0.038207367062568665,False,False,False,False,False,clean
/Users/devanshbansal/Desktop/ser/dataset/Audio_Speech_Actors_01-24/Actor_08/03-01-05-02-02-02-08.wav,03-01-05-02-02-02-08.wav,angry,05,8,female,strong,2,Dogs are sitting by the door,2,speech,audio_only,48000,3.6369583333333333,0.530242919921875,0.0418173111975193,False,False,False,False,False,clean
/Users/devanshbansal/Desktop/ser/dataset/Audio_Speech_Actors_01-24/Actor_08/03-01-06-01-01-01-08.wav,03-01-06-01-01-01-08.wav,fearful,06,8,female,normal,1,Kids are talking by the door,1,speech,audio_only,48000,3.970645833333333,0.124267578125,0.015193682163953781,False,False,False,False,False,clean
/Users/devanshbansal/Desktop/ser/dataset/Audio_Speech_Actors_01-24/Actor_08/03-01-06-01-01-02-08.wav,03-01-06-01-01-02-08.wav,fearful,06,8,female,normal,1,Kids are talking by the door,2,speech,audio_only,48000,3.6703333333333332,0.10693359375,0.0144502567127347,False,False,False,False,False,clean
/Users/devanshbansal/Desktop/ser/dataset/Audio_Speech_Actors_01-24/Actor_08/03-01-06-01-02-01-08.wav,03-01-06-01-02-01-08.wav,fearful,06,8,female,normal,2,Dogs are sitting by the door,1,speech,audio_only,48000,3.7704375,0.1353759765625,0.01749272830784321,False,False,False,False,False,clean
/Users/devanshbansal/Desktop/ser/dataset/Audio_Speech_Actors_01-24/Actor_08/03-01-06-01-02-02-08.wav,03-01-06-01-02-02-08.wav,fearful,06,8,female,normal,2,Dogs are sitting by the door,2,speech,audio_only,48000,3.6703333333333332,0.11700439453125,0.01351616345345974,False,False,False,False,False,clean
/Users/devanshbansal/Desktop/ser/dataset/Audio_Speech_Actors_01-24/Actor_08/03-01-06-02-01-01-08.wav,03-01-06-02-01-01-08.wav,fearful,06,8,female,strong,1,Kids are talking by the door,1,speech,audio_only,48000,3.970625,0.600311279296875,0.04478587955236435,False,False,False,False,False,clean
/Users/devanshbansal/Desktop/ser/dataset/Audio_Speech_Actors_01-24/Actor_08/03-01-06-02-01-02-08.wav,03-01-06-02-01-02-08.wav,fearful,06,8,female,strong,1,Kids are talking by the door,2,speech,audio_only,48000,3.9038958333333333,0.48394775390625,0.04843830689787865,False,False,False,False,False,clean
/Users/devanshbansal/Desktop/ser/dataset/Audio_Speech_Actors_01-24/Actor_08/03-01-06-02-02-01-08.wav,03-01-06-02-02-01-08.wav,fearful,06,8,female,strong,2,Dogs are sitting by the door,1,speech,audio_only,48000,3.8705208333333334,0.39556884765625,0.04470590874552727,False,False,False,False,False,clean
/Users/devanshbansal/Desktop/ser/dataset/Audio_Speech_Actors_01-24/Actor_08/03-01-06-02-02-02-08.wav,03-01-06-02-02-02-08.wav,fearful,06,8,female,strong,2,Dogs are sitting by the door,2,speech,audio_only,48000,3.9372708333333333,0.36041259765625,0.05241868272423744,False,False,False,False,False,clean
/Users/devanshbansal/Desktop/ser/dataset/Audio_Speech_Actors_01-24/Actor_08/03-01-07-01-01-01-08.wav,03-01-07-01-01-01-08.wav,disgust,07,8,female,normal,1,Kids are talking by the door,1,speech,audio_only,48000,3.9038958333333333,0.048431396484375,0.004119753837585449,False,False,False,False,False,clean
/Users/devanshbansal/Desktop/ser/dataset/Audio_Speech_Actors_01-24/Actor_08/03-01-07-01-01-02-08.wav,03-01-07-01-01-02-08.wav,disgust,07,8,female,normal,1,Kids are talking by the door,2,speech,audio_only,48000,3.6703333333333332,0.028076171875,0.0034565413370728493,False,False,False,False,False,clean
/Users/devanshbansal/Desktop/ser/dataset/Audio_Speech_Actors_01-24/Actor_08/03-01-07-01-02-01-08.wav,03-01-07-01-02-01-08.wav,disgust,07,8,female,normal,2,Dogs are sitting by the door,1,speech,audio_only,48000,3.9372708333333333,0.037994384765625,0.004943437408655882,False,False,False,False,False,clean
/Users/devanshbansal/Desktop/ser/dataset/Audio_Speech_Actors_01-24/Actor_08/03-01-07-01-02-02-08.wav,03-01-07-01-02-02-08.wav,disgust,07,8,female,normal,2,Dogs are sitting by the door,2,speech,audio_only,48000,3.8371666666666666,0.042572021484375,0.0049165477976202965,False,False,False,False,False,clean
/Users/devanshbansal/Desktop/ser/dataset/Audio_Speech_Actors_01-24/Actor_08/03-01-07-02-01-01-08.wav,03-01-07-02-01-01-08.wav,disgust,07,8,female,strong,1,Kids are talking by the door,1,speech,audio_only,48000,4.070729166666666,0.062255859375,0.007413953542709351,False,False,False,False,False,clean
/Users/devanshbansal/Desktop/ser/dataset/Audio_Speech_Actors_01-24/Actor_08/03-01-07-02-01-02-08.wav,03-01-07-02-01-02-08.wav,disgust,07,8,female,strong,1,Kids are talking by the door,2,speech,audio_only,48000,3.7704375,0.041748046875,0.00507021090015769,False,False,False,False,False,clean
/Users/devanshbansal/Desktop/ser/dataset/Audio_Speech_Actors_01-24/Actor_08/03-01-07-02-02-01-08.wav,03-01-07-02-02-01-08.wav,disgust,07,8,female,strong,2,Dogs are sitting by the door,1,speech,audio_only,48000,3.7370833333333335,0.04730224609375,0.005889897234737873,False,False,False,False,False,clean
/Users/devanshbansal/Desktop/ser/dataset/Audio_Speech_Actors_01-24/Actor_08/03-01-07-02-02-02-08.wav,03-01-07-02-02-02-08.wav,disgust,07,8,female,strong,2,Dogs are sitting by the door,2,speech,audio_only,48000,3.8705208333333334,0.051849365234375,0.008145282976329327,False,False,False,False,False,clean
/Users/devanshbansal/Desktop/ser/dataset/Audio_Speech_Actors_01-24/Actor_08/03-01-08-01-01-01-08.wav,03-01-08-01-01-01-08.wav,surprised,08,8,female,normal,1,Kids are talking by the door,1,speech,audio_only,48000,3.703708333333333,0.05108642578125,0.006511250510811806,False,False,False,False,False,clean
/Users/devanshbansal/Desktop/ser/dataset/Audio_Speech_Actors_01-24/Actor_08/03-01-08-01-01-02-08.wav,03-01-08-01-01-02-08.wav,surprised,08,8,female,normal,1,Kids are talking by the door,2,speech,audio_only,48000,3.8037916666666667,0.061370849609375,0.007585839368402958,False,False,False,False,False,clean
/Users/devanshbansal/Desktop/ser/dataset/Audio_Speech_Actors_01-24/Actor_08/03-01-08-01-02-01-08.wav,03-01-08-01-02-01-08.wav,surprised,08,8,female,normal,2,Dogs are sitting by the door,1,speech,audio_only,48000,3.7704375,0.092926025390625,0.01159291248768568,False,False,False,False,False,clean
/Users/devanshbansal/Desktop/ser/dataset/Audio_Speech_Actors_01-24/Actor_08/03-01-08-01-02-02-08.wav,03-01-08-01-02-02-08.wav,surprised,08,8,female,normal,2,Dogs are sitting by the door,2,speech,audio_only,48000,3.536875,0.064666748046875,0.008529795333743095,False,False,False,False,False,clean
/Users/devanshbansal/Desktop/ser/dataset/Audio_Speech_Actors_01-24/Actor_08/03-01-08-02-01-01-08.wav,03-01-08-02-01-01-08.wav,surprised,08,8,female,strong,1,Kids are talking by the door,1,speech,audio_only,48000,3.8371666666666666,0.081817626953125,0.011397539637982845,False,False,False,False,False,clean
/Users/devanshbansal/Desktop/ser/dataset/Audio_Speech_Actors_01-24/Actor_08/03-01-08-02-01-02-08.wav,03-01-08-02-01-02-08.wav,surprised,08,8,female,strong,1,Kids are talking by the door,2,speech,audio_only,48000,3.7036875,0.116943359375,0.013745888136327267,False,False,False,False,False,clean
/Users/devanshbansal/Desktop/ser/dataset/Audio_Speech_Actors_01-24/Actor_08/03-01-08-02-02-01-08.wav,03-01-08-02-02-01-08.wav,surprised,08,8,female,strong,2,Dogs are sitting by the door,1,speech,audio_only,48000,3.8037916666666667,0.162109375,0.01690281741321087,False,False,False,False,False,clean
/Users/devanshbansal/Desktop/ser/dataset/Audio_Speech_Actors_01-24/Actor_08/03-01-08-02-02-02-08.wav,03-01-08-02-02-02-08.wav,surprised,08,8,female,strong,2,Dogs are sitting by the door,2,speech,audio_only,48000,3.8705416666666665,0.112213134765625,0.016577109694480896,False,False,False,False,False,clean
/Users/devanshbansal/Desktop/ser/dataset/Audio_Speech_Actors_01-24/Actor_09/03-01-01-01-01-01-09.wav,03-01-01-01-01-01-09.wav,calm,01,9,male,normal,1,Kids are talking by the door,1,speech,audio_only,48000,3.2699375,0.020721435546875,0.0018723924877122045,False,False,False,False,False,clean
/Users/devanshbansal/Desktop/ser/dataset/Audio_Speech_Actors_01-24/Actor_09/03-01-01-01-01-02-09.wav,03-01-01-01-01-02-09.wav,calm,01,9,male,normal,1,Kids are talking by the door,2,speech,audio_only,48000,3.2032083333333334,0.016204833984375,0.00151923019438982,False,False,False,False,False,clean
/Users/devanshbansal/Desktop/ser/dataset/Audio_Speech_Actors_01-24/Actor_09/03-01-01-01-02-01-09.wav,03-01-01-01-02-01-09.wav,calm,01,9,male,normal,2,Dogs are sitting by the door,1,speech,audio_only,48000,3.3366666666666664,0.01458740234375,0.0016641417751088738,False,False,False,False,False,clean
/Users/devanshbansal/Desktop/ser/dataset/Audio_Speech_Actors_01-24/Actor_09/03-01-01-01-02-02-09.wav,03-01-01-01-02-02-09.wav,calm,01,9,male,normal,2,Dogs are sitting by the door,2,speech,audio_only,48000,3.2365833333333334,0.01702880859375,0.0018276473274454474,False,False,False,False,False,clean
/Users/devanshbansal/Desktop/ser/dataset/Audio_Speech_Actors_01-24/Actor_09/03-01-02-01-01-01-09.wav,03-01-02-01-01-01-09.wav,calm,02,9,male,normal,1,Kids are talking by the door,1,speech,audio_only,48000,3.3366666666666664,0.01727294921875,0.0016049746191129088,False,False,False,False,False,clean
/Users/devanshbansal/Desktop/ser/dataset/Audio_Speech_Actors_01-24/Actor_09/03-01-02-01-01-02-09.wav,03-01-02-01-01-02-09.wav,calm,02,9,male,normal,1,Kids are talking by the door,2,speech,audio_only,48000,3.3366666666666664,0.021209716796875,0.0018941013840958476,False,False,False,False,False,clean
/Users/devanshbansal/Desktop/ser/dataset/Audio_Speech_Actors_01-24/Actor_09/03-01-02-01-02-01-09.wav,03-01-02-01-02-01-09.wav,calm,02,9,male,normal,2,Dogs are sitting by the door,1,speech,audio_only,48000,3.4701458333333335,0.02777099609375,0.0029883370734751225,False,False,False,False,False,clean
/Users/devanshbansal/Desktop/ser/dataset/Audio_Speech_Actors_01-24/Actor_09/03-01-02-01-02-02-09.wav,03-01-02-01-02-02-09.wav,calm,02,9,male,normal,2,Dogs are sitting by the door,2,speech,audio_only,48000,3.5702291666666666,0.019134521484375,0.0017774486914277077,False,False,False,False,False,clean
/Users/devanshbansal/Desktop/ser/dataset/Audio_Speech_Actors_01-24/Actor_09/03-01-02-02-01-01-09.wav,03-01-02-02-01-01-09.wav,calm,02,9,male,strong,1,Kids are talking by the door,1,speech,audio_only,48000,3.3366666666666664,0.010345458984375,0.0008289307006634772,False,True,False,False,False,silent
/Users/devanshbansal/Desktop/ser/dataset/Audio_Speech_Actors_01-24/Actor_09/03-01-02-02-01-02-09.wav,03-01-02-02-01-02-09.wav,calm,02,9,male,strong,1,Kids are talking by the door,2,speech,audio_only,48000,3.4367708333333336,0.0072021484375,0.0010055883321911097,False,True,False,False,False,silent
/Users/devanshbansal/Desktop/ser/dataset/Audio_Speech_Actors_01-24/Actor_09/03-01-02-02-02-01-09.wav,03-01-02-02-02-01-09.wav,calm,02,9,male,strong,2,Dogs are sitting by the door,1,speech,audio_only,48000,3.8037916666666667,0.02435302734375,0.0022465873043984175,False,False,False,False,False,clean
/Users/devanshbansal/Desktop/ser/dataset/Audio_Speech_Actors_01-24/Actor_09/03-01-02-02-02-02-09.wav,03-01-02-02-02-02-09.wav,calm,02,9,male,strong,2,Dogs are sitting by the door,2,speech,audio_only,48000,3.636979166666667,0.01934814453125,0.0020138933323323727,False,False,False,False,False,clean
/Users/devanshbansal/Desktop/ser/dataset/Audio_Speech_Actors_01-24/Actor_09/03-01-03-01-01-01-09.wav,03-01-03-01-01-01-09.wav,happy,03,9,male,normal,1,Kids are talking by the door,1,speech,audio_only,48000,3.3366666666666664,0.024169921875,0.002731339307501912,False,False,False,False,False,clean
/Users/devanshbansal/Desktop/ser/dataset/Audio_Speech_Actors_01-24/Actor_09/03-01-03-01-01-02-09.wav,03-01-03-01-01-02-09.wav,happy,03,9,male,normal,1,Kids are talking by the door,2,speech,audio_only,48000,3.5368541666666666,0.04840087890625,0.004607148468494415,False,False,False,False,False,clean
/Users/devanshbansal/Desktop/ser/dataset/Audio_Speech_Actors_01-24/Actor_09/03-01-03-01-02-01-09.wav,03-01-03-01-02-01-09.wav,happy,03,9,male,normal,2,Dogs are sitting by the door,1,speech,audio_only,48000,3.3032916666666665,0.033172607421875,0.003301063319668174,False,False,False,False,False,clean
/Users/devanshbansal/Desktop/ser/dataset/Audio_Speech_Actors_01-24/Actor_09/03-01-03-01-02-02-09.wav,03-01-03-01-02-02-09.wav,happy,03,9,male,normal,2,Dogs are sitting by the door,2,speech,audio_only,48000,3.4701458333333335,0.058563232421875,0.005496667698025703,False,False,False,False,False,clean
/Users/devanshbansal/Desktop/ser/dataset/Audio_Speech_Actors_01-24/Actor_09/03-01-03-02-01-01-09.wav,03-01-03-02-01-01-09.wav,happy,03,9,male,strong,1,Kids are talking by the door,1,speech,audio_only,48000,3.7704375,0.227203369140625,0.032740019261837006,False,False,False,False,False,clean
/Users/devanshbansal/Desktop/ser/dataset/Audio_Speech_Actors_01-24/Actor_09/03-01-03-02-01-02-09.wav,03-01-03-02-01-02-09.wav,happy,03,9,male,strong,1,Kids are talking by the door,2,speech,audio_only,48000,4.170833333333333,0.200927734375,0.02560570277273655,False,False,False,False,False,clean
/Users/devanshbansal/Desktop/ser/dataset/Audio_Speech_Actors_01-24/Actor_09/03-01-03-02-02-01-09.wav,03-01-03-02-02-01-09.wav,happy,03,9,male,strong,2,Dogs are sitting by the door,1,speech,audio_only,48000,3.57025,0.28857421875,0.036552850157022476,False,False,False,False,False,clean
/Users/devanshbansal/Desktop/ser/dataset/Audio_Speech_Actors_01-24/Actor_09/03-01-03-02-02-02-09.wav,03-01-03-02-02-02-09.wav,happy,03,9,male,strong,2,Dogs are sitting by the door,2,speech,audio_only,48000,3.5702291666666666,0.241851806640625,0.026143521070480347,False,False,False,False,False,clean
/Users/devanshbansal/Desktop/ser/dataset/Audio_Speech_Actors_01-24/Actor_09/03-01-04-01-01-01-09.wav,03-01-04-01-01-01-09.wav,sad,04,9,male,normal,1,Kids are talking by the door,1,speech,audio_only,48000,3.2699375,0.00830078125,0.0006518791196867824,False,True,False,False,False,silent
/Users/devanshbansal/Desktop/ser/dataset/Audio_Speech_Actors_01-24/Actor_09/03-01-04-01-01-02-09.wav,03-01-04-01-01-02-09.wav,sad,04,9,male,normal,1,Kids are talking by the door,2,speech,audio_only,48000,3.43675,0.01263427734375,0.0007872494752518833,False,True,False,False,False,silent
/Users/devanshbansal/Desktop/ser/dataset/Audio_Speech_Actors_01-24/Actor_09/03-01-04-01-02-01-09.wav,03-01-04-01-02-01-09.wav,sad,04,9,male,normal,2,Dogs are sitting by the door,1,speech,audio_only,48000,3.403395833333333,0.013824462890625,0.0011475165374577045,False,False,False,False,False,clean
/Users/devanshbansal/Desktop/ser/dataset/Audio_Speech_Actors_01-24/Actor_09/03-01-04-01-02-02-09.wav,03-01-04-01-02-02-09.wav,sad,04,9,male,normal,2,Dogs are sitting by the door,2,speech,audio_only,48000,3.4034166666666668,0.006134033203125,0.000669244269374758,False,True,False,False,False,silent
/Users/devanshbansal/Desktop/ser/dataset/Audio_Speech_Actors_01-24/Actor_09/03-01-04-02-01-01-09.wav,03-01-04-02-01-01-09.wav,sad,04,9,male,strong,1,Kids are talking by the door,1,speech,audio_only,48000,3.9372708333333333,0.03863525390625,0.0015902894083410501,False,False,False,False,False,clean
/Users/devanshbansal/Desktop/ser/dataset/Audio_Speech_Actors_01-24/Actor_09/03-01-04-02-01-02-09.wav,03-01-04-02-01-02-09.wav,sad,04,9,male,strong,1,Kids are talking by the door,2,speech,audio_only,48000,3.9038958333333333,0.01898193359375,0.0016846101498231292,False,False,False,False,False,clean
/Users/devanshbansal/Desktop/ser/dataset/Audio_Speech_Actors_01-24/Actor_09/03-01-04-02-02-01-09.wav,03-01-04-02-02-01-09.wav,sad,04,9,male,strong,2,Dogs are sitting by the door,1,speech,audio_only,48000,3.636979166666667,0.01800537109375,0.002101037185639143,False,False,False,False,False,clean
/Users/devanshbansal/Desktop/ser/dataset/Audio_Speech_Actors_01-24/Actor_09/03-01-04-02-02-02-09.wav,03-01-04-02-02-02-09.wav,sad,04,9,male,strong,2,Dogs are sitting by the door,2,speech,audio_only,48000,3.8705416666666665,0.026123046875,0.002149897627532482,False,False,False,False,False,clean
/Users/devanshbansal/Desktop/ser/dataset/Audio_Speech_Actors_01-24/Actor_09/03-01-05-01-01-01-09.wav,03-01-05-01-01-01-09.wav,angry,05,9,male,normal,1,Kids are talking by the door,1,speech,audio_only,48000,3.5702291666666666,0.02752685546875,0.0022522523067891598,False,False,False,False,False,clean
/Users/devanshbansal/Desktop/ser/dataset/Audio_Speech_Actors_01-24/Actor_09/03-01-05-01-01-02-09.wav,03-01-05-01-01-02-09.wav,angry,05,9,male,normal,1,Kids are talking by the door,2,speech,audio_only,48000,3.57025,0.05328369140625,0.0034985882230103016,False,False,False,False,False,clean
/Users/devanshbansal/Desktop/ser/dataset/Audio_Speech_Actors_01-24/Actor_09/03-01-05-01-02-01-09.wav,03-01-05-01-02-01-09.wav,angry,05,9,male,normal,2,Dogs are sitting by the door,1,speech,audio_only,48000,3.7370625,0.078582763671875,0.009357516653835773,False,False,False,False,False,clean
/Users/devanshbansal/Desktop/ser/dataset/Audio_Speech_Actors_01-24/Actor_09/03-01-05-01-02-02-09.wav,03-01-05-01-02-02-09.wav,angry,05,9,male,normal,2,Dogs are sitting by the door,2,speech,audio_only,48000,3.536875,0.061920166015625,0.006276189349591732,False,False,False,False,False,clean
/Users/devanshbansal/Desktop/ser/dataset/Audio_Speech_Actors_01-24/Actor_09/03-01-05-02-01-01-09.wav,03-01-05-02-01-01-09.wav,angry,05,9,male,strong,1,Kids are talking by the door,1,speech,audio_only,48000,3.8038125,0.998809814453125,0.09665194898843765,False,False,True,False,False,clipped
/Users/devanshbansal/Desktop/ser/dataset/Audio_Speech_Actors_01-24/Actor_09/03-01-05-02-01-02-09.wav,03-01-05-02-01-02-09.wav,angry,05,9,male,strong,1,Kids are talking by the door,2,speech,audio_only,48000,3.7704375,0.71014404296875,0.07555419206619263,False,False,False,False,False,clean
/Users/devanshbansal/Desktop/ser/dataset/Audio_Speech_Actors_01-24/Actor_09/03-01-05-02-02-01-09.wav,03-01-05-02-02-01-09.wav,angry,05,9,male,strong,2,Dogs are sitting by the door,1,speech,audio_only,48000,4.371041666666667,0.858062744140625,0.10203257948160172,False,False,False,False,False,clean
/Users/devanshbansal/Desktop/ser/dataset/Audio_Speech_Actors_01-24/Actor_09/03-01-05-02-02-02-09.wav,03-01-05-02-02-02-09.wav,angry,05,9,male,strong,2,Dogs are sitting by the door,2,speech,audio_only,48000,3.970645833333333,0.744476318359375,0.09467951208353043,False,False,False,False,False,clean
/Users/devanshbansal/Desktop/ser/dataset/Audio_Speech_Actors_01-24/Actor_09/03-01-06-01-01-01-09.wav,03-01-06-01-01-01-09.wav,fearful,06,9,male,normal,1,Kids are talking by the door,1,speech,audio_only,48000,3.1698333333333335,0.013702392578125,0.0008473665802739561,False,True,False,False,False,silent
/Users/devanshbansal/Desktop/ser/dataset/Audio_Speech_Actors_01-24/Actor_09/03-01-06-01-01-02-09.wav,03-01-06-01-01-02-09.wav,fearful,06,9,male,normal,1,Kids are talking by the door,2,speech,audio_only,48000,3.1698333333333335,0.012054443359375,0.001189706614241004,False,False,False,False,False,clean
/Users/devanshbansal/Desktop/ser/dataset/Audio_Speech_Actors_01-24/Actor_09/03-01-06-01-02-01-09.wav,03-01-06-01-02-01-09.wav,fearful,06,9,male,normal,2,Dogs are sitting by the door,1,speech,audio_only,48000,3.1364791666666667,0.01239013671875,0.0012225887039676309,False,False,False,False,False,clean
/Users/devanshbansal/Desktop/ser/dataset/Audio_Speech_Actors_01-24/Actor_09/03-01-06-01-02-02-09.wav,03-01-06-01-02-02-09.wav,fearful,06,9,male,normal,2,Dogs are sitting by the door,2,speech,audio_only,48000,3.136458333333333,0.009124755859375,0.0011364123784005642,False,True,False,False,False,silent
/Users/devanshbansal/Desktop/ser/dataset/Audio_Speech_Actors_01-24/Actor_09/03-01-06-02-01-01-09.wav,03-01-06-02-01-01-09.wav,fearful,06,9,male,strong,1,Kids are talking by the door,1,speech,audio_only,48000,3.2365625,0.072601318359375,0.006358014419674873,False,False,False,False,False,clean
/Users/devanshbansal/Desktop/ser/dataset/Audio_Speech_Actors_01-24/Actor_09/03-01-06-02-01-02-09.wav,03-01-06-02-01-02-09.wav,fearful,06,9,male,strong,1,Kids are talking by the door,2,speech,audio_only,48000,3.2699375,0.02716064453125,0.0026058945804834366,False,False,False,False,False,clean
/Users/devanshbansal/Desktop/ser/dataset/Audio_Speech_Actors_01-24/Actor_09/03-01-06-02-02-01-09.wav,03-01-06-02-02-01-09.wav,fearful,06,9,male,strong,2,Dogs are sitting by the door,1,speech,audio_only,48000,3.2365625,0.147705078125,0.014506933279335499,False,False,False,False,False,clean
/Users/devanshbansal/Desktop/ser/dataset/Audio_Speech_Actors_01-24/Actor_09/03-01-06-02-02-02-09.wav,03-01-06-02-02-02-09.wav,fearful,06,9,male,strong,2,Dogs are sitting by the door,2,speech,audio_only,48000,3.2365625,0.234832763671875,0.018708044663071632,False,False,False,False,False,clean
/Users/devanshbansal/Desktop/ser/dataset/Audio_Speech_Actors_01-24/Actor_09/03-01-07-01-01-01-09.wav,03-01-07-01-01-01-09.wav,disgust,07,9,male,normal,1,Kids are talking by the door,1,speech,audio_only,48000,3.403395833333333,0.02264404296875,0.0015263805398717523,False,False,False,False,False,clean
/Users/devanshbansal/Desktop/ser/dataset/Audio_Speech_Actors_01-24/Actor_09/03-01-07-01-01-02-09.wav,03-01-07-01-01-02-09.wav,disgust,07,9,male,normal,1,Kids are talking by the door,2,speech,audio_only,48000,3.5035,0.022613525390625,0.0015753175830468535,False,False,False,False,False,clean
/Users/devanshbansal/Desktop/ser/dataset/Audio_Speech_Actors_01-24/Actor_09/03-01-07-01-02-01-09.wav,03-01-07-01-02-01-09.wav,disgust,07,9,male,normal,2,Dogs are sitting by the door,1,speech,audio_only,48000,3.470125,0.015625,0.0015623422805219889,False,False,False,False,False,clean
/Users/devanshbansal/Desktop/ser/dataset/Audio_Speech_Actors_01-24/Actor_09/03-01-07-01-02-02-09.wav,03-01-07-01-02-02-09.wav,disgust,07,9,male,normal,2,Dogs are sitting by the door,2,speech,audio_only,48000,3.403395833333333,0.036041259765625,0.0025028414092957973,False,False,False,False,False,clean
/Users/devanshbansal/Desktop/ser/dataset/Audio_Speech_Actors_01-24/Actor_09/03-01-07-02-01-01-09.wav,03-01-07-02-01-01-09.wav,disgust,07,9,male,strong,1,Kids are talking by the door,1,speech,audio_only,48000,3.636979166666667,0.029327392578125,0.0025207113940268755,False,False,False,False,False,clean
/Users/devanshbansal/Desktop/ser/dataset/Audio_Speech_Actors_01-24/Actor_09/03-01-07-02-01-02-09.wav,03-01-07-02-01-02-09.wav,disgust,07,9,male,strong,1,Kids are talking by the door,2,speech,audio_only,48000,3.5368541666666666,0.045318603515625,0.003198124933987856,False,False,False,False,False,clean
/Users/devanshbansal/Desktop/ser/dataset/Audio_Speech_Actors_01-24/Actor_09/03-01-07-02-02-01-09.wav,03-01-07-02-02-01-09.wav,disgust,07,9,male,strong,2,Dogs are sitting by the door,1,speech,audio_only,48000,3.5702291666666666,0.078887939453125,0.005098812747746706,False,False,False,False,False,clean
/Users/devanshbansal/Desktop/ser/dataset/Audio_Speech_Actors_01-24/Actor_09/03-01-07-02-02-02-09.wav,03-01-07-02-02-02-09.wav,disgust,07,9,male,strong,2,Dogs are sitting by the door,2,speech,audio_only,48000,3.6035833333333334,0.064697265625,0.005067097023129463,False,False,False,False,False,clean
/Users/devanshbansal/Desktop/ser/dataset/Audio_Speech_Actors_01-24/Actor_09/03-01-08-01-01-01-09.wav,03-01-08-01-01-01-09.wav,surprised,08,9,male,normal,1,Kids are talking by the door,1,speech,audio_only,48000,3.069729166666667,0.021820068359375,0.001559454365633428,False,False,False,False,False,clean
/Users/devanshbansal/Desktop/ser/dataset/Audio_Speech_Actors_01-24/Actor_09/03-01-08-01-01-02-09.wav,03-01-08-01-01-02-09.wav,surprised,08,9,male,normal,1,Kids are talking by the door,2,speech,audio_only,48000,3.3366666666666664,0.01788330078125,0.0016712333308532834,False,False,False,False,False,clean
/Users/devanshbansal/Desktop/ser/dataset/Audio_Speech_Actors_01-24/Actor_09/03-01-08-01-02-01-09.wav,03-01-08-01-02-01-09.wav,surprised,08,9,male,normal,2,Dogs are sitting by the door,1,speech,audio_only,48000,3.4367708333333336,0.0216064453125,0.002294279867783189,False,False,False,False,False,clean
/Users/devanshbansal/Desktop/ser/dataset/Audio_Speech_Actors_01-24/Actor_09/03-01-08-01-02-02-09.wav,03-01-08-01-02-02-09.wav,surprised,08,9,male,normal,2,Dogs are sitting by the door,2,speech,audio_only,48000,3.43675,0.0267333984375,0.002257291693240404,False,False,False,False,False,clean
/Users/devanshbansal/Desktop/ser/dataset/Audio_Speech_Actors_01-24/Actor_09/03-01-08-02-01-01-09.wav,03-01-08-02-01-01-09.wav,surprised,08,9,male,strong,1,Kids are talking by the door,1,speech,audio_only,48000,3.3032916666666665,0.099090576171875,0.005471537355333567,False,False,False,False,False,clean
/Users/devanshbansal/Desktop/ser/dataset/Audio_Speech_Actors_01-24/Actor_09/03-01-08-02-01-02-09.wav,03-01-08-02-01-02-09.wav,surprised,08,9,male,strong,1,Kids are talking by the door,2,speech,audio_only,48000,3.2699375,0.050506591796875,0.003299636533483863,False,False,False,False,False,clean
/Users/devanshbansal/Desktop/ser/dataset/Audio_Speech_Actors_01-24/Actor_09/03-01-08-02-02-01-09.wav,03-01-08-02-02-01-09.wav,surprised,08,9,male,strong,2,Dogs are sitting by the door,1,speech,audio_only,48000,3.403395833333333,0.045745849609375,0.003057922935113311,False,False,False,False,False,clean
/Users/devanshbansal/Desktop/ser/dataset/Audio_Speech_Actors_01-24/Actor_09/03-01-08-02-02-02-09.wav,03-01-08-02-02-02-09.wav,surprised,08,9,male,strong,2,Dogs are sitting by the door,2,speech,audio_only,48000,3.43675,0.03253173828125,0.0032929496373981237,False,False,False,False,False,clean
/Users/devanshbansal/Desktop/ser/dataset/Audio_Speech_Actors_01-24/Actor_10/03-01-01-01-01-01-10.wav,03-01-01-01-01-01-10.wav,calm,01,10,female,normal,1,Kids are talking by the door,1,speech,audio_only,48000,3.536875,0.118194580078125,0.01569877378642559,False,False,False,False,False,clean
/Users/devanshbansal/Desktop/ser/dataset/Audio_Speech_Actors_01-24/Actor_10/03-01-01-01-01-02-10.wav,03-01-01-01-01-02-10.wav,calm,01,10,female,normal,1,Kids are talking by the door,2,speech,audio_only,48000,3.8371666666666666,0.11676025390625,0.012660020031034946,False,False,False,False,False,clean
/Users/devanshbansal/Desktop/ser/dataset/Audio_Speech_Actors_01-24/Actor_10/03-01-01-01-02-01-10.wav,03-01-01-01-02-01-10.wav,calm,01,10,female,normal,2,Dogs are sitting by the door,1,speech,audio_only,48000,3.7370625,0.11712646484375,0.018448349088430405,False,False,False,False,False,clean
/Users/devanshbansal/Desktop/ser/dataset/Audio_Speech_Actors_01-24/Actor_10/03-01-01-01-02-02-10.wav,03-01-01-01-02-02-10.wav,calm,01,10,female,normal,2,Dogs are sitting by the door,2,speech,audio_only,48000,3.6703333333333332,0.0927734375,0.01289746817201376,False,False,False,False,False,clean
/Users/devanshbansal/Desktop/ser/dataset/Audio_Speech_Actors_01-24/Actor_10/03-01-02-01-01-01-10.wav,03-01-02-01-01-01-10.wav,calm,02,10,female,normal,1,Kids are talking by the door,1,speech,audio_only,48000,3.5702291666666666,0.080841064453125,0.01252006832510233,False,False,False,False,False,clean
/Users/devanshbansal/Desktop/ser/dataset/Audio_Speech_Actors_01-24/Actor_10/03-01-02-01-01-02-10.wav,03-01-02-01-01-02-10.wav,calm,02,10,female,normal,1,Kids are talking by the door,2,speech,audio_only,48000,3.6035833333333334,0.098480224609375,0.012223844416439533,False,False,False,False,False,clean
/Users/devanshbansal/Desktop/ser/dataset/Audio_Speech_Actors_01-24/Actor_10/03-01-02-01-02-01-10.wav,03-01-02-01-02-01-10.wav,calm,02,10,female,normal,2,Dogs are sitting by the door,1,speech,audio_only,48000,3.6369583333333333,0.109405517578125,0.01625586859881878,False,False,False,False,False,clean
/Users/devanshbansal/Desktop/ser/dataset/Audio_Speech_Actors_01-24/Actor_10/03-01-02-01-02-02-10.wav,03-01-02-01-02-02-10.wav,calm,02,10,female,normal,2,Dogs are sitting by the door,2,speech,audio_only,48000,3.703708333333333,0.1220703125,0.017615219578146935,False,False,False,False,False,clean
/Users/devanshbansal/Desktop/ser/dataset/Audio_Speech_Actors_01-24/Actor_10/03-01-02-02-01-01-10.wav,03-01-02-02-01-01-10.wav,calm,02,10,female,strong,1,Kids are talking by the door,1,speech,audio_only,48000,3.7370625,0.08380126953125,0.012965266592800617,False,False,False,False,False,clean
/Users/devanshbansal/Desktop/ser/dataset/Audio_Speech_Actors_01-24/Actor_10/03-01-02-02-01-02-10.wav,03-01-02-02-01-02-10.wav,calm,02,10,female,strong,1,Kids are talking by the door,2,speech,audio_only,48000,3.7370625,0.108917236328125,0.016763238236308098,False,False,False,False,False,clean
/Users/devanshbansal/Desktop/ser/dataset/Audio_Speech_Actors_01-24/Actor_10/03-01-02-02-02-01-10.wav,03-01-02-02-02-01-10.wav,calm,02,10,female,strong,2,Dogs are sitting by the door,1,speech,audio_only,48000,3.8037916666666667,0.09722900390625,0.01495224516838789,False,False,False,False,False,clean
/Users/devanshbansal/Desktop/ser/dataset/Audio_Speech_Actors_01-24/Actor_10/03-01-02-02-02-02-10.wav,03-01-02-02-02-02-10.wav,calm,02,10,female,strong,2,Dogs are sitting by the door,2,speech,audio_only,48000,3.8371666666666666,0.056427001953125,0.009533434174954891,False,False,False,False,False,clean
/Users/devanshbansal/Desktop/ser/dataset/Audio_Speech_Actors_01-24/Actor_10/03-01-03-01-01-01-10.wav,03-01-03-01-01-01-10.wav,happy,03,10,female,normal,1,Kids are talking by the door,1,speech,audio_only,48000,3.5035,0.272857666015625,0.02658998593688011,False,False,False,False,False,clean
/Users/devanshbansal/Desktop/ser/dataset/Audio_Speech_Actors_01-24/Actor_10/03-01-03-01-01-02-10.wav,03-01-03-01-01-02-10.wav,happy,03,10,female,normal,1,Kids are talking by the door,2,speech,audio_only,48000,3.470125,0.23553466796875,0.02956330217421055,False,False,False,False,False,clean
/Users/devanshbansal/Desktop/ser/dataset/Audio_Speech_Actors_01-24/Actor_10/03-01-03-01-02-01-10.wav,03-01-03-01-02-01-10.wav,happy,03,10,female,normal,2,Dogs are sitting by the door,1,speech,audio_only,48000,3.3032916666666665,0.18353271484375,0.026926809921860695,False,False,False,False,False,clean
/Users/devanshbansal/Desktop/ser/dataset/Audio_Speech_Actors_01-24/Actor_10/03-01-03-01-02-02-10.wav,03-01-03-01-02-02-10.wav,happy,03,10,female,normal,2,Dogs are sitting by the door,2,speech,audio_only,48000,3.3366666666666664,0.220703125,0.02950911782681942,False,False,False,False,False,clean
/Users/devanshbansal/Desktop/ser/dataset/Audio_Speech_Actors_01-24/Actor_10/03-01-03-02-01-01-10.wav,03-01-03-02-01-01-10.wav,happy,03,10,female,strong,1,Kids are talking by the door,1,speech,audio_only,48000,3.8371666666666666,0.62689208984375,0.09681727737188339,False,False,False,False,False,clean
/Users/devanshbansal/Desktop/ser/dataset/Audio_Speech_Actors_01-24/Actor_10/03-01-03-02-01-02-10.wav,03-01-03-02-01-02-10.wav,happy,03,10,female,strong,1,Kids are talking by the door,2,speech,audio_only,48000,3.5035,0.678955078125,0.09211020916700363,False,False,False,False,False,clean
/Users/devanshbansal/Desktop/ser/dataset/Audio_Speech_Actors_01-24/Actor_10/03-01-03-02-02-01-10.wav,03-01-03-02-02-01-10.wav,happy,03,10,female,strong,2,Dogs are sitting by the door,1,speech,audio_only,48000,3.7370625,0.9991455078125,0.12326709926128387,False,False,True,False,False,clipped
/Users/devanshbansal/Desktop/ser/dataset/Audio_Speech_Actors_01-24/Actor_10/03-01-03-02-02-02-10.wav,03-01-03-02-02-02-10.wav,happy,03,10,female,strong,2,Dogs are sitting by the door,2,speech,audio_only,48000,3.970645833333333,0.972381591796875,0.10452276468276978,False,False,False,False,False,clean
/Users/devanshbansal/Desktop/ser/dataset/Audio_Speech_Actors_01-24/Actor_10/03-01-04-01-01-01-10.wav,03-01-04-01-01-01-10.wav,sad,04,10,female,normal,1,Kids are talking by the door,1,speech,audio_only,48000,3.3032916666666665,0.0667724609375,0.008310799486935139,False,False,False,False,False,clean
/Users/devanshbansal/Desktop/ser/dataset/Audio_Speech_Actors_01-24/Actor_10/03-01-04-01-01-02-10.wav,03-01-04-01-01-02-10.wav,sad,04,10,female,normal,1,Kids are talking by the door,2,speech,audio_only,48000,3.470125,0.05511474609375,0.007007088046520948,False,False,False,False,False,clean
/Users/devanshbansal/Desktop/ser/dataset/Audio_Speech_Actors_01-24/Actor_10/03-01-04-01-02-01-10.wav,03-01-04-01-02-01-10.wav,sad,04,10,female,normal,2,Dogs are sitting by the door,1,speech,audio_only,48000,3.536875,0.062652587890625,0.009113578125834465,False,False,False,False,False,clean
/Users/devanshbansal/Desktop/ser/dataset/Audio_Speech_Actors_01-24/Actor_10/03-01-04-01-02-02-10.wav,03-01-04-01-02-02-10.wav,sad,04,10,female,normal,2,Dogs are sitting by the door,2,speech,audio_only,48000,3.8037916666666667,0.051727294921875,0.007374538574367762,False,False,False,False,False,clean
/Users/devanshbansal/Desktop/ser/dataset/Audio_Speech_Actors_01-24/Actor_10/03-01-04-02-01-01-10.wav,03-01-04-02-01-01-10.wav,sad,04,10,female,strong,1,Kids are talking by the door,1,speech,audio_only,48000,3.5035,0.210540771484375,0.02078670635819435,False,False,False,False,False,clean
/Users/devanshbansal/Desktop/ser/dataset/Audio_Speech_Actors_01-24/Actor_10/03-01-04-02-01-02-10.wav,03-01-04-02-01-02-10.wav,sad,04,10,female,strong,1,Kids are talking by the door,2,speech,audio_only,48000,3.5702291666666666,0.081146240234375,0.011361731216311455,False,False,False,False,False,clean
/Users/devanshbansal/Desktop/ser/dataset/Audio_Speech_Actors_01-24/Actor_10/03-01-04-02-02-01-10.wav,03-01-04-02-02-01-10.wav,sad,04,10,female,strong,2,Dogs are sitting by the door,1,speech,audio_only,48000,3.6703333333333332,0.088165283203125,0.009061828255653381,False,False,False,False,False,clean
/Users/devanshbansal/Desktop/ser/dataset/Audio_Speech_Actors_01-24/Actor_10/03-01-04-02-02-02-10.wav,03-01-04-02-02-02-10.wav,sad,04,10,female,strong,2,Dogs are sitting by the door,2,speech,audio_only,48000,3.5702291666666666,0.090057373046875,0.01148755382746458,False,False,False,False,False,clean
/Users/devanshbansal/Desktop/ser/dataset/Audio_Speech_Actors_01-24/Actor_10/03-01-05-01-01-01-10.wav,03-01-05-01-01-01-10.wav,angry,05,10,female,normal,1,Kids are talking by the door,1,speech,audio_only,48000,3.9038958333333333,0.10614013671875,0.015144294127821922,False,False,False,False,False,clean
/Users/devanshbansal/Desktop/ser/dataset/Audio_Speech_Actors_01-24/Actor_10/03-01-05-01-01-02-10.wav,03-01-05-01-01-02-10.wav,angry,05,10,female,normal,1,Kids are talking by the door,2,speech,audio_only,48000,4.004,0.2052001953125,0.02842167392373085,False,False,False,False,False,clean
/Users/devanshbansal/Desktop/ser/dataset/Audio_Speech_Actors_01-24/Actor_10/03-01-05-01-02-01-10.wav,03-01-05-01-02-01-10.wav,angry,05,10,female,normal,2,Dogs are sitting by the door,1,speech,audio_only,48000,4.104104166666667,0.1517333984375,0.02246718294918537,False,False,False,False,False,clean
/Users/devanshbansal/Desktop/ser/dataset/Audio_Speech_Actors_01-24/Actor_10/03-01-05-01-02-02-10.wav,03-01-05-01-02-02-10.wav,angry,05,10,female,normal,2,Dogs are sitting by the door,2,speech,audio_only,48000,4.137479166666667,0.18524169921875,0.023496277630329132,False,False,False,False,False,clean
/Users/devanshbansal/Desktop/ser/dataset/Audio_Speech_Actors_01-24/Actor_10/03-01-05-02-01-01-10.wav,03-01-05-02-01-01-10.wav,angry,05,10,female,strong,1,Kids are talking by the door,1,speech,audio_only,48000,4.170833333333333,0.940216064453125,0.088240846991539,False,False,False,False,False,clean
/Users/devanshbansal/Desktop/ser/dataset/Audio_Speech_Actors_01-24/Actor_10/03-01-05-02-01-02-10.wav,03-01-05-02-01-02-10.wav,angry,05,10,female,strong,1,Kids are talking by the door,2,speech,audio_only,48000,4.471125,0.755950927734375,0.09346678107976913,False,False,False,False,False,clean
/Users/devanshbansal/Desktop/ser/dataset/Audio_Speech_Actors_01-24/Actor_10/03-01-05-02-02-01-10.wav,03-01-05-02-02-01-10.wav,angry,05,10,female,strong,2,Dogs are sitting by the door,1,speech,audio_only,48000,3.8705208333333334,0.87646484375,0.09547384828329086,False,False,False,False,False,clean
/Users/devanshbansal/Desktop/ser/dataset/Audio_Speech_Actors_01-24/Actor_10/03-01-05-02-02-02-10.wav,03-01-05-02-02-02-10.wav,angry,05,10,female,strong,2,Dogs are sitting by the door,2,speech,audio_only,48000,4.137458333333333,0.703277587890625,0.09222173690795898,False,False,False,False,False,clean
/Users/devanshbansal/Desktop/ser/dataset/Audio_Speech_Actors_01-24/Actor_10/03-01-06-01-01-01-10.wav,03-01-06-01-01-01-10.wav,fearful,06,10,female,normal,1,Kids are talking by the door,1,speech,audio_only,48000,3.4034166666666668,0.118621826171875,0.01781367138028145,False,False,False,False,False,clean
/Users/devanshbansal/Desktop/ser/dataset/Audio_Speech_Actors_01-24/Actor_10/03-01-06-01-01-02-10.wav,03-01-06-01-01-02-10.wav,fearful,06,10,female,normal,1,Kids are talking by the door,2,speech,audio_only,48000,3.3033125,0.070068359375,0.008937446400523186,False,False,False,False,False,clean
/Users/devanshbansal/Desktop/ser/dataset/Audio_Speech_Actors_01-24/Actor_10/03-01-06-01-02-01-10.wav,03-01-06-01-02-01-10.wav,fearful,06,10,female,normal,2,Dogs are sitting by the door,1,speech,audio_only,48000,3.5368541666666666,0.082763671875,0.012529045343399048,False,False,False,False,False,clean
/Users/devanshbansal/Desktop/ser/dataset/Audio_Speech_Actors_01-24/Actor_10/03-01-06-01-02-02-10.wav,03-01-06-01-02-02-10.wav,fearful,06,10,female,normal,2,Dogs are sitting by the door,2,speech,audio_only,48000,3.4367708333333336,0.08984375,0.012461324222385883,False,False,False,False,False,clean
/Users/devanshbansal/Desktop/ser/dataset/Audio_Speech_Actors_01-24/Actor_10/03-01-06-02-01-01-10.wav,03-01-06-02-01-01-10.wav,fearful,06,10,female,strong,1,Kids are talking by the door,1,speech,audio_only,48000,3.5035,0.308197021484375,0.041802313178777695,False,False,False,False,False,clean
/Users/devanshbansal/Desktop/ser/dataset/Audio_Speech_Actors_01-24/Actor_10/03-01-06-02-01-02-10.wav,03-01-06-02-01-02-10.wav,fearful,06,10,female,strong,1,Kids are talking by the door,2,speech,audio_only,48000,3.703708333333333,0.36871337890625,0.03601989895105362,False,False,False,False,False,clean
/Users/devanshbansal/Desktop/ser/dataset/Audio_Speech_Actors_01-24/Actor_10/03-01-06-02-02-01-10.wav,03-01-06-02-02-01-10.wav,fearful,06,10,female,strong,2,Dogs are sitting by the door,1,speech,audio_only,48000,3.8037916666666667,0.373291015625,0.043155062943696976,False,False,False,False,False,clean
/Users/devanshbansal/Desktop/ser/dataset/Audio_Speech_Actors_01-24/Actor_10/03-01-06-02-02-02-10.wav,03-01-06-02-02-02-10.wav,fearful,06,10,female,strong,2,Dogs are sitting by the door,2,speech,audio_only,48000,3.8705416666666665,0.16802978515625,0.020988846197724342,False,False,False,False,False,clean
/Users/devanshbansal/Desktop/ser/dataset/Audio_Speech_Actors_01-24/Actor_10/03-01-07-01-01-01-10.wav,03-01-07-01-01-01-10.wav,disgust,07,10,female,normal,1,Kids are talking by the door,1,speech,audio_only,48000,3.703708333333333,0.07598876953125,0.009722961112856865,False,False,False,False,False,clean
/Users/devanshbansal/Desktop/ser/dataset/Audio_Speech_Actors_01-24/Actor_10/03-01-07-01-01-02-10.wav,03-01-07-01-01-02-10.wav,disgust,07,10,female,normal,1,Kids are talking by the door,2,speech,audio_only,48000,4.2041875,0.077545166015625,0.010510362684726715,False,False,False,False,False,clean
/Users/devanshbansal/Desktop/ser/dataset/Audio_Speech_Actors_01-24/Actor_10/03-01-07-01-02-01-10.wav,03-01-07-01-02-01-10.wav,disgust,07,10,female,normal,2,Dogs are sitting by the door,1,speech,audio_only,48000,3.8705416666666665,0.0855712890625,0.009562808088958263,False,False,False,False,False,clean
/Users/devanshbansal/Desktop/ser/dataset/Audio_Speech_Actors_01-24/Actor_10/03-01-07-01-02-02-10.wav,03-01-07-01-02-02-10.wav,disgust,07,10,female,normal,2,Dogs are sitting by the door,2,speech,audio_only,48000,4.2709375,0.128570556640625,0.014425874687731266,False,False,False,False,False,clean
/Users/devanshbansal/Desktop/ser/dataset/Audio_Speech_Actors_01-24/Actor_10/03-01-07-02-01-01-10.wav,03-01-07-02-01-01-10.wav,disgust,07,10,female,strong,1,Kids are talking by the door,1,speech,audio_only,48000,4.671333333333333,0.3125,0.03328507021069527,False,False,False,False,False,clean
/Users/devanshbansal/Desktop/ser/dataset/Audio_Speech_Actors_01-24/Actor_10/03-01-07-02-01-02-10.wav,03-01-07-02-01-02-10.wav,disgust,07,10,female,strong,1,Kids are talking by the door,2,speech,audio_only,48000,4.537875,0.307464599609375,0.03655510023236275,False,False,False,False,False,clean
/Users/devanshbansal/Desktop/ser/dataset/Audio_Speech_Actors_01-24/Actor_10/03-01-07-02-02-01-10.wav,03-01-07-02-02-01-10.wav,disgust,07,10,female,strong,2,Dogs are sitting by the door,1,speech,audio_only,48000,4.2041875,0.20953369140625,0.03051772154867649,False,False,False,False,False,clean
/Users/devanshbansal/Desktop/ser/dataset/Audio_Speech_Actors_01-24/Actor_10/03-01-07-02-02-02-10.wav,03-01-07-02-02-02-10.wav,disgust,07,10,female,strong,2,Dogs are sitting by the door,2,speech,audio_only,48000,4.871541666666666,0.26727294921875,0.039921294897794724,False,False,False,False,False,clean
/Users/devanshbansal/Desktop/ser/dataset/Audio_Speech_Actors_01-24/Actor_10/03-01-08-01-01-01-10.wav,03-01-08-01-01-01-10.wav,surprised,08,10,female,normal,1,Kids are talking by the door,1,speech,audio_only,48000,3.2365625,0.136962890625,0.017215866595506668,False,False,False,False,False,clean
/Users/devanshbansal/Desktop/ser/dataset/Audio_Speech_Actors_01-24/Actor_10/03-01-08-01-01-02-10.wav,03-01-08-01-01-02-10.wav,surprised,08,10,female,normal,1,Kids are talking by the door,2,speech,audio_only,48000,3.4034166666666668,0.127899169921875,0.015253021381795406,False,False,False,False,False,clean
/Users/devanshbansal/Desktop/ser/dataset/Audio_Speech_Actors_01-24/Actor_10/03-01-08-01-02-01-10.wav,03-01-08-01-02-01-10.wav,surprised,08,10,female,normal,2,Dogs are sitting by the door,1,speech,audio_only,48000,3.5035,0.224151611328125,0.03269927203655243,False,False,False,False,False,clean
/Users/devanshbansal/Desktop/ser/dataset/Audio_Speech_Actors_01-24/Actor_10/03-01-08-01-02-02-10.wav,03-01-08-01-02-02-10.wav,surprised,08,10,female,normal,2,Dogs are sitting by the door,2,speech,audio_only,48000,3.470125,0.125213623046875,0.017147919163107872,False,False,False,False,False,clean
/Users/devanshbansal/Desktop/ser/dataset/Audio_Speech_Actors_01-24/Actor_10/03-01-08-02-01-01-10.wav,03-01-08-02-01-01-10.wav,surprised,08,10,female,strong,1,Kids are talking by the door,1,speech,audio_only,48000,3.5035,0.280029296875,0.03676266968250275,False,False,False,False,False,clean
/Users/devanshbansal/Desktop/ser/dataset/Audio_Speech_Actors_01-24/Actor_10/03-01-08-02-01-02-10.wav,03-01-08-02-01-02-10.wav,surprised,08,10,female,strong,1,Kids are talking by the door,2,speech,audio_only,48000,3.403395833333333,0.30462646484375,0.04423145949840546,False,False,False,False,False,clean
/Users/devanshbansal/Desktop/ser/dataset/Audio_Speech_Actors_01-24/Actor_10/03-01-08-02-02-01-10.wav,03-01-08-02-02-01-10.wav,surprised,08,10,female,strong,2,Dogs are sitting by the door,1,speech,audio_only,48000,3.6369583333333333,0.341461181640625,0.0573950819671154,False,False,False,False,False,clean
/Users/devanshbansal/Desktop/ser/dataset/Audio_Speech_Actors_01-24/Actor_10/03-01-08-02-02-02-10.wav,03-01-08-02-02-02-10.wav,surprised,08,10,female,strong,2,Dogs are sitting by the door,2,speech,audio_only,48000,3.5035,0.331329345703125,0.04662944748997688,False,False,False,False,False,clean
/Users/devanshbansal/Desktop/ser/dataset/Audio_Speech_Actors_01-24/Actor_11/03-01-01-01-01-01-11.wav,03-01-01-01-01-01-11.wav,calm,01,11,male,normal,1,Kids are talking by the door,1,speech,audio_only,48000,3.1364791666666667,0.029144287109375,0.003030577441677451,False,False,False,False,False,clean
/Users/devanshbansal/Desktop/ser/dataset/Audio_Speech_Actors_01-24/Actor_11/03-01-01-01-01-02-11.wav,03-01-01-01-01-02-11.wav,calm,01,11,male,normal,1,Kids are talking by the door,2,speech,audio_only,48000,3.1031041666666668,0.030853271484375,0.0041906507685780525,False,False,False,False,False,clean
/Users/devanshbansal/Desktop/ser/dataset/Audio_Speech_Actors_01-24/Actor_11/03-01-01-01-02-01-11.wav,03-01-01-01-02-01-11.wav,calm,01,11,male,normal,2,Dogs are sitting by the door,1,speech,audio_only,48000,3.2032083333333334,0.02801513671875,0.0036478228867053986,False,False,False,False,False,clean
/Users/devanshbansal/Desktop/ser/dataset/Audio_Speech_Actors_01-24/Actor_11/03-01-01-01-02-02-11.wav,03-01-01-01-02-02-11.wav,calm,01,11,male,normal,2,Dogs are sitting by the door,2,speech,audio_only,48000,3.1698333333333335,0.027099609375,0.0036241794005036354,False,False,False,False,False,clean
/Users/devanshbansal/Desktop/ser/dataset/Audio_Speech_Actors_01-24/Actor_11/03-01-02-01-01-01-11.wav,03-01-02-01-01-01-11.wav,calm,02,11,male,normal,1,Kids are talking by the door,1,speech,audio_only,48000,3.2699166666666666,0.01544189453125,0.0017367008840665221,False,False,False,False,False,clean
/Users/devanshbansal/Desktop/ser/dataset/Audio_Speech_Actors_01-24/Actor_11/03-01-02-01-01-02-11.wav,03-01-02-01-01-02-11.wav,calm,02,11,male,normal,1,Kids are talking by the door,2,speech,audio_only,48000,3.3366666666666664,0.0177001953125,0.002020431449636817,False,False,False,False,False,clean
/Users/devanshbansal/Desktop/ser/dataset/Audio_Speech_Actors_01-24/Actor_11/03-01-02-01-02-01-11.wav,03-01-02-01-02-01-11.wav,calm,02,11,male,normal,2,Dogs are sitting by the door,1,speech,audio_only,48000,3.3366666666666664,0.0322265625,0.0032498303335160017,False,False,False,False,False,clean
/Users/devanshbansal/Desktop/ser/dataset/Audio_Speech_Actors_01-24/Actor_11/03-01-02-01-02-02-11.wav,03-01-02-01-02-02-11.wav,calm,02,11,male,normal,2,Dogs are sitting by the door,2,speech,audio_only,48000,3.6703333333333332,0.019805908203125,0.002008907962590456,False,False,False,False,False,clean
/Users/devanshbansal/Desktop/ser/dataset/Audio_Speech_Actors_01-24/Actor_11/03-01-02-02-01-01-11.wav,03-01-02-02-01-01-11.wav,calm,02,11,male,strong,1,Kids are talking by the door,1,speech,audio_only,48000,3.8371666666666666,0.0174560546875,0.001595585490576923,False,False,False,False,False,clean
/Users/devanshbansal/Desktop/ser/dataset/Audio_Speech_Actors_01-24/Actor_11/03-01-02-02-01-02-11.wav,03-01-02-02-01-02-11.wav,calm,02,11,male,strong,1,Kids are talking by the door,2,speech,audio_only,48000,3.7370833333333335,0.01470947265625,0.0015012278454378247,False,False,False,False,False,clean
/Users/devanshbansal/Desktop/ser/dataset/Audio_Speech_Actors_01-24/Actor_11/03-01-02-02-02-01-11.wav,03-01-02-02-02-01-11.wav,calm,02,11,male,strong,2,Dogs are sitting by the door,1,speech,audio_only,48000,3.7704375,0.017181396484375,0.0018616870511323214,False,False,False,False,False,clean
/Users/devanshbansal/Desktop/ser/dataset/Audio_Speech_Actors_01-24/Actor_11/03-01-02-02-02-02-11.wav,03-01-02-02-02-02-11.wav,calm,02,11,male,strong,2,Dogs are sitting by the door,2,speech,audio_only,48000,3.8371666666666666,0.020233154296875,0.0022023532073944807,False,False,False,False,False,clean
/Users/devanshbansal/Desktop/ser/dataset/Audio_Speech_Actors_01-24/Actor_11/03-01-03-01-01-01-11.wav,03-01-03-01-01-01-11.wav,happy,03,11,male,normal,1,Kids are talking by the door,1,speech,audio_only,48000,3.1031041666666668,0.04339599609375,0.006058479659259319,False,False,False,False,False,clean
/Users/devanshbansal/Desktop/ser/dataset/Audio_Speech_Actors_01-24/Actor_11/03-01-03-01-01-02-11.wav,03-01-03-01-01-02-11.wav,happy,03,11,male,normal,1,Kids are talking by the door,2,speech,audio_only,48000,3.2032083333333334,0.04290771484375,0.005986357573419809,False,False,False,False,False,clean
/Users/devanshbansal/Desktop/ser/dataset/Audio_Speech_Actors_01-24/Actor_11/03-01-03-01-02-01-11.wav,03-01-03-01-02-01-11.wav,happy,03,11,male,normal,2,Dogs are sitting by the door,1,speech,audio_only,48000,3.1698333333333335,0.046417236328125,0.006297889165580273,False,False,False,False,False,clean
/Users/devanshbansal/Desktop/ser/dataset/Audio_Speech_Actors_01-24/Actor_11/03-01-03-01-02-02-11.wav,03-01-03-01-02-02-11.wav,happy,03,11,male,normal,2,Dogs are sitting by the door,2,speech,audio_only,48000,3.2365833333333334,0.065399169921875,0.007344672456383705,False,False,False,False,False,clean
/Users/devanshbansal/Desktop/ser/dataset/Audio_Speech_Actors_01-24/Actor_11/03-01-03-02-01-01-11.wav,03-01-03-02-01-01-11.wav,happy,03,11,male,strong,1,Kids are talking by the door,1,speech,audio_only,48000,4.037375,0.28070068359375,0.02644459716975689,False,False,False,False,False,clean
/Users/devanshbansal/Desktop/ser/dataset/Audio_Speech_Actors_01-24/Actor_11/03-01-03-02-01-02-11.wav,03-01-03-02-01-02-11.wav,happy,03,11,male,strong,1,Kids are talking by the door,2,speech,audio_only,48000,3.636979166666667,0.331268310546875,0.029264148324728012,False,False,False,False,False,clean
/Users/devanshbansal/Desktop/ser/dataset/Audio_Speech_Actors_01-24/Actor_11/03-01-03-02-02-01-11.wav,03-01-03-02-02-01-11.wav,happy,03,11,male,strong,2,Dogs are sitting by the door,1,speech,audio_only,48000,3.8705208333333334,0.211090087890625,0.027345504611730576,False,False,False,False,False,clean
/Users/devanshbansal/Desktop/ser/dataset/Audio_Speech_Actors_01-24/Actor_11/03-01-03-02-02-02-11.wav,03-01-03-02-02-02-11.wav,happy,03,11,male,strong,2,Dogs are sitting by the door,2,speech,audio_only,48000,3.5035,0.24615478515625,0.02527458406984806,False,False,False,False,False,clean
/Users/devanshbansal/Desktop/ser/dataset/Audio_Speech_Actors_01-24/Actor_11/03-01-04-01-01-01-11.wav,03-01-04-01-01-01-11.wav,sad,04,11,male,normal,1,Kids are talking by the door,1,speech,audio_only,48000,3.3366666666666664,0.027099609375,0.0030968673527240753,False,False,False,False,False,clean
/Users/devanshbansal/Desktop/ser/dataset/Audio_Speech_Actors_01-24/Actor_11/03-01-04-01-01-02-11.wav,03-01-04-01-01-02-11.wav,sad,04,11,male,normal,1,Kids are talking by the door,2,speech,audio_only,48000,3.6036041666666665,0.02679443359375,0.0026339334435760975,False,False,False,False,False,clean
/Users/devanshbansal/Desktop/ser/dataset/Audio_Speech_Actors_01-24/Actor_11/03-01-04-01-02-01-11.wav,03-01-04-01-02-01-11.wav,sad,04,11,male,normal,2,Dogs are sitting by the door,1,speech,audio_only,48000,3.5368541666666666,0.0316162109375,0.003438991727307439,False,False,False,False,False,clean
/Users/devanshbansal/Desktop/ser/dataset/Audio_Speech_Actors_01-24/Actor_11/03-01-04-01-02-02-11.wav,03-01-04-01-02-02-11.wav,sad,04,11,male,normal,2,Dogs are sitting by the door,2,speech,audio_only,48000,3.4367708333333336,0.034088134765625,0.004089594818651676,False,False,False,False,False,clean
/Users/devanshbansal/Desktop/ser/dataset/Audio_Speech_Actors_01-24/Actor_11/03-01-04-02-01-01-11.wav,03-01-04-02-01-01-11.wav,sad,04,11,male,strong,1,Kids are talking by the door,1,speech,audio_only,48000,3.3366666666666664,0.11163330078125,0.01023989450186491,False,False,False,False,False,clean
/Users/devanshbansal/Desktop/ser/dataset/Audio_Speech_Actors_01-24/Actor_11/03-01-04-02-01-02-11.wav,03-01-04-02-01-02-11.wav,sad,04,11,male,strong,1,Kids are talking by the door,2,speech,audio_only,48000,3.6036041666666665,0.148712158203125,0.015088827349245548,False,False,False,False,False,clean
/Users/devanshbansal/Desktop/ser/dataset/Audio_Speech_Actors_01-24/Actor_11/03-01-04-02-02-01-11.wav,03-01-04-02-02-01-11.wav,sad,04,11,male,strong,2,Dogs are sitting by the door,1,speech,audio_only,48000,3.370041666666667,0.13800048828125,0.014928781427443027,False,False,False,False,False,clean
/Users/devanshbansal/Desktop/ser/dataset/Audio_Speech_Actors_01-24/Actor_11/03-01-04-02-02-02-11.wav,03-01-04-02-02-02-11.wav,sad,04,11,male,strong,2,Dogs are sitting by the door,2,speech,audio_only,48000,3.3366666666666664,0.171722412109375,0.015684429556131363,False,False,False,False,False,clean
/Users/devanshbansal/Desktop/ser/dataset/Audio_Speech_Actors_01-24/Actor_11/03-01-05-01-01-01-11.wav,03-01-05-01-01-01-11.wav,angry,05,11,male,normal,1,Kids are talking by the door,1,speech,audio_only,48000,3.6036041666666665,0.1326904296875,0.014324663206934929,False,False,False,False,False,clean
/Users/devanshbansal/Desktop/ser/dataset/Audio_Speech_Actors_01-24/Actor_11/03-01-05-01-01-02-11.wav,03-01-05-01-01-02-11.wav,angry,05,11,male,normal,1,Kids are talking by the door,2,speech,audio_only,48000,3.4701458333333335,0.099212646484375,0.009361912496387959,False,False,False,False,False,clean
/Users/devanshbansal/Desktop/ser/dataset/Audio_Speech_Actors_01-24/Actor_11/03-01-05-01-02-01-11.wav,03-01-05-01-02-01-11.wav,angry,05,11,male,normal,2,Dogs are sitting by the door,1,speech,audio_only,48000,3.470125,0.18109130859375,0.02029717154800892,False,False,False,False,False,clean
/Users/devanshbansal/Desktop/ser/dataset/Audio_Speech_Actors_01-24/Actor_11/03-01-05-01-02-02-11.wav,03-01-05-01-02-02-11.wav,angry,05,11,male,normal,2,Dogs are sitting by the door,2,speech,audio_only,48000,3.7370833333333335,0.19122314453125,0.017950590699911118,False,False,False,False,False,clean
/Users/devanshbansal/Desktop/ser/dataset/Audio_Speech_Actors_01-24/Actor_11/03-01-05-02-01-01-11.wav,03-01-05-02-01-01-11.wav,angry,05,11,male,strong,1,Kids are talking by the door,1,speech,audio_only,48000,3.536875,0.478912353515625,0.038400374352931976,False,False,False,False,False,clean
/Users/devanshbansal/Desktop/ser/dataset/Audio_Speech_Actors_01-24/Actor_11/03-01-05-02-01-02-11.wav,03-01-05-02-01-02-11.wav,angry,05,11,male,strong,1,Kids are talking by the door,2,speech,audio_only,48000,3.970625,0.672210693359375,0.08181121200323105,False,False,False,False,False,clean
/Users/devanshbansal/Desktop/ser/dataset/Audio_Speech_Actors_01-24/Actor_11/03-01-05-02-02-01-11.wav,03-01-05-02-02-01-11.wav,angry,05,11,male,strong,2,Dogs are sitting by the door,1,speech,audio_only,48000,3.9372708333333333,0.725494384765625,0.07881651818752289,False,False,False,False,False,clean
/Users/devanshbansal/Desktop/ser/dataset/Audio_Speech_Actors_01-24/Actor_11/03-01-05-02-02-02-11.wav,03-01-05-02-02-02-11.wav,angry,05,11,male,strong,2,Dogs are sitting by the door,2,speech,audio_only,48000,3.7704375,0.93988037109375,0.10427530109882355,False,False,False,False,False,clean
/Users/devanshbansal/Desktop/ser/dataset/Audio_Speech_Actors_01-24/Actor_11/03-01-06-01-01-01-11.wav,03-01-06-01-01-01-11.wav,fearful,06,11,male,normal,1,Kids are talking by the door,1,speech,audio_only,48000,3.470125,0.04437255859375,0.005220492836087942,False,False,False,False,False,clean
/Users/devanshbansal/Desktop/ser/dataset/Audio_Speech_Actors_01-24/Actor_11/03-01-06-01-01-02-11.wav,03-01-06-01-01-02-11.wav,fearful,06,11,male,normal,1,Kids are talking by the door,2,speech,audio_only,48000,3.5035,0.074920654296875,0.007577329408377409,False,False,False,False,False,clean
/Users/devanshbansal/Desktop/ser/dataset/Audio_Speech_Actors_01-24/Actor_11/03-01-06-01-02-01-11.wav,03-01-06-01-02-01-11.wav,fearful,06,11,male,normal,2,Dogs are sitting by the door,1,speech,audio_only,48000,3.1698333333333335,0.085845947265625,0.01048780232667923,False,False,False,False,False,clean
/Users/devanshbansal/Desktop/ser/dataset/Audio_Speech_Actors_01-24/Actor_11/03-01-06-01-02-02-11.wav,03-01-06-01-02-02-11.wav,fearful,06,11,male,normal,2,Dogs are sitting by the door,2,speech,audio_only,48000,3.2032083333333334,0.095367431640625,0.010658130049705505,False,False,False,False,False,clean
/Users/devanshbansal/Desktop/ser/dataset/Audio_Speech_Actors_01-24/Actor_11/03-01-06-02-01-01-11.wav,03-01-06-02-01-01-11.wav,fearful,06,11,male,strong,1,Kids are talking by the door,1,speech,audio_only,48000,3.2032083333333334,0.297027587890625,0.035457219928503036,False,False,False,False,False,clean
/Users/devanshbansal/Desktop/ser/dataset/Audio_Speech_Actors_01-24/Actor_11/03-01-06-02-01-02-11.wav,03-01-06-02-01-02-11.wav,fearful,06,11,male,strong,1,Kids are talking by the door,2,speech,audio_only,48000,3.2032083333333334,0.362274169921875,0.04261091351509094,False,False,False,False,False,clean
/Users/devanshbansal/Desktop/ser/dataset/Audio_Speech_Actors_01-24/Actor_11/03-01-06-02-02-01-11.wav,03-01-06-02-02-01-11.wav,fearful,06,11,male,strong,2,Dogs are sitting by the door,1,speech,audio_only,48000,3.06975,0.529205322265625,0.04965943098068237,False,False,False,False,False,clean
/Users/devanshbansal/Desktop/ser/dataset/Audio_Speech_Actors_01-24/Actor_11/03-01-06-02-02-02-11.wav,03-01-06-02-02-02-11.wav,fearful,06,11,male,strong,2,Dogs are sitting by the door,2,speech,audio_only,48000,3.136458333333333,0.47259521484375,0.0513678714632988,False,False,False,False,False,clean
/Users/devanshbansal/Desktop/ser/dataset/Audio_Speech_Actors_01-24/Actor_11/03-01-07-01-01-01-11.wav,03-01-07-01-01-01-11.wav,disgust,07,11,male,normal,1,Kids are talking by the door,1,speech,audio_only,48000,3.6703333333333332,0.067108154296875,0.00687116663902998,False,False,False,False,False,clean
/Users/devanshbansal/Desktop/ser/dataset/Audio_Speech_Actors_01-24/Actor_11/03-01-07-01-01-02-11.wav,03-01-07-01-01-02-11.wav,disgust,07,11,male,normal,1,Kids are talking by the door,2,speech,audio_only,48000,3.6036041666666665,0.089202880859375,0.009336400777101517,False,False,False,False,False,clean
/Users/devanshbansal/Desktop/ser/dataset/Audio_Speech_Actors_01-24/Actor_11/03-01-07-01-02-01-11.wav,03-01-07-01-02-01-11.wav,disgust,07,11,male,normal,2,Dogs are sitting by the door,1,speech,audio_only,48000,3.470125,0.07928466796875,0.007892179302871227,False,False,False,False,False,clean
/Users/devanshbansal/Desktop/ser/dataset/Audio_Speech_Actors_01-24/Actor_11/03-01-07-01-02-02-11.wav,03-01-07-01-02-02-11.wav,disgust,07,11,male,normal,2,Dogs are sitting by the door,2,speech,audio_only,48000,3.6703333333333332,0.101043701171875,0.009984000585973263,False,False,False,False,False,clean
/Users/devanshbansal/Desktop/ser/dataset/Audio_Speech_Actors_01-24/Actor_11/03-01-07-02-01-01-11.wav,03-01-07-02-01-01-11.wav,disgust,07,11,male,strong,1,Kids are talking by the door,1,speech,audio_only,48000,3.8038125,0.10992431640625,0.010991446673870087,False,False,False,False,False,clean
/Users/devanshbansal/Desktop/ser/dataset/Audio_Speech_Actors_01-24/Actor_11/03-01-07-02-01-02-11.wav,03-01-07-02-01-02-11.wav,disgust,07,11,male,strong,1,Kids are talking by the door,2,speech,audio_only,48000,3.8038125,0.05517578125,0.009002168662846088,False,False,False,False,False,clean
/Users/devanshbansal/Desktop/ser/dataset/Audio_Speech_Actors_01-24/Actor_11/03-01-07-02-02-01-11.wav,03-01-07-02-02-01-11.wav,disgust,07,11,male,strong,2,Dogs are sitting by the door,1,speech,audio_only,48000,3.7370625,0.078643798828125,0.009903467260301113,False,False,False,False,False,clean
/Users/devanshbansal/Desktop/ser/dataset/Audio_Speech_Actors_01-24/Actor_11/03-01-07-02-02-02-11.wav,03-01-07-02-02-02-11.wav,disgust,07,11,male,strong,2,Dogs are sitting by the door,2,speech,audio_only,48000,3.7370625,0.10986328125,0.013139061629772186,False,False,False,False,False,clean
/Users/devanshbansal/Desktop/ser/dataset/Audio_Speech_Actors_01-24/Actor_11/03-01-08-01-01-01-11.wav,03-01-08-01-01-01-11.wav,surprised,08,11,male,normal,1,Kids are talking by the door,1,speech,audio_only,48000,3.069729166666667,0.05963134765625,0.006185346748679876,False,False,False,False,False,clean
/Users/devanshbansal/Desktop/ser/dataset/Audio_Speech_Actors_01-24/Actor_11/03-01-08-01-01-02-11.wav,03-01-08-01-01-02-11.wav,surprised,08,11,male,normal,1,Kids are talking by the door,2,speech,audio_only,48000,3.136458333333333,0.101715087890625,0.008982695639133453,False,False,False,False,False,clean
/Users/devanshbansal/Desktop/ser/dataset/Audio_Speech_Actors_01-24/Actor_11/03-01-08-01-02-01-11.wav,03-01-08-01-02-01-11.wav,surprised,08,11,male,normal,2,Dogs are sitting by the door,1,speech,audio_only,48000,3.1698333333333335,0.152069091796875,0.015515560284256935,False,False,False,False,False,clean
/Users/devanshbansal/Desktop/ser/dataset/Audio_Speech_Actors_01-24/Actor_11/03-01-08-01-02-02-11.wav,03-01-08-01-02-02-11.wav,surprised,08,11,male,normal,2,Dogs are sitting by the door,2,speech,audio_only,48000,2.969625,0.10931396484375,0.012684480287134647,False,False,False,False,False,clean
/Users/devanshbansal/Desktop/ser/dataset/Audio_Speech_Actors_01-24/Actor_11/03-01-08-02-01-01-11.wav,03-01-08-02-01-01-11.wav,surprised,08,11,male,strong,1,Kids are talking by the door,1,speech,audio_only,48000,3.069729166666667,0.104949951171875,0.012016667984426022,False,False,False,False,False,clean
/Users/devanshbansal/Desktop/ser/dataset/Audio_Speech_Actors_01-24/Actor_11/03-01-08-02-01-02-11.wav,03-01-08-02-01-02-11.wav,surprised,08,11,male,strong,1,Kids are talking by the door,2,speech,audio_only,48000,3.1031041666666668,0.202392578125,0.020559532567858696,False,False,False,False,False,clean
/Users/devanshbansal/Desktop/ser/dataset/Audio_Speech_Actors_01-24/Actor_11/03-01-08-02-02-01-11.wav,03-01-08-02-02-01-11.wav,surprised,08,11,male,strong,2,Dogs are sitting by the door,1,speech,audio_only,48000,3.069729166666667,0.156890869140625,0.020254487171769142,False,False,False,False,False,clean
/Users/devanshbansal/Desktop/ser/dataset/Audio_Speech_Actors_01-24/Actor_11/03-01-08-02-02-02-11.wav,03-01-08-02-02-02-11.wav,surprised,08,11,male,strong,2,Dogs are sitting by the door,2,speech,audio_only,48000,3.069729166666667,0.211334228515625,0.020051324740052223,False,False,False,False,False,clean
/Users/devanshbansal/Desktop/ser/dataset/Audio_Speech_Actors_01-24/Actor_12/03-01-01-01-01-01-12.wav,03-01-01-01-01-01-12.wav,calm,01,12,female,normal,1,Kids are talking by the door,1,speech,audio_only,48000,3.6369583333333333,0.03778076171875,0.00422237953171134,False,False,False,False,False,clean
/Users/devanshbansal/Desktop/ser/dataset/Audio_Speech_Actors_01-24/Actor_12/03-01-01-01-01-02-12.wav,03-01-01-01-01-02-12.wav,calm,01,12,female,normal,1,Kids are talking by the door,2,speech,audio_only,48000,3.536875,0.032989501953125,0.004007375333458185,False,False,False,False,False,clean
/Users/devanshbansal/Desktop/ser/dataset/Audio_Speech_Actors_01-24/Actor_12/03-01-01-01-02-01-12.wav,03-01-01-01-02-01-12.wav,calm,01,12,female,normal,2,Dogs are sitting by the door,1,speech,audio_only,48000,3.6036041666666665,0.041900634765625,0.005489271599799395,False,False,False,False,False,clean
/Users/devanshbansal/Desktop/ser/dataset/Audio_Speech_Actors_01-24/Actor_12/03-01-01-01-02-02-12.wav,03-01-01-01-02-02-12.wav,calm,01,12,female,normal,2,Dogs are sitting by the door,2,speech,audio_only,48000,3.636979166666667,0.03668212890625,0.004765362478792667,False,False,False,False,False,clean
/Users/devanshbansal/Desktop/ser/dataset/Audio_Speech_Actors_01-24/Actor_12/03-01-02-01-01-01-12.wav,03-01-02-01-01-01-12.wav,calm,02,12,female,normal,1,Kids are talking by the door,1,speech,audio_only,48000,3.8705208333333334,0.0384521484375,0.004620647057890892,False,False,False,False,False,clean
/Users/devanshbansal/Desktop/ser/dataset/Audio_Speech_Actors_01-24/Actor_12/03-01-02-01-01-02-12.wav,03-01-02-01-01-02-12.wav,calm,02,12,female,normal,1,Kids are talking by the door,2,speech,audio_only,48000,3.7704166666666667,0.035736083984375,0.0038197431713342667,False,False,False,False,False,clean
/Users/devanshbansal/Desktop/ser/dataset/Audio_Speech_Actors_01-24/Actor_12/03-01-02-01-02-01-12.wav,03-01-02-01-02-01-12.wav,calm,02,12,female,normal,2,Dogs are sitting by the door,1,speech,audio_only,48000,3.7704375,0.029510498046875,0.005090685095638037,False,False,False,False,False,clean
/Users/devanshbansal/Desktop/ser/dataset/Audio_Speech_Actors_01-24/Actor_12/03-01-02-01-02-02-12.wav,03-01-02-01-02-02-12.wav,calm,02,12,female,normal,2,Dogs are sitting by the door,2,speech,audio_only,48000,3.6703333333333332,0.03851318359375,0.004687628708779812,False,False,False,False,False,clean
/Users/devanshbansal/Desktop/ser/dataset/Audio_Speech_Actors_01-24/Actor_12/03-01-02-02-01-01-12.wav,03-01-02-02-01-01-12.wav,calm,02,12,female,strong,1,Kids are talking by the door,1,speech,audio_only,48000,3.970625,0.030426025390625,0.004059061408042908,False,False,False,False,False,clean
/Users/devanshbansal/Desktop/ser/dataset/Audio_Speech_Actors_01-24/Actor_12/03-01-02-02-01-02-12.wav,03-01-02-02-01-02-12.wav,calm,02,12,female,strong,1,Kids are talking by the door,2,speech,audio_only,48000,3.7704375,0.036529541015625,0.004252753686159849,False,False,False,False,False,clean
/Users/devanshbansal/Desktop/ser/dataset/Audio_Speech_Actors_01-24/Actor_12/03-01-02-02-02-01-12.wav,03-01-02-02-02-01-12.wav,calm,02,12,female,strong,2,Dogs are sitting by the door,1,speech,audio_only,48000,3.7370833333333335,0.04193115234375,0.004923962987959385,False,False,False,False,False,clean
/Users/devanshbansal/Desktop/ser/dataset/Audio_Speech_Actors_01-24/Actor_12/03-01-02-02-02-02-12.wav,03-01-02-02-02-02-12.wav,calm,02,12,female,strong,2,Dogs are sitting by the door,2,speech,audio_only,48000,3.8038125,0.029815673828125,0.0046068476513028145,False,False,False,False,False,clean
/Users/devanshbansal/Desktop/ser/dataset/Audio_Speech_Actors_01-24/Actor_12/03-01-03-01-01-01-12.wav,03-01-03-01-01-01-12.wav,happy,03,12,female,normal,1,Kids are talking by the door,1,speech,audio_only,48000,3.703708333333333,0.106842041015625,0.010019497945904732,False,False,False,False,False,clean
/Users/devanshbansal/Desktop/ser/dataset/Audio_Speech_Actors_01-24/Actor_12/03-01-03-01-01-02-12.wav,03-01-03-01-01-02-12.wav,happy,03,12,female,normal,1,Kids are talking by the door,2,speech,audio_only,48000,3.7370625,0.082794189453125,0.010531371459364891,False,False,False,False,False,clean
/Users/devanshbansal/Desktop/ser/dataset/Audio_Speech_Actors_01-24/Actor_12/03-01-03-01-02-01-12.wav,03-01-03-01-02-01-12.wav,happy,03,12,female,normal,2,Dogs are sitting by the door,1,speech,audio_only,48000,3.5035,0.080291748046875,0.009664665907621384,False,False,False,False,False,clean
/Users/devanshbansal/Desktop/ser/dataset/Audio_Speech_Actors_01-24/Actor_12/03-01-03-01-02-02-12.wav,03-01-03-01-02-02-12.wav,happy,03,12,female,normal,2,Dogs are sitting by the door,2,speech,audio_only,48000,3.7370833333333335,0.09686279296875,0.011676527559757233,False,False,False,False,False,clean
/Users/devanshbansal/Desktop/ser/dataset/Audio_Speech_Actors_01-24/Actor_12/03-01-03-02-01-01-12.wav,03-01-03-02-01-01-12.wav,happy,03,12,female,strong,1,Kids are talking by the door,1,speech,audio_only,48000,4.204208333333334,0.49298095703125,0.04057231545448303,False,False,False,False,False,clean
/Users/devanshbansal/Desktop/ser/dataset/Audio_Speech_Actors_01-24/Actor_12/03-01-03-02-01-02-12.wav,03-01-03-02-01-02-12.wav,happy,03,12,female,strong,1,Kids are talking by the door,2,speech,audio_only,48000,4.137458333333333,0.422393798828125,0.03678407147526741,False,False,False,False,False,clean
/Users/devanshbansal/Desktop/ser/dataset/Audio_Speech_Actors_01-24/Actor_12/03-01-03-02-02-01-12.wav,03-01-03-02-02-01-12.wav,happy,03,12,female,strong,2,Dogs are sitting by the door,1,speech,audio_only,48000,3.9039166666666665,0.234405517578125,0.02002614177763462,False,False,False,False,False,clean
/Users/devanshbansal/Desktop/ser/dataset/Audio_Speech_Actors_01-24/Actor_12/03-01-03-02-02-02-12.wav,03-01-03-02-02-02-12.wav,happy,03,12,female,strong,2,Dogs are sitting by the door,2,speech,audio_only,48000,3.970625,0.445831298828125,0.042748481035232544,False,False,False,False,False,clean
/Users/devanshbansal/Desktop/ser/dataset/Audio_Speech_Actors_01-24/Actor_12/03-01-04-01-01-01-12.wav,03-01-04-01-01-01-12.wav,sad,04,12,female,normal,1,Kids are talking by the door,1,speech,audio_only,48000,3.6703333333333332,0.089599609375,0.008495213463902473,False,False,False,False,False,clean
/Users/devanshbansal/Desktop/ser/dataset/Audio_Speech_Actors_01-24/Actor_12/03-01-04-01-01-02-12.wav,03-01-04-01-01-02-12.wav,sad,04,12,female,normal,1,Kids are talking by the door,2,speech,audio_only,48000,3.6035833333333334,0.079925537109375,0.00760992243885994,False,False,False,False,False,clean
/Users/devanshbansal/Desktop/ser/dataset/Audio_Speech_Actors_01-24/Actor_12/03-01-04-01-02-01-12.wav,03-01-04-01-02-01-12.wav,sad,04,12,female,normal,2,Dogs are sitting by the door,1,speech,audio_only,48000,3.6703333333333332,0.039154052734375,0.005372287705540657,False,False,False,False,False,clean
/Users/devanshbansal/Desktop/ser/dataset/Audio_Speech_Actors_01-24/Actor_12/03-01-04-01-02-02-12.wav,03-01-04-01-02-02-12.wav,sad,04,12,female,normal,2,Dogs are sitting by the door,2,speech,audio_only,48000,3.5702291666666666,0.05133056640625,0.007070566527545452,False,False,False,False,False,clean
/Users/devanshbansal/Desktop/ser/dataset/Audio_Speech_Actors_01-24/Actor_12/03-01-04-02-01-01-12.wav,03-01-04-02-01-01-12.wav,sad,04,12,female,strong,1,Kids are talking by the door,1,speech,audio_only,48000,3.8705208333333334,0.20953369140625,0.02286919578909874,False,False,False,False,False,clean
/Users/devanshbansal/Desktop/ser/dataset/Audio_Speech_Actors_01-24/Actor_12/03-01-04-02-01-02-12.wav,03-01-04-02-01-02-12.wav,sad,04,12,female,strong,1,Kids are talking by the door,2,speech,audio_only,48000,3.7704375,0.277984619140625,0.03208064287900925,False,False,False,False,False,clean
/Users/devanshbansal/Desktop/ser/dataset/Audio_Speech_Actors_01-24/Actor_12/03-01-04-02-02-01-12.wav,03-01-04-02-02-01-12.wav,sad,04,12,female,strong,2,Dogs are sitting by the door,1,speech,audio_only,48000,3.8037916666666667,0.228057861328125,0.023990213871002197,False,False,False,False,False,clean
/Users/devanshbansal/Desktop/ser/dataset/Audio_Speech_Actors_01-24/Actor_12/03-01-04-02-02-02-12.wav,03-01-04-02-02-02-12.wav,sad,04,12,female,strong,2,Dogs are sitting by the door,2,speech,audio_only,48000,3.8705416666666665,0.28021240234375,0.038777898997068405,False,False,False,False,False,clean
/Users/devanshbansal/Desktop/ser/dataset/Audio_Speech_Actors_01-24/Actor_12/03-01-05-01-01-01-12.wav,03-01-05-01-01-01-12.wav,angry,05,12,female,normal,1,Kids are talking by the door,1,speech,audio_only,48000,4.2709375,0.107696533203125,0.00991690531373024,False,False,False,False,False,clean
/Users/devanshbansal/Desktop/ser/dataset/Audio_Speech_Actors_01-24/Actor_12/03-01-05-01-01-02-12.wav,03-01-05-01-01-02-12.wav,angry,05,12,female,normal,1,Kids are talking by the door,2,speech,audio_only,48000,3.970625,0.117431640625,0.011377147398889065,False,False,False,False,False,clean
/Users/devanshbansal/Desktop/ser/dataset/Audio_Speech_Actors_01-24/Actor_12/03-01-05-01-02-01-12.wav,03-01-05-01-02-01-12.wav,angry,05,12,female,normal,2,Dogs are sitting by the door,1,speech,audio_only,48000,3.7370833333333335,0.05804443359375,0.007240879349410534,False,False,False,False,False,clean
/Users/devanshbansal/Desktop/ser/dataset/Audio_Speech_Actors_01-24/Actor_12/03-01-05-01-02-02-12.wav,03-01-05-01-02-02-12.wav,angry,05,12,female,normal,2,Dogs are sitting by the door,2,speech,audio_only,48000,4.137458333333333,0.07550048828125,0.008231942541897297,False,False,False,False,False,clean
/Users/devanshbansal/Desktop/ser/dataset/Audio_Speech_Actors_01-24/Actor_12/03-01-05-02-01-01-12.wav,03-01-05-02-01-01-12.wav,angry,05,12,female,strong,1,Kids are talking by the door,1,speech,audio_only,48000,3.6369583333333333,0.569549560546875,0.04470527917146683,False,False,False,False,False,clean
/Users/devanshbansal/Desktop/ser/dataset/Audio_Speech_Actors_01-24/Actor_12/03-01-05-02-01-02-12.wav,03-01-05-02-01-02-12.wav,angry,05,12,female,strong,1,Kids are talking by the door,2,speech,audio_only,48000,3.6703333333333332,0.834503173828125,0.0891704261302948,False,False,False,False,False,clean
/Users/devanshbansal/Desktop/ser/dataset/Audio_Speech_Actors_01-24/Actor_12/03-01-05-02-02-01-12.wav,03-01-05-02-02-01-12.wav,angry,05,12,female,strong,2,Dogs are sitting by the door,1,speech,audio_only,48000,3.8038125,0.549224853515625,0.038681529462337494,False,False,False,False,False,clean
/Users/devanshbansal/Desktop/ser/dataset/Audio_Speech_Actors_01-24/Actor_12/03-01-05-02-02-02-12.wav,03-01-05-02-02-02-12.wav,angry,05,12,female,strong,2,Dogs are sitting by the door,2,speech,audio_only,48000,3.8371666666666666,0.634490966796875,0.06807494908571243,False,False,False,False,False,clean
/Users/devanshbansal/Desktop/ser/dataset/Audio_Speech_Actors_01-24/Actor_12/03-01-06-01-01-01-12.wav,03-01-06-01-01-01-12.wav,fearful,06,12,female,normal,1,Kids are talking by the door,1,speech,audio_only,48000,3.4034166666666668,0.165802001953125,0.016410553827881813,False,False,False,False,False,clean
/Users/devanshbansal/Desktop/ser/dataset/Audio_Speech_Actors_01-24/Actor_12/03-01-06-01-01-02-12.wav,03-01-06-01-01-02-12.wav,fearful,06,12,female,normal,1,Kids are talking by the door,2,speech,audio_only,48000,3.5035,0.16650390625,0.015193370170891285,False,False,False,False,False,clean
/Users/devanshbansal/Desktop/ser/dataset/Audio_Speech_Actors_01-24/Actor_12/03-01-06-01-02-01-12.wav,03-01-06-01-02-01-12.wav,fearful,06,12,female,normal,2,Dogs are sitting by the door,1,speech,audio_only,48000,3.3700208333333332,0.099761962890625,0.010399876162409782,False,False,False,False,False,clean
/Users/devanshbansal/Desktop/ser/dataset/Audio_Speech_Actors_01-24/Actor_12/03-01-06-01-02-02-12.wav,03-01-06-01-02-02-12.wav,fearful,06,12,female,normal,2,Dogs are sitting by the door,2,speech,audio_only,48000,3.2032083333333334,0.11859130859375,0.01253462489694357,False,False,False,False,False,clean
/Users/devanshbansal/Desktop/ser/dataset/Audio_Speech_Actors_01-24/Actor_12/03-01-06-02-01-01-12.wav,03-01-06-02-01-01-12.wav,fearful,06,12,female,strong,1,Kids are talking by the door,1,speech,audio_only,48000,3.7370833333333335,0.620849609375,0.05401023477315903,False,False,False,False,False,clean
/Users/devanshbansal/Desktop/ser/dataset/Audio_Speech_Actors_01-24/Actor_12/03-01-06-02-01-02-12.wav,03-01-06-02-01-02-12.wav,fearful,06,12,female,strong,1,Kids are talking by the door,2,speech,audio_only,48000,3.703708333333333,0.555419921875,0.07109913975000381,False,False,False,False,False,clean
/Users/devanshbansal/Desktop/ser/dataset/Audio_Speech_Actors_01-24/Actor_12/03-01-06-02-02-01-12.wav,03-01-06-02-02-01-12.wav,fearful,06,12,female,strong,2,Dogs are sitting by the door,1,speech,audio_only,48000,3.4701458333333335,0.62298583984375,0.055383265018463135,False,False,False,False,False,clean
/Users/devanshbansal/Desktop/ser/dataset/Audio_Speech_Actors_01-24/Actor_12/03-01-06-02-02-02-12.wav,03-01-06-02-02-02-12.wav,fearful,06,12,female,strong,2,Dogs are sitting by the door,2,speech,audio_only,48000,3.6703333333333332,0.85272216796875,0.061586830765008926,False,False,False,False,False,clean
/Users/devanshbansal/Desktop/ser/dataset/Audio_Speech_Actors_01-24/Actor_12/03-01-07-01-01-01-12.wav,03-01-07-01-01-01-12.wav,disgust,07,12,female,normal,1,Kids are talking by the door,1,speech,audio_only,48000,3.7370625,0.0863037109375,0.006725630257278681,False,False,False,False,False,clean
/Users/devanshbansal/Desktop/ser/dataset/Audio_Speech_Actors_01-24/Actor_12/03-01-07-01-01-02-12.wav,03-01-07-01-01-02-12.wav,disgust,07,12,female,normal,1,Kids are talking by the door,2,speech,audio_only,48000,3.703708333333333,0.080841064453125,0.007343298755586147,False,False,False,False,False,clean
/Users/devanshbansal/Desktop/ser/dataset/Audio_Speech_Actors_01-24/Actor_12/03-01-07-01-02-01-12.wav,03-01-07-01-02-01-12.wav,disgust,07,12,female,normal,2,Dogs are sitting by the door,1,speech,audio_only,48000,3.6036041666666665,0.075347900390625,0.006469981744885445,False,False,False,False,False,clean
/Users/devanshbansal/Desktop/ser/dataset/Audio_Speech_Actors_01-24/Actor_12/03-01-07-01-02-02-12.wav,03-01-07-01-02-02-12.wav,disgust,07,12,female,normal,2,Dogs are sitting by the door,2,speech,audio_only,48000,3.703708333333333,0.0511474609375,0.006267704535275698,False,False,False,False,False,clean
/Users/devanshbansal/Desktop/ser/dataset/Audio_Speech_Actors_01-24/Actor_12/03-01-07-02-01-01-12.wav,03-01-07-02-01-01-12.wav,disgust,07,12,female,strong,1,Kids are talking by the door,1,speech,audio_only,48000,3.970645833333333,0.08734130859375,0.011004183441400528,False,False,False,False,False,clean
/Users/devanshbansal/Desktop/ser/dataset/Audio_Speech_Actors_01-24/Actor_12/03-01-07-02-01-02-12.wav,03-01-07-02-01-02-12.wav,disgust,07,12,female,strong,1,Kids are talking by the door,2,speech,audio_only,48000,4.5378541666666665,0.139923095703125,0.018093690276145935,False,False,False,False,False,clean
/Users/devanshbansal/Desktop/ser/dataset/Audio_Speech_Actors_01-24/Actor_12/03-01-07-02-02-01-12.wav,03-01-07-02-02-01-12.wav,disgust,07,12,female,strong,2,Dogs are sitting by the door,1,speech,audio_only,48000,4.204208333333334,0.150543212890625,0.019577978178858757,False,False,False,False,False,clean
/Users/devanshbansal/Desktop/ser/dataset/Audio_Speech_Actors_01-24/Actor_12/03-01-07-02-02-02-12.wav,03-01-07-02-02-02-12.wav,disgust,07,12,female,strong,2,Dogs are sitting by the door,2,speech,audio_only,48000,3.970645833333333,0.224334716796875,0.019931018352508545,False,False,False,False,False,clean
/Users/devanshbansal/Desktop/ser/dataset/Audio_Speech_Actors_01-24/Actor_12/03-01-08-01-01-01-12.wav,03-01-08-01-01-01-12.wav,surprised,08,12,female,normal,1,Kids are talking by the door,1,speech,audio_only,48000,3.536875,0.0914306640625,0.008123260922729969,False,False,False,False,False,clean
/Users/devanshbansal/Desktop/ser/dataset/Audio_Speech_Actors_01-24/Actor_12/03-01-08-01-01-02-12.wav,03-01-08-01-01-02-12.wav,surprised,08,12,female,normal,1,Kids are talking by the door,2,speech,audio_only,48000,3.6369583333333333,0.088043212890625,0.009769000113010406,False,False,False,False,False,clean
/Users/devanshbansal/Desktop/ser/dataset/Audio_Speech_Actors_01-24/Actor_12/03-01-08-01-02-01-12.wav,03-01-08-01-02-01-12.wav,surprised,08,12,female,normal,2,Dogs are sitting by the door,1,speech,audio_only,48000,3.5035,0.08050537109375,0.010275873355567455,False,False,False,False,False,clean
/Users/devanshbansal/Desktop/ser/dataset/Audio_Speech_Actors_01-24/Actor_12/03-01-08-01-02-02-12.wav,03-01-08-01-02-02-12.wav,surprised,08,12,female,normal,2,Dogs are sitting by the door,2,speech,audio_only,48000,3.6036041666666665,0.098480224609375,0.010978659614920616,False,False,False,False,False,clean
/Users/devanshbansal/Desktop/ser/dataset/Audio_Speech_Actors_01-24/Actor_12/03-01-08-02-01-01-12.wav,03-01-08-02-01-01-12.wav,surprised,08,12,female,strong,1,Kids are talking by the door,1,speech,audio_only,48000,3.7036875,0.12457275390625,0.014206908643245697,False,False,False,False,False,clean
/Users/devanshbansal/Desktop/ser/dataset/Audio_Speech_Actors_01-24/Actor_12/03-01-08-02-01-02-12.wav,03-01-08-02-01-02-12.wav,surprised,08,12,female,strong,1,Kids are talking by the door,2,speech,audio_only,48000,3.7370625,0.173797607421875,0.017389165237545967,False,False,False,False,False,clean
/Users/devanshbansal/Desktop/ser/dataset/Audio_Speech_Actors_01-24/Actor_12/03-01-08-02-02-01-12.wav,03-01-08-02-02-01-12.wav,surprised,08,12,female,strong,2,Dogs are sitting by the door,1,speech,audio_only,48000,3.7370625,0.149566650390625,0.016118479892611504,False,False,False,False,False,clean
/Users/devanshbansal/Desktop/ser/dataset/Audio_Speech_Actors_01-24/Actor_12/03-01-08-02-02-02-12.wav,03-01-08-02-02-02-12.wav,surprised,08,12,female,strong,2,Dogs are sitting by the door,2,speech,audio_only,48000,3.6703333333333332,0.1529541015625,0.014668435789644718,False,False,False,False,False,clean
/Users/devanshbansal/Desktop/ser/dataset/Audio_Speech_Actors_01-24/Actor_13/03-01-01-01-01-01-13.wav,03-01-01-01-01-01-13.wav,calm,01,13,male,normal,1,Kids are talking by the door,1,speech,audio_only,48000,3.1698333333333335,0.043060302734375,0.003504502587020397,False,False,False,False,False,clean
/Users/devanshbansal/Desktop/ser/dataset/Audio_Speech_Actors_01-24/Actor_13/03-01-01-01-01-02-13.wav,03-01-01-01-01-02-13.wav,calm,01,13,male,normal,1,Kids are talking by the door,2,speech,audio_only,48000,3.2031875,0.047698974609375,0.0035826500970870256,False,False,False,False,False,clean
/Users/devanshbansal/Desktop/ser/dataset/Audio_Speech_Actors_01-24/Actor_13/03-01-01-01-02-01-13.wav,03-01-01-01-02-01-13.wav,calm,01,13,male,normal,2,Dogs are sitting by the door,1,speech,audio_only,48000,3.069729166666667,0.042236328125,0.003673823084682226,False,False,False,False,False,clean
/Users/devanshbansal/Desktop/ser/dataset/Audio_Speech_Actors_01-24/Actor_13/03-01-01-01-02-02-13.wav,03-01-01-01-02-02-13.wav,calm,01,13,male,normal,2,Dogs are sitting by the door,2,speech,audio_only,48000,3.136458333333333,0.04925537109375,0.0044419728219509125,False,False,False,False,False,clean
/Users/devanshbansal/Desktop/ser/dataset/Audio_Speech_Actors_01-24/Actor_13/03-01-02-01-01-01-13.wav,03-01-02-01-01-01-13.wav,calm,02,13,male,normal,1,Kids are talking by the door,1,speech,audio_only,48000,3.3032916666666665,0.023101806640625,0.00269990018568933,False,False,False,False,False,clean
/Users/devanshbansal/Desktop/ser/dataset/Audio_Speech_Actors_01-24/Actor_13/03-01-02-01-01-02-13.wav,03-01-02-01-01-02-13.wav,calm,02,13,male,normal,1,Kids are talking by the door,2,speech,audio_only,48000,3.1698333333333335,0.040924072265625,0.0030984256882220507,False,False,False,False,False,clean
/Users/devanshbansal/Desktop/ser/dataset/Audio_Speech_Actors_01-24/Actor_13/03-01-02-01-02-01-13.wav,03-01-02-01-02-01-13.wav,calm,02,13,male,normal,2,Dogs are sitting by the door,1,speech,audio_only,48000,3.136458333333333,0.02996826171875,0.0027295229956507683,False,False,False,False,False,clean
/Users/devanshbansal/Desktop/ser/dataset/Audio_Speech_Actors_01-24/Actor_13/03-01-02-01-02-02-13.wav,03-01-02-01-02-02-13.wav,calm,02,13,male,normal,2,Dogs are sitting by the door,2,speech,audio_only,48000,2.9362708333333334,0.0361328125,0.0029476131312549114,False,False,False,False,False,clean
/Users/devanshbansal/Desktop/ser/dataset/Audio_Speech_Actors_01-24/Actor_13/03-01-02-02-01-01-13.wav,03-01-02-02-01-01-13.wav,calm,02,13,male,strong,1,Kids are talking by the door,1,speech,audio_only,48000,3.1364791666666667,0.032135009765625,0.0027530649676918983,False,False,False,False,False,clean
/Users/devanshbansal/Desktop/ser/dataset/Audio_Speech_Actors_01-24/Actor_13/03-01-02-02-01-02-13.wav,03-01-02-02-01-02-13.wav,calm,02,13,male,strong,1,Kids are talking by the door,2,speech,audio_only,48000,3.2032083333333334,0.042388916015625,0.0036844913847744465,False,False,False,False,False,clean
/Users/devanshbansal/Desktop/ser/dataset/Audio_Speech_Actors_01-24/Actor_13/03-01-02-02-02-01-13.wav,03-01-02-02-02-01-13.wav,calm,02,13,male,strong,2,Dogs are sitting by the door,1,speech,audio_only,48000,3.003,0.046142578125,0.003737484570592642,False,False,False,False,False,clean
/Users/devanshbansal/Desktop/ser/dataset/Audio_Speech_Actors_01-24/Actor_13/03-01-02-02-02-02-13.wav,03-01-02-02-02-02-13.wav,calm,02,13,male,strong,2,Dogs are sitting by the door,2,speech,audio_only,48000,3.0363541666666665,0.041290283203125,0.003725194139406085,False,False,False,False,False,clean
/Users/devanshbansal/Desktop/ser/dataset/Audio_Speech_Actors_01-24/Actor_13/03-01-03-01-01-01-13.wav,03-01-03-01-01-01-13.wav,happy,03,13,male,normal,1,Kids are talking by the door,1,speech,audio_only,48000,3.2365625,0.070648193359375,0.006257295608520508,False,False,False,False,False,clean
/Users/devanshbansal/Desktop/ser/dataset/Audio_Speech_Actors_01-24/Actor_13/03-01-03-01-01-02-13.wav,03-01-03-01-01-02-13.wav,happy,03,13,male,normal,1,Kids are talking by the door,2,speech,audio_only,48000,3.2032083333333334,0.0675048828125,0.005752768367528915,False,False,False,False,False,clean
/Users/devanshbansal/Desktop/ser/dataset/Audio_Speech_Actors_01-24/Actor_13/03-01-03-01-02-01-13.wav,03-01-03-01-02-01-13.wav,happy,03,13,male,normal,2,Dogs are sitting by the door,1,speech,audio_only,48000,3.1364791666666667,0.067626953125,0.005905698519200087,False,False,False,False,False,clean
/Users/devanshbansal/Desktop/ser/dataset/Audio_Speech_Actors_01-24/Actor_13/03-01-03-01-02-02-13.wav,03-01-03-01-02-02-13.wav,happy,03,13,male,normal,2,Dogs are sitting by the door,2,speech,audio_only,48000,3.2032083333333334,0.08355712890625,0.007556034252047539,False,False,False,False,False,clean
/Users/devanshbansal/Desktop/ser/dataset/Audio_Speech_Actors_01-24/Actor_13/03-01-03-02-01-01-13.wav,03-01-03-02-01-01-13.wav,happy,03,13,male,strong,1,Kids are talking by the door,1,speech,audio_only,48000,3.4367708333333336,0.1123046875,0.008844486437737942,False,False,False,False,False,clean
/Users/devanshbansal/Desktop/ser/dataset/Audio_Speech_Actors_01-24/Actor_13/03-01-03-02-01-02-13.wav,03-01-03-02-01-02-13.wav,happy,03,13,male,strong,1,Kids are talking by the door,2,speech,audio_only,48000,3.6036041666666665,0.16180419921875,0.019152920693159103,False,False,False,False,False,clean
/Users/devanshbansal/Desktop/ser/dataset/Audio_Speech_Actors_01-24/Actor_13/03-01-03-02-02-01-13.wav,03-01-03-02-02-01-13.wav,happy,03,13,male,strong,2,Dogs are sitting by the door,1,speech,audio_only,48000,3.3700208333333332,0.180755615234375,0.02112008072435856,False,False,False,False,False,clean
/Users/devanshbansal/Desktop/ser/dataset/Audio_Speech_Actors_01-24/Actor_13/03-01-03-02-02-02-13.wav,03-01-03-02-02-02-13.wav,happy,03,13,male,strong,2,Dogs are sitting by the door,2,speech,audio_only,48000,3.3366666666666664,0.173095703125,0.02094646543264389,False,False,False,False,False,clean
/Users/devanshbansal/Desktop/ser/dataset/Audio_Speech_Actors_01-24/Actor_13/03-01-04-01-01-01-13.wav,03-01-04-01-01-01-13.wav,sad,04,13,male,normal,1,Kids are talking by the door,1,speech,audio_only,48000,3.5702291666666666,0.0260009765625,0.0032955212518572807,False,False,False,False,False,clean
/Users/devanshbansal/Desktop/ser/dataset/Audio_Speech_Actors_01-24/Actor_13/03-01-04-01-01-02-13.wav,03-01-04-01-01-02-13.wav,sad,04,13,male,normal,1,Kids are talking by the door,2,speech,audio_only,48000,3.5368541666666666,0.021514892578125,0.0028080628253519535,False,False,False,False,False,clean
/Users/devanshbansal/Desktop/ser/dataset/Audio_Speech_Actors_01-24/Actor_13/03-01-04-01-02-01-13.wav,03-01-04-01-02-01-13.wav,sad,04,13,male,normal,2,Dogs are sitting by the door,1,speech,audio_only,48000,3.4367708333333336,0.031158447265625,0.0031081782653927803,False,False,False,False,False,clean
/Users/devanshbansal/Desktop/ser/dataset/Audio_Speech_Actors_01-24/Actor_13/03-01-04-01-02-02-13.wav,03-01-04-01-02-02-13.wav,sad,04,13,male,normal,2,Dogs are sitting by the door,2,speech,audio_only,48000,3.370041666666667,0.0419921875,0.00349835935048759,False,False,False,False,False,clean
/Users/devanshbansal/Desktop/ser/dataset/Audio_Speech_Actors_01-24/Actor_13/03-01-04-02-01-01-13.wav,03-01-04-02-01-01-13.wav,sad,04,13,male,strong,1,Kids are talking by the door,1,speech,audio_only,48000,3.3366666666666664,0.05517578125,0.005708656739443541,False,False,False,False,False,clean
/Users/devanshbansal/Desktop/ser/dataset/Audio_Speech_Actors_01-24/Actor_13/03-01-04-02-01-02-13.wav,03-01-04-02-01-02-13.wav,sad,04,13,male,strong,1,Kids are talking by the door,2,speech,audio_only,48000,3.3032916666666665,0.03460693359375,0.004082509316504002,False,False,False,False,False,clean
/Users/devanshbansal/Desktop/ser/dataset/Audio_Speech_Actors_01-24/Actor_13/03-01-04-02-02-01-13.wav,03-01-04-02-02-01-13.wav,sad,04,13,male,strong,2,Dogs are sitting by the door,1,speech,audio_only,48000,3.4367708333333336,0.041839599609375,0.004384344909340143,False,False,False,False,False,clean
/Users/devanshbansal/Desktop/ser/dataset/Audio_Speech_Actors_01-24/Actor_13/03-01-04-02-02-02-13.wav,03-01-04-02-02-02-13.wav,sad,04,13,male,strong,2,Dogs are sitting by the door,2,speech,audio_only,48000,3.2031875,0.02410888671875,0.0032526126597076654,False,False,False,False,False,clean
/Users/devanshbansal/Desktop/ser/dataset/Audio_Speech_Actors_01-24/Actor_13/03-01-05-01-01-01-13.wav,03-01-05-01-01-01-13.wav,angry,05,13,male,normal,1,Kids are talking by the door,1,speech,audio_only,48000,3.4367708333333336,0.089569091796875,0.009022235870361328,False,False,False,False,False,clean
/Users/devanshbansal/Desktop/ser/dataset/Audio_Speech_Actors_01-24/Actor_13/03-01-05-01-01-02-13.wav,03-01-05-01-01-02-13.wav,angry,05,13,male,normal,1,Kids are talking by the door,2,speech,audio_only,48000,3.5368541666666666,0.103179931640625,0.01213937345892191,False,False,False,False,False,clean
/Users/devanshbansal/Desktop/ser/dataset/Audio_Speech_Actors_01-24/Actor_13/03-01-05-01-02-01-13.wav,03-01-05-01-02-01-13.wav,angry,05,13,male,normal,2,Dogs are sitting by the door,1,speech,audio_only,48000,3.6036041666666665,0.117828369140625,0.011859670281410217,False,False,False,False,False,clean
/Users/devanshbansal/Desktop/ser/dataset/Audio_Speech_Actors_01-24/Actor_13/03-01-05-01-02-02-13.wav,03-01-05-01-02-02-13.wav,angry,05,13,male,normal,2,Dogs are sitting by the door,2,speech,audio_only,48000,3.3700208333333332,0.14141845703125,0.015105337835848331,False,False,False,False,False,clean
/Users/devanshbansal/Desktop/ser/dataset/Audio_Speech_Actors_01-24/Actor_13/03-01-05-02-01-01-13.wav,03-01-05-02-01-01-13.wav,angry,05,13,male,strong,1,Kids are talking by the door,1,speech,audio_only,48000,3.6703333333333332,0.935943603515625,0.09900470823049545,False,False,False,False,False,clean
/Users/devanshbansal/Desktop/ser/dataset/Audio_Speech_Actors_01-24/Actor_13/03-01-05-02-01-02-13.wav,03-01-05-02-01-02-13.wav,angry,05,13,male,strong,1,Kids are talking by the door,2,speech,audio_only,48000,4.2709375,0.523590087890625,0.04965580999851227,False,False,False,False,False,clean
/Users/devanshbansal/Desktop/ser/dataset/Audio_Speech_Actors_01-24/Actor_13/03-01-05-02-02-01-13.wav,03-01-05-02-02-01-13.wav,angry,05,13,male,strong,2,Dogs are sitting by the door,1,speech,audio_only,48000,3.5702291666666666,0.711151123046875,0.0679958388209343,False,False,False,False,False,clean
/Users/devanshbansal/Desktop/ser/dataset/Audio_Speech_Actors_01-24/Actor_13/03-01-05-02-02-02-13.wav,03-01-05-02-02-02-13.wav,angry,05,13,male,strong,2,Dogs are sitting by the door,2,speech,audio_only,48000,4.170833333333333,0.981964111328125,0.15216797590255737,False,False,False,False,False,clean
/Users/devanshbansal/Desktop/ser/dataset/Audio_Speech_Actors_01-24/Actor_13/03-01-06-01-01-01-13.wav,03-01-06-01-01-01-13.wav,fearful,06,13,male,normal,1,Kids are talking by the door,1,speech,audio_only,48000,3.1364791666666667,0.067840576171875,0.005287669599056244,False,False,False,False,False,clean
/Users/devanshbansal/Desktop/ser/dataset/Audio_Speech_Actors_01-24/Actor_13/03-01-06-01-01-02-13.wav,03-01-06-01-01-02-13.wav,fearful,06,13,male,normal,1,Kids are talking by the door,2,speech,audio_only,48000,3.1698333333333335,0.03948974609375,0.003710133722051978,False,False,False,False,False,clean
/Users/devanshbansal/Desktop/ser/dataset/Audio_Speech_Actors_01-24/Actor_13/03-01-06-01-02-01-13.wav,03-01-06-01-02-01-13.wav,fearful,06,13,male,normal,2,Dogs are sitting by the door,1,speech,audio_only,48000,3.2032083333333334,0.068878173828125,0.007499761879444122,False,False,False,False,False,clean
/Users/devanshbansal/Desktop/ser/dataset/Audio_Speech_Actors_01-24/Actor_13/03-01-06-01-02-02-13.wav,03-01-06-01-02-02-13.wav,fearful,06,13,male,normal,2,Dogs are sitting by the door,2,speech,audio_only,48000,3.2365625,0.07098388671875,0.007836014032363892,False,False,False,False,False,clean
/Users/devanshbansal/Desktop/ser/dataset/Audio_Speech_Actors_01-24/Actor_13/03-01-06-02-01-01-13.wav,03-01-06-02-01-01-13.wav,fearful,06,13,male,strong,1,Kids are talking by the door,1,speech,audio_only,48000,3.370041666666667,0.062530517578125,0.0057907188311219215,False,False,False,False,False,clean
/Users/devanshbansal/Desktop/ser/dataset/Audio_Speech_Actors_01-24/Actor_13/03-01-06-02-01-02-13.wav,03-01-06-02-01-02-13.wav,fearful,06,13,male,strong,1,Kids are talking by the door,2,speech,audio_only,48000,3.2699375,0.334197998046875,0.030232222750782967,False,False,False,False,False,clean
/Users/devanshbansal/Desktop/ser/dataset/Audio_Speech_Actors_01-24/Actor_13/03-01-06-02-02-01-13.wav,03-01-06-02-02-01-13.wav,fearful,06,13,male,strong,2,Dogs are sitting by the door,1,speech,audio_only,48000,3.5035,0.23675537109375,0.024656744673848152,False,False,False,False,False,clean
/Users/devanshbansal/Desktop/ser/dataset/Audio_Speech_Actors_01-24/Actor_13/03-01-06-02-02-02-13.wav,03-01-06-02-02-02-13.wav,fearful,06,13,male,strong,2,Dogs are sitting by the door,2,speech,audio_only,48000,3.2032083333333334,0.0531005859375,0.006550028920173645,False,False,False,False,False,clean
/Users/devanshbansal/Desktop/ser/dataset/Audio_Speech_Actors_01-24/Actor_13/03-01-07-01-01-01-13.wav,03-01-07-01-01-01-13.wav,disgust,07,13,male,normal,1,Kids are talking by the door,1,speech,audio_only,48000,3.136458333333333,0.03192138671875,0.0029833372682332993,False,False,False,False,False,clean
/Users/devanshbansal/Desktop/ser/dataset/Audio_Speech_Actors_01-24/Actor_13/03-01-07-01-01-02-13.wav,03-01-07-01-01-02-13.wav,disgust,07,13,male,normal,1,Kids are talking by the door,2,speech,audio_only,48000,3.1698333333333335,0.033172607421875,0.003049785504117608,False,False,False,False,False,clean
/Users/devanshbansal/Desktop/ser/dataset/Audio_Speech_Actors_01-24/Actor_13/03-01-07-01-02-01-13.wav,03-01-07-01-02-01-13.wav,disgust,07,13,male,normal,2,Dogs are sitting by the door,1,speech,audio_only,48000,3.2699375,0.034454345703125,0.0032911014277487993,False,False,False,False,False,clean
/Users/devanshbansal/Desktop/ser/dataset/Audio_Speech_Actors_01-24/Actor_13/03-01-07-01-02-02-13.wav,03-01-07-01-02-02-13.wav,disgust,07,13,male,normal,2,Dogs are sitting by the door,2,speech,audio_only,48000,3.2365625,0.041534423828125,0.003684612223878503,False,False,False,False,False,clean
/Users/devanshbansal/Desktop/ser/dataset/Audio_Speech_Actors_01-24/Actor_13/03-01-07-02-01-01-13.wav,03-01-07-02-01-01-13.wav,disgust,07,13,male,strong,1,Kids are talking by the door,1,speech,audio_only,48000,3.403395833333333,0.0980224609375,0.00621012644842267,False,False,False,False,False,clean
/Users/devanshbansal/Desktop/ser/dataset/Audio_Speech_Actors_01-24/Actor_13/03-01-07-02-01-02-13.wav,03-01-07-02-01-02-13.wav,disgust,07,13,male,strong,1,Kids are talking by the door,2,speech,audio_only,48000,3.703708333333333,0.089385986328125,0.007653737440705299,False,False,False,False,False,clean
/Users/devanshbansal/Desktop/ser/dataset/Audio_Speech_Actors_01-24/Actor_13/03-01-07-02-02-01-13.wav,03-01-07-02-02-01-13.wav,disgust,07,13,male,strong,2,Dogs are sitting by the door,1,speech,audio_only,48000,3.403395833333333,0.035491943359375,0.00353196426294744,False,False,False,False,False,clean
/Users/devanshbansal/Desktop/ser/dataset/Audio_Speech_Actors_01-24/Actor_13/03-01-07-02-02-02-13.wav,03-01-07-02-02-02-13.wav,disgust,07,13,male,strong,2,Dogs are sitting by the door,2,speech,audio_only,48000,3.4367708333333336,0.04962158203125,0.005374784115701914,False,False,False,False,False,clean
/Users/devanshbansal/Desktop/ser/dataset/Audio_Speech_Actors_01-24/Actor_13/03-01-08-01-01-01-13.wav,03-01-08-01-01-01-13.wav,surprised,08,13,male,normal,1,Kids are talking by the door,1,speech,audio_only,48000,3.403395833333333,0.086822509765625,0.011244505643844604,False,False,False,False,False,clean
/Users/devanshbansal/Desktop/ser/dataset/Audio_Speech_Actors_01-24/Actor_13/03-01-08-01-01-02-13.wav,03-01-08-01-01-02-13.wav,surprised,08,13,male,normal,1,Kids are talking by the door,2,speech,audio_only,48000,3.136458333333333,0.040802001953125,0.005351030267775059,False,False,False,False,False,clean
/Users/devanshbansal/Desktop/ser/dataset/Audio_Speech_Actors_01-24/Actor_13/03-01-08-01-02-01-13.wav,03-01-08-01-02-01-13.wav,surprised,08,13,male,normal,2,Dogs are sitting by the door,1,speech,audio_only,48000,3.1364791666666667,0.0477294921875,0.005402167793363333,False,False,False,False,False,clean
/Users/devanshbansal/Desktop/ser/dataset/Audio_Speech_Actors_01-24/Actor_13/03-01-08-01-02-02-13.wav,03-01-08-01-02-02-13.wav,surprised,08,13,male,normal,2,Dogs are sitting by the door,2,speech,audio_only,48000,3.036375,0.04864501953125,0.0058785537257790565,False,False,False,False,False,clean
/Users/devanshbansal/Desktop/ser/dataset/Audio_Speech_Actors_01-24/Actor_13/03-01-08-02-01-01-13.wav,03-01-08-02-01-01-13.wav,surprised,08,13,male,strong,1,Kids are talking by the door,1,speech,audio_only,48000,3.3366666666666664,0.114227294921875,0.009590215981006622,False,False,False,False,False,clean
/Users/devanshbansal/Desktop/ser/dataset/Audio_Speech_Actors_01-24/Actor_13/03-01-08-02-01-02-13.wav,03-01-08-02-01-02-13.wav,surprised,08,13,male,strong,1,Kids are talking by the door,2,speech,audio_only,48000,3.3032916666666665,0.079193115234375,0.0063980622217059135,False,False,False,False,False,clean
/Users/devanshbansal/Desktop/ser/dataset/Audio_Speech_Actors_01-24/Actor_13/03-01-08-02-02-01-13.wav,03-01-08-02-02-01-13.wav,surprised,08,13,male,strong,2,Dogs are sitting by the door,1,speech,audio_only,48000,3.3366666666666664,0.093505859375,0.012647618539631367,False,False,False,False,False,clean
/Users/devanshbansal/Desktop/ser/dataset/Audio_Speech_Actors_01-24/Actor_13/03-01-08-02-02-02-13.wav,03-01-08-02-02-02-13.wav,surprised,08,13,male,strong,2,Dogs are sitting by the door,2,speech,audio_only,48000,3.3032916666666665,0.1363525390625,0.013448333367705345,False,False,False,False,False,clean
/Users/devanshbansal/Desktop/ser/dataset/Audio_Speech_Actors_01-24/Actor_14/03-01-01-01-01-01-14.wav,03-01-01-01-01-01-14.wav,calm,01,14,female,normal,1,Kids are talking by the door,1,speech,audio_only,48000,3.470125,0.0194091796875,0.002032930264249444,False,False,False,False,False,clean
/Users/devanshbansal/Desktop/ser/dataset/Audio_Speech_Actors_01-24/Actor_14/03-01-01-01-01-02-14.wav,03-01-01-01-01-02-14.wav,calm,01,14,female,normal,1,Kids are talking by the door,2,speech,audio_only,48000,3.3366666666666664,0.017059326171875,0.0018635158194229007,False,False,False,False,False,clean
/Users/devanshbansal/Desktop/ser/dataset/Audio_Speech_Actors_01-24/Actor_14/03-01-01-01-02-01-14.wav,03-01-01-01-02-01-14.wav,calm,01,14,female,normal,2,Dogs are sitting by the door,1,speech,audio_only,48000,3.4701458333333335,0.01959228515625,0.00265172915533185,False,False,False,False,False,clean
/Users/devanshbansal/Desktop/ser/dataset/Audio_Speech_Actors_01-24/Actor_14/03-01-01-01-02-02-14.wav,03-01-01-01-02-02-14.wav,calm,01,14,female,normal,2,Dogs are sitting by the door,2,speech,audio_only,48000,3.5702291666666666,0.02264404296875,0.0027383274864405394,False,False,False,False,False,clean
/Users/devanshbansal/Desktop/ser/dataset/Audio_Speech_Actors_01-24/Actor_14/03-01-02-01-01-01-14.wav,03-01-02-01-01-01-14.wav,calm,02,14,female,normal,1,Kids are talking by the door,1,speech,audio_only,48000,3.7370625,0.024810791015625,0.0029541412368416786,False,False,False,False,False,clean
/Users/devanshbansal/Desktop/ser/dataset/Audio_Speech_Actors_01-24/Actor_14/03-01-02-01-01-02-14.wav,03-01-02-01-01-02-14.wav,calm,02,14,female,normal,1,Kids are talking by the door,2,speech,audio_only,48000,3.5702291666666666,0.012542724609375,0.0015906909247860312,False,False,False,False,False,clean
/Users/devanshbansal/Desktop/ser/dataset/Audio_Speech_Actors_01-24/Actor_14/03-01-02-01-02-01-14.wav,03-01-02-01-02-01-14.wav,calm,02,14,female,normal,2,Dogs are sitting by the door,1,speech,audio_only,48000,3.4034166666666668,0.022369384765625,0.0030410541221499443,False,False,False,False,False,clean
/Users/devanshbansal/Desktop/ser/dataset/Audio_Speech_Actors_01-24/Actor_14/03-01-02-01-02-02-14.wav,03-01-02-01-02-02-14.wav,calm,02,14,female,normal,2,Dogs are sitting by the door,2,speech,audio_only,48000,3.5035,0.03033447265625,0.0032701180316507816,False,False,False,False,False,clean
/Users/devanshbansal/Desktop/ser/dataset/Audio_Speech_Actors_01-24/Actor_14/03-01-02-02-01-01-14.wav,03-01-02-02-01-01-14.wav,calm,02,14,female,strong,1,Kids are talking by the door,1,speech,audio_only,48000,3.8705208333333334,0.01806640625,0.0011810301803052425,False,False,False,False,False,clean
/Users/devanshbansal/Desktop/ser/dataset/Audio_Speech_Actors_01-24/Actor_14/03-01-02-02-01-02-14.wav,03-01-02-02-01-02-14.wav,calm,02,14,female,strong,1,Kids are talking by the door,2,speech,audio_only,48000,3.9038958333333333,0.011993408203125,0.0013459987239912152,False,False,False,False,False,clean
/Users/devanshbansal/Desktop/ser/dataset/Audio_Speech_Actors_01-24/Actor_14/03-01-02-02-02-01-14.wav,03-01-02-02-02-01-14.wav,calm,02,14,female,strong,2,Dogs are sitting by the door,1,speech,audio_only,48000,3.7370625,0.01849365234375,0.0017019520746544003,False,False,False,False,False,clean
/Users/devanshbansal/Desktop/ser/dataset/Audio_Speech_Actors_01-24/Actor_14/03-01-02-02-02-02-14.wav,03-01-02-02-02-02-14.wav,calm,02,14,female,strong,2,Dogs are sitting by the door,2,speech,audio_only,48000,3.7704375,0.01776123046875,0.0023364608641713858,False,False,False,False,False,clean
/Users/devanshbansal/Desktop/ser/dataset/Audio_Speech_Actors_01-24/Actor_14/03-01-03-01-01-01-14.wav,03-01-03-01-01-01-14.wav,happy,03,14,female,normal,1,Kids are talking by the door,1,speech,audio_only,48000,3.703708333333333,0.193603515625,0.017021052539348602,False,False,False,False,False,clean
/Users/devanshbansal/Desktop/ser/dataset/Audio_Speech_Actors_01-24/Actor_14/03-01-03-01-01-02-14.wav,03-01-03-01-01-02-14.wav,happy,03,14,female,normal,1,Kids are talking by the door,2,speech,audio_only,48000,3.6703333333333332,0.140625,0.01642529107630253,False,False,False,False,False,clean
/Users/devanshbansal/Desktop/ser/dataset/Audio_Speech_Actors_01-24/Actor_14/03-01-03-01-02-01-14.wav,03-01-03-01-02-01-14.wav,happy,03,14,female,normal,2,Dogs are sitting by the door,1,speech,audio_only,48000,3.403395833333333,0.092864990234375,0.011091750115156174,False,False,False,False,False,clean
/Users/devanshbansal/Desktop/ser/dataset/Audio_Speech_Actors_01-24/Actor_14/03-01-03-01-02-02-14.wav,03-01-03-01-02-02-14.wav,happy,03,14,female,normal,2,Dogs are sitting by the door,2,speech,audio_only,48000,3.470125,0.091339111328125,0.011622702702879906,False,False,False,False,False,clean
/Users/devanshbansal/Desktop/ser/dataset/Audio_Speech_Actors_01-24/Actor_14/03-01-03-02-01-01-14.wav,03-01-03-02-01-01-14.wav,happy,03,14,female,strong,1,Kids are talking by the door,1,speech,audio_only,48000,3.7704166666666667,0.53076171875,0.040611959993839264,False,False,False,False,False,clean
/Users/devanshbansal/Desktop/ser/dataset/Audio_Speech_Actors_01-24/Actor_14/03-01-03-02-01-02-14.wav,03-01-03-02-01-02-14.wav,happy,03,14,female,strong,1,Kids are talking by the door,2,speech,audio_only,48000,3.7370625,0.403411865234375,0.03334834799170494,False,False,False,False,False,clean
/Users/devanshbansal/Desktop/ser/dataset/Audio_Speech_Actors_01-24/Actor_14/03-01-03-02-02-01-14.wav,03-01-03-02-02-01-14.wav,happy,03,14,female,strong,2,Dogs are sitting by the door,1,speech,audio_only,48000,3.8371666666666666,0.496063232421875,0.047824982553720474,False,False,False,False,False,clean
/Users/devanshbansal/Desktop/ser/dataset/Audio_Speech_Actors_01-24/Actor_14/03-01-03-02-02-02-14.wav,03-01-03-02-02-02-14.wav,happy,03,14,female,strong,2,Dogs are sitting by the door,2,speech,audio_only,48000,3.7370625,0.374420166015625,0.0418337918817997,False,False,False,False,False,clean
/Users/devanshbansal/Desktop/ser/dataset/Audio_Speech_Actors_01-24/Actor_14/03-01-04-01-01-01-14.wav,03-01-04-01-01-01-14.wav,sad,04,14,female,normal,1,Kids are talking by the door,1,speech,audio_only,48000,3.7370625,0.031951904296875,0.002631954150274396,False,False,False,False,False,clean
/Users/devanshbansal/Desktop/ser/dataset/Audio_Speech_Actors_01-24/Actor_14/03-01-04-01-01-02-14.wav,03-01-04-01-01-02-14.wav,sad,04,14,female,normal,1,Kids are talking by the door,2,speech,audio_only,48000,3.6036041666666665,0.028961181640625,0.0037159728817641735,False,False,False,False,False,clean
/Users/devanshbansal/Desktop/ser/dataset/Audio_Speech_Actors_01-24/Actor_14/03-01-04-01-02-01-14.wav,03-01-04-01-02-01-14.wav,sad,04,14,female,normal,2,Dogs are sitting by the door,1,speech,audio_only,48000,3.6036041666666665,0.025482177734375,0.003058971371501684,False,False,False,False,False,clean
/Users/devanshbansal/Desktop/ser/dataset/Audio_Speech_Actors_01-24/Actor_14/03-01-04-01-02-02-14.wav,03-01-04-01-02-02-14.wav,sad,04,14,female,normal,2,Dogs are sitting by the door,2,speech,audio_only,48000,3.536875,0.04010009765625,0.004169984254986048,False,False,False,False,False,clean
/Users/devanshbansal/Desktop/ser/dataset/Audio_Speech_Actors_01-24/Actor_14/03-01-04-02-01-01-14.wav,03-01-04-02-01-01-14.wav,sad,04,14,female,strong,1,Kids are talking by the door,1,speech,audio_only,48000,3.8705208333333334,0.04937744140625,0.005599491763859987,False,False,False,False,False,clean
/Users/devanshbansal/Desktop/ser/dataset/Audio_Speech_Actors_01-24/Actor_14/03-01-04-02-01-02-14.wav,03-01-04-02-01-02-14.wav,sad,04,14,female,strong,1,Kids are talking by the door,2,speech,audio_only,48000,3.6703333333333332,0.027679443359375,0.0035177746322005987,False,False,False,False,False,clean
/Users/devanshbansal/Desktop/ser/dataset/Audio_Speech_Actors_01-24/Actor_14/03-01-04-02-02-01-14.wav,03-01-04-02-02-01-14.wav,sad,04,14,female,strong,2,Dogs are sitting by the door,1,speech,audio_only,48000,3.6703333333333332,0.0615234375,0.007664494216442108,False,False,False,False,False,clean
/Users/devanshbansal/Desktop/ser/dataset/Audio_Speech_Actors_01-24/Actor_14/03-01-04-02-02-02-14.wav,03-01-04-02-02-02-14.wav,sad,04,14,female,strong,2,Dogs are sitting by the door,2,speech,audio_only,48000,3.9039166666666665,0.0955810546875,0.01081185881048441,False,False,False,False,False,clean
/Users/devanshbansal/Desktop/ser/dataset/Audio_Speech_Actors_01-24/Actor_14/03-01-05-01-01-01-14.wav,03-01-05-01-01-01-14.wav,angry,05,14,female,normal,1,Kids are talking by the door,1,speech,audio_only,48000,3.6035833333333334,0.12835693359375,0.010642072185873985,False,False,False,False,False,clean
/Users/devanshbansal/Desktop/ser/dataset/Audio_Speech_Actors_01-24/Actor_14/03-01-05-01-01-02-14.wav,03-01-05-01-01-02-14.wav,angry,05,14,female,normal,1,Kids are talking by the door,2,speech,audio_only,48000,3.703708333333333,0.118988037109375,0.011813092045485973,False,False,False,False,False,clean
/Users/devanshbansal/Desktop/ser/dataset/Audio_Speech_Actors_01-24/Actor_14/03-01-05-01-02-01-14.wav,03-01-05-01-02-01-14.wav,angry,05,14,female,normal,2,Dogs are sitting by the door,1,speech,audio_only,48000,3.7370625,0.146881103515625,0.014671247452497482,False,False,False,False,False,clean
/Users/devanshbansal/Desktop/ser/dataset/Audio_Speech_Actors_01-24/Actor_14/03-01-05-01-02-02-14.wav,03-01-05-01-02-02-14.wav,angry,05,14,female,normal,2,Dogs are sitting by the door,2,speech,audio_only,48000,3.9039166666666665,0.17181396484375,0.01477072387933731,False,False,False,False,False,clean
/Users/devanshbansal/Desktop/ser/dataset/Audio_Speech_Actors_01-24/Actor_14/03-01-05-02-01-01-14.wav,03-01-05-02-01-01-14.wav,angry,05,14,female,strong,1,Kids are talking by the door,1,speech,audio_only,48000,4.2709375,0.998809814453125,0.0877302959561348,False,False,True,False,False,clipped
/Users/devanshbansal/Desktop/ser/dataset/Audio_Speech_Actors_01-24/Actor_14/03-01-05-02-01-02-14.wav,03-01-05-02-01-02-14.wav,angry,05,14,female,strong,1,Kids are talking by the door,2,speech,audio_only,48000,4.371020833333334,0.680450439453125,0.061089783906936646,False,False,False,False,False,clean
/Users/devanshbansal/Desktop/ser/dataset/Audio_Speech_Actors_01-24/Actor_14/03-01-05-02-02-01-14.wav,03-01-05-02-02-01-14.wav,angry,05,14,female,strong,2,Dogs are sitting by the door,1,speech,audio_only,48000,4.170833333333333,0.8115234375,0.08533748984336853,False,False,False,False,False,clean
/Users/devanshbansal/Desktop/ser/dataset/Audio_Speech_Actors_01-24/Actor_14/03-01-05-02-02-02-14.wav,03-01-05-02-02-02-14.wav,angry,05,14,female,strong,2,Dogs are sitting by the door,2,speech,audio_only,48000,4.404416666666667,0.77508544921875,0.060788486152887344,False,False,False,False,False,clean
/Users/devanshbansal/Desktop/ser/dataset/Audio_Speech_Actors_01-24/Actor_14/03-01-06-01-01-01-14.wav,03-01-06-01-01-01-14.wav,fearful,06,14,female,normal,1,Kids are talking by the door,1,speech,audio_only,48000,3.3700208333333332,0.0308837890625,0.00247206911444664,False,False,False,False,False,clean
/Users/devanshbansal/Desktop/ser/dataset/Audio_Speech_Actors_01-24/Actor_14/03-01-06-01-01-02-14.wav,03-01-06-01-01-02-14.wav,fearful,06,14,female,normal,1,Kids are talking by the door,2,speech,audio_only,48000,3.5702291666666666,0.03076171875,0.0030105600599199533,False,False,False,False,False,clean
/Users/devanshbansal/Desktop/ser/dataset/Audio_Speech_Actors_01-24/Actor_14/03-01-06-01-02-01-14.wav,03-01-06-01-02-01-14.wav,fearful,06,14,female,normal,2,Dogs are sitting by the door,1,speech,audio_only,48000,3.370041666666667,0.04150390625,0.0038961570244282484,False,False,False,False,False,clean
/Users/devanshbansal/Desktop/ser/dataset/Audio_Speech_Actors_01-24/Actor_14/03-01-06-01-02-02-14.wav,03-01-06-01-02-02-14.wav,fearful,06,14,female,normal,2,Dogs are sitting by the door,2,speech,audio_only,48000,3.3700208333333332,0.040283203125,0.005302485078573227,False,False,False,False,False,clean
/Users/devanshbansal/Desktop/ser/dataset/Audio_Speech_Actors_01-24/Actor_14/03-01-06-02-01-01-14.wav,03-01-06-02-01-01-14.wav,fearful,06,14,female,strong,1,Kids are talking by the door,1,speech,audio_only,48000,3.3700208333333332,0.596893310546875,0.05913546308875084,False,False,False,False,False,clean
/Users/devanshbansal/Desktop/ser/dataset/Audio_Speech_Actors_01-24/Actor_14/03-01-06-02-01-02-14.wav,03-01-06-02-01-02-14.wav,fearful,06,14,female,strong,1,Kids are talking by the door,2,speech,audio_only,48000,3.403395833333333,0.53485107421875,0.05707976967096329,False,False,False,False,False,clean
/Users/devanshbansal/Desktop/ser/dataset/Audio_Speech_Actors_01-24/Actor_14/03-01-06-02-02-01-14.wav,03-01-06-02-02-01-14.wav,fearful,06,14,female,strong,2,Dogs are sitting by the door,1,speech,audio_only,48000,3.5035,0.31182861328125,0.029563050717115402,False,False,False,False,False,clean
/Users/devanshbansal/Desktop/ser/dataset/Audio_Speech_Actors_01-24/Actor_14/03-01-06-02-02-02-14.wav,03-01-06-02-02-02-14.wav,fearful,06,14,female,strong,2,Dogs are sitting by the door,2,speech,audio_only,48000,3.470125,0.341156005859375,0.03461495041847229,False,False,False,False,False,clean
/Users/devanshbansal/Desktop/ser/dataset/Audio_Speech_Actors_01-24/Actor_14/03-01-07-01-01-01-14.wav,03-01-07-01-01-01-14.wav,disgust,07,14,female,normal,1,Kids are talking by the door,1,speech,audio_only,48000,3.7704166666666667,0.0660400390625,0.0071197375655174255,False,False,False,False,False,clean
/Users/devanshbansal/Desktop/ser/dataset/Audio_Speech_Actors_01-24/Actor_14/03-01-07-01-01-02-14.wav,03-01-07-01-01-02-14.wav,disgust,07,14,female,normal,1,Kids are talking by the door,2,speech,audio_only,48000,3.6369583333333333,0.04815673828125,0.0057905009016394615,False,False,False,False,False,clean
/Users/devanshbansal/Desktop/ser/dataset/Audio_Speech_Actors_01-24/Actor_14/03-01-07-01-02-01-14.wav,03-01-07-01-02-01-14.wav,disgust,07,14,female,normal,2,Dogs are sitting by the door,1,speech,audio_only,48000,3.7370625,0.0499267578125,0.005513526499271393,False,False,False,False,False,clean
/Users/devanshbansal/Desktop/ser/dataset/Audio_Speech_Actors_01-24/Actor_14/03-01-07-01-02-02-14.wav,03-01-07-01-02-02-14.wav,disgust,07,14,female,normal,2,Dogs are sitting by the door,2,speech,audio_only,48000,3.7704375,0.082489013671875,0.012016979977488518,False,False,False,False,False,clean
/Users/devanshbansal/Desktop/ser/dataset/Audio_Speech_Actors_01-24/Actor_14/03-01-07-02-01-01-14.wav,03-01-07-02-01-01-14.wav,disgust,07,14,female,strong,1,Kids are talking by the door,1,speech,audio_only,48000,3.93725,0.124969482421875,0.01478502620011568,False,False,False,False,False,clean
/Users/devanshbansal/Desktop/ser/dataset/Audio_Speech_Actors_01-24/Actor_14/03-01-07-02-01-02-14.wav,03-01-07-02-01-02-14.wav,disgust,07,14,female,strong,1,Kids are talking by the door,2,speech,audio_only,48000,3.7370625,0.0906982421875,0.0068266368471086025,False,False,False,False,False,clean
/Users/devanshbansal/Desktop/ser/dataset/Audio_Speech_Actors_01-24/Actor_14/03-01-07-02-02-01-14.wav,03-01-07-02-02-01-14.wav,disgust,07,14,female,strong,2,Dogs are sitting by the door,1,speech,audio_only,48000,3.6703333333333332,0.07867431640625,0.006877978332340717,False,False,False,False,False,clean
/Users/devanshbansal/Desktop/ser/dataset/Audio_Speech_Actors_01-24/Actor_14/03-01-07-02-02-02-14.wav,03-01-07-02-02-02-14.wav,disgust,07,14,female,strong,2,Dogs are sitting by the door,2,speech,audio_only,48000,3.8037916666666667,0.096038818359375,0.013336027972400188,False,False,False,False,False,clean
/Users/devanshbansal/Desktop/ser/dataset/Audio_Speech_Actors_01-24/Actor_14/03-01-08-01-01-01-14.wav,03-01-08-01-01-01-14.wav,surprised,08,14,female,normal,1,Kids are talking by the door,1,speech,audio_only,48000,3.636979166666667,0.027374267578125,0.0035609863698482513,False,False,False,False,False,clean
/Users/devanshbansal/Desktop/ser/dataset/Audio_Speech_Actors_01-24/Actor_14/03-01-08-01-01-02-14.wav,03-01-08-01-01-02-14.wav,surprised,08,14,female,normal,1,Kids are talking by the door,2,speech,audio_only,48000,3.57025,0.0306396484375,0.0040664710104465485,False,False,False,False,False,clean
/Users/devanshbansal/Desktop/ser/dataset/Audio_Speech_Actors_01-24/Actor_14/03-01-08-01-02-01-14.wav,03-01-08-01-02-01-14.wav,surprised,08,14,female,normal,2,Dogs are sitting by the door,1,speech,audio_only,48000,3.2032083333333334,0.04461669921875,0.00485703581944108,False,False,False,False,False,clean
/Users/devanshbansal/Desktop/ser/dataset/Audio_Speech_Actors_01-24/Actor_14/03-01-08-01-02-02-14.wav,03-01-08-01-02-02-14.wav,surprised,08,14,female,normal,2,Dogs are sitting by the door,2,speech,audio_only,48000,3.3032916666666665,0.04241943359375,0.0055486964993178844,False,False,False,False,False,clean
/Users/devanshbansal/Desktop/ser/dataset/Audio_Speech_Actors_01-24/Actor_14/03-01-08-02-01-01-14.wav,03-01-08-02-01-01-14.wav,surprised,08,14,female,strong,1,Kids are talking by the door,1,speech,audio_only,48000,3.970625,0.048675537109375,0.005558936391025782,False,False,False,False,False,clean
/Users/devanshbansal/Desktop/ser/dataset/Audio_Speech_Actors_01-24/Actor_14/03-01-08-02-01-02-14.wav,03-01-08-02-01-02-14.wav,surprised,08,14,female,strong,1,Kids are talking by the door,2,speech,audio_only,48000,3.703708333333333,0.121368408203125,0.011964850127696991,False,False,False,False,False,clean
/Users/devanshbansal/Desktop/ser/dataset/Audio_Speech_Actors_01-24/Actor_14/03-01-08-02-02-01-14.wav,03-01-08-02-02-01-14.wav,surprised,08,14,female,strong,2,Dogs are sitting by the door,1,speech,audio_only,48000,3.703708333333333,0.06085205078125,0.008339228108525276,False,False,False,False,False,clean
/Users/devanshbansal/Desktop/ser/dataset/Audio_Speech_Actors_01-24/Actor_14/03-01-08-02-02-02-14.wav,03-01-08-02-02-02-14.wav,surprised,08,14,female,strong,2,Dogs are sitting by the door,2,speech,audio_only,48000,3.7370625,0.08544921875,0.0077319336123764515,False,False,False,False,False,clean
/Users/devanshbansal/Desktop/ser/dataset/Audio_Speech_Actors_01-24/Actor_15/03-01-01-01-01-01-15.wav,03-01-01-01-01-01-15.wav,calm,01,15,male,normal,1,Kids are talking by the door,1,speech,audio_only,48000,3.370041666666667,0.10089111328125,0.007650717161595821,False,False,False,False,False,clean
/Users/devanshbansal/Desktop/ser/dataset/Audio_Speech_Actors_01-24/Actor_15/03-01-01-01-01-02-15.wav,03-01-01-01-01-02-15.wav,calm,01,15,male,normal,1,Kids are talking by the door,2,speech,audio_only,48000,3.4367708333333336,0.099395751953125,0.006422022357583046,False,False,False,False,False,clean
/Users/devanshbansal/Desktop/ser/dataset/Audio_Speech_Actors_01-24/Actor_15/03-01-01-01-02-01-15.wav,03-01-01-01-02-01-15.wav,calm,01,15,male,normal,2,Dogs are sitting by the door,1,speech,audio_only,48000,3.43675,0.074676513671875,0.0073858327232301235,False,False,False,False,False,clean
/Users/devanshbansal/Desktop/ser/dataset/Audio_Speech_Actors_01-24/Actor_15/03-01-01-01-02-02-15.wav,03-01-01-01-02-02-15.wav,calm,01,15,male,normal,2,Dogs are sitting by the door,2,speech,audio_only,48000,3.403395833333333,0.094818115234375,0.007598089054226875,False,False,False,False,False,clean
/Users/devanshbansal/Desktop/ser/dataset/Audio_Speech_Actors_01-24/Actor_15/03-01-02-01-01-01-15.wav,03-01-02-01-01-01-15.wav,calm,02,15,male,normal,1,Kids are talking by the door,1,speech,audio_only,48000,3.57025,0.068572998046875,0.004553436767309904,False,False,False,False,False,clean
/Users/devanshbansal/Desktop/ser/dataset/Audio_Speech_Actors_01-24/Actor_15/03-01-02-01-01-02-15.wav,03-01-02-01-01-02-15.wav,calm,02,15,male,normal,1,Kids are talking by the door,2,speech,audio_only,48000,3.5702291666666666,0.05859375,0.004972740076482296,False,False,False,False,False,clean
/Users/devanshbansal/Desktop/ser/dataset/Audio_Speech_Actors_01-24/Actor_15/03-01-02-01-02-01-15.wav,03-01-02-01-02-01-15.wav,calm,02,15,male,normal,2,Dogs are sitting by the door,1,speech,audio_only,48000,3.7370625,0.0626220703125,0.0050467224791646,False,False,False,False,False,clean
/Users/devanshbansal/Desktop/ser/dataset/Audio_Speech_Actors_01-24/Actor_15/03-01-02-01-02-02-15.wav,03-01-02-01-02-02-15.wav,calm,02,15,male,normal,2,Dogs are sitting by the door,2,speech,audio_only,48000,3.5702291666666666,0.0587158203125,0.00539366202428937,False,False,False,False,False,clean
/Users/devanshbansal/Desktop/ser/dataset/Audio_Speech_Actors_01-24/Actor_15/03-01-02-02-01-01-15.wav,03-01-02-02-01-01-15.wav,calm,02,15,male,strong,1,Kids are talking by the door,1,speech,audio_only,48000,3.6703333333333332,0.071502685546875,0.005288930609822273,False,False,False,False,False,clean
/Users/devanshbansal/Desktop/ser/dataset/Audio_Speech_Actors_01-24/Actor_15/03-01-02-02-01-02-15.wav,03-01-02-02-01-02-15.wav,calm,02,15,male,strong,1,Kids are talking by the door,2,speech,audio_only,48000,3.8038125,0.075042724609375,0.0054358504712581635,False,False,False,False,False,clean
/Users/devanshbansal/Desktop/ser/dataset/Audio_Speech_Actors_01-24/Actor_15/03-01-02-02-02-01-15.wav,03-01-02-02-02-01-15.wav,calm,02,15,male,strong,2,Dogs are sitting by the door,1,speech,audio_only,48000,3.9372708333333333,0.068756103515625,0.0063078743405640125,False,False,False,False,False,clean
/Users/devanshbansal/Desktop/ser/dataset/Audio_Speech_Actors_01-24/Actor_15/03-01-02-02-02-02-15.wav,03-01-02-02-02-02-15.wav,calm,02,15,male,strong,2,Dogs are sitting by the door,2,speech,audio_only,48000,3.6035833333333334,0.042724609375,0.0046181026846170425,False,False,False,False,False,clean
/Users/devanshbansal/Desktop/ser/dataset/Audio_Speech_Actors_01-24/Actor_15/03-01-03-01-01-01-15.wav,03-01-03-01-01-01-15.wav,happy,03,15,male,normal,1,Kids are talking by the door,1,speech,audio_only,48000,3.403395833333333,0.135223388671875,0.009322204627096653,False,False,False,False,False,clean
/Users/devanshbansal/Desktop/ser/dataset/Audio_Speech_Actors_01-24/Actor_15/03-01-03-01-01-02-15.wav,03-01-03-01-01-02-15.wav,happy,03,15,male,normal,1,Kids are talking by the door,2,speech,audio_only,48000,3.3366666666666664,0.147613525390625,0.011025517247617245,False,False,False,False,False,clean
/Users/devanshbansal/Desktop/ser/dataset/Audio_Speech_Actors_01-24/Actor_15/03-01-03-01-02-01-15.wav,03-01-03-01-02-01-15.wav,happy,03,15,male,normal,2,Dogs are sitting by the door,1,speech,audio_only,48000,3.3366666666666664,0.114410400390625,0.008544103242456913,False,False,False,False,False,clean
/Users/devanshbansal/Desktop/ser/dataset/Audio_Speech_Actors_01-24/Actor_15/03-01-03-01-02-02-15.wav,03-01-03-01-02-02-15.wav,happy,03,15,male,normal,2,Dogs are sitting by the door,2,speech,audio_only,48000,3.4367708333333336,0.121124267578125,0.01070909108966589,False,False,False,False,False,clean
/Users/devanshbansal/Desktop/ser/dataset/Audio_Speech_Actors_01-24/Actor_15/03-01-03-02-01-01-15.wav,03-01-03-02-01-01-15.wav,happy,03,15,male,strong,1,Kids are talking by the door,1,speech,audio_only,48000,3.5702291666666666,0.215362548828125,0.022278599441051483,False,False,False,False,False,clean
/Users/devanshbansal/Desktop/ser/dataset/Audio_Speech_Actors_01-24/Actor_15/03-01-03-02-01-02-15.wav,03-01-03-02-01-02-15.wav,happy,03,15,male,strong,1,Kids are talking by the door,2,speech,audio_only,48000,3.470125,0.251007080078125,0.01784541644155979,False,False,False,False,False,clean
/Users/devanshbansal/Desktop/ser/dataset/Audio_Speech_Actors_01-24/Actor_15/03-01-03-02-02-01-15.wav,03-01-03-02-02-01-15.wav,happy,03,15,male,strong,2,Dogs are sitting by the door,1,speech,audio_only,48000,3.8037916666666667,0.220703125,0.02130628190934658,False,False,False,False,False,clean
/Users/devanshbansal/Desktop/ser/dataset/Audio_Speech_Actors_01-24/Actor_15/03-01-03-02-02-02-15.wav,03-01-03-02-02-02-15.wav,happy,03,15,male,strong,2,Dogs are sitting by the door,2,speech,audio_only,48000,3.370041666666667,0.22625732421875,0.016531474888324738,False,False,False,False,False,clean
/Users/devanshbansal/Desktop/ser/dataset/Audio_Speech_Actors_01-24/Actor_15/03-01-04-01-01-01-15.wav,03-01-04-01-01-01-15.wav,sad,04,15,male,normal,1,Kids are talking by the door,1,speech,audio_only,48000,3.5035,0.10919189453125,0.008748804219067097,False,False,False,False,False,clean
/Users/devanshbansal/Desktop/ser/dataset/Audio_Speech_Actors_01-24/Actor_15/03-01-04-01-01-02-15.wav,03-01-04-01-01-02-15.wav,sad,04,15,male,normal,1,Kids are talking by the door,2,speech,audio_only,48000,3.3032916666666665,0.06646728515625,0.006004414986819029,False,False,False,False,False,clean
/Users/devanshbansal/Desktop/ser/dataset/Audio_Speech_Actors_01-24/Actor_15/03-01-04-01-02-01-15.wav,03-01-04-01-02-01-15.wav,sad,04,15,male,normal,2,Dogs are sitting by the door,1,speech,audio_only,48000,3.3033125,0.094757080078125,0.008007953874766827,False,False,False,False,False,clean
/Users/devanshbansal/Desktop/ser/dataset/Audio_Speech_Actors_01-24/Actor_15/03-01-04-01-02-02-15.wav,03-01-04-01-02-02-15.wav,sad,04,15,male,normal,2,Dogs are sitting by the door,2,speech,audio_only,48000,3.3700208333333332,0.0787353515625,0.0066236876882612705,False,False,False,False,False,clean
/Users/devanshbansal/Desktop/ser/dataset/Audio_Speech_Actors_01-24/Actor_15/03-01-04-02-01-01-15.wav,03-01-04-02-01-01-15.wav,sad,04,15,male,strong,1,Kids are talking by the door,1,speech,audio_only,48000,3.2699166666666666,0.118408203125,0.0158288162201643,False,False,False,False,False,clean
/Users/devanshbansal/Desktop/ser/dataset/Audio_Speech_Actors_01-24/Actor_15/03-01-04-02-01-02-15.wav,03-01-04-02-01-02-15.wav,sad,04,15,male,strong,1,Kids are talking by the door,2,speech,audio_only,48000,3.403395833333333,0.12603759765625,0.014594507403671741,False,False,False,False,False,clean
/Users/devanshbansal/Desktop/ser/dataset/Audio_Speech_Actors_01-24/Actor_15/03-01-04-02-02-01-15.wav,03-01-04-02-02-01-15.wav,sad,04,15,male,strong,2,Dogs are sitting by the door,1,speech,audio_only,48000,3.536875,0.163482666015625,0.010457749478518963,False,False,False,False,False,clean
/Users/devanshbansal/Desktop/ser/dataset/Audio_Speech_Actors_01-24/Actor_15/03-01-04-02-02-02-15.wav,03-01-04-02-02-02-15.wav,sad,04,15,male,strong,2,Dogs are sitting by the door,2,speech,audio_only,48000,3.4367708333333336,0.1011962890625,0.009666322730481625,False,False,False,False,False,clean
/Users/devanshbansal/Desktop/ser/dataset/Audio_Speech_Actors_01-24/Actor_15/03-01-05-01-01-01-15.wav,03-01-05-01-01-01-15.wav,angry,05,15,male,normal,1,Kids are talking by the door,1,speech,audio_only,48000,3.636979166666667,0.2513427734375,0.016896670684218407,False,False,False,False,False,clean
/Users/devanshbansal/Desktop/ser/dataset/Audio_Speech_Actors_01-24/Actor_15/03-01-05-01-01-02-15.wav,03-01-05-01-01-02-15.wav,angry,05,15,male,normal,1,Kids are talking by the door,2,speech,audio_only,48000,3.6036041666666665,0.28466796875,0.024502605199813843,False,False,False,False,False,clean
/Users/devanshbansal/Desktop/ser/dataset/Audio_Speech_Actors_01-24/Actor_15/03-01-05-01-02-01-15.wav,03-01-05-01-02-01-15.wav,angry,05,15,male,normal,2,Dogs are sitting by the door,1,speech,audio_only,48000,3.703708333333333,0.21197509765625,0.01747943088412285,False,False,False,False,False,clean
/Users/devanshbansal/Desktop/ser/dataset/Audio_Speech_Actors_01-24/Actor_15/03-01-05-01-02-02-15.wav,03-01-05-01-02-02-15.wav,angry,05,15,male,normal,2,Dogs are sitting by the door,2,speech,audio_only,48000,3.536875,0.401580810546875,0.02985822968184948,False,False,False,False,False,clean
/Users/devanshbansal/Desktop/ser/dataset/Audio_Speech_Actors_01-24/Actor_15/03-01-05-02-01-01-15.wav,03-01-05-02-01-01-15.wav,angry,05,15,male,strong,1,Kids are talking by the door,1,speech,audio_only,48000,3.536875,0.41448974609375,0.03710973262786865,False,False,False,False,False,clean
/Users/devanshbansal/Desktop/ser/dataset/Audio_Speech_Actors_01-24/Actor_15/03-01-05-02-01-02-15.wav,03-01-05-02-01-02-15.wav,angry,05,15,male,strong,1,Kids are talking by the door,2,speech,audio_only,48000,3.7370833333333335,0.549072265625,0.044441379606723785,False,False,False,False,False,clean
/Users/devanshbansal/Desktop/ser/dataset/Audio_Speech_Actors_01-24/Actor_15/03-01-05-02-02-01-15.wav,03-01-05-02-02-01-15.wav,angry,05,15,male,strong,2,Dogs are sitting by the door,1,speech,audio_only,48000,3.4701458333333335,0.34149169921875,0.02808513306081295,False,False,False,False,False,clean
/Users/devanshbansal/Desktop/ser/dataset/Audio_Speech_Actors_01-24/Actor_15/03-01-05-02-02-02-15.wav,03-01-05-02-02-02-15.wav,angry,05,15,male,strong,2,Dogs are sitting by the door,2,speech,audio_only,48000,3.6036041666666665,0.998809814453125,0.054287414997816086,False,False,True,False,False,clipped
/Users/devanshbansal/Desktop/ser/dataset/Audio_Speech_Actors_01-24/Actor_15/03-01-06-01-01-01-15.wav,03-01-06-01-01-01-15.wav,fearful,06,15,male,normal,1,Kids are talking by the door,1,speech,audio_only,48000,3.3032916666666665,0.068267822265625,0.009254662320017815,False,False,False,False,False,clean
/Users/devanshbansal/Desktop/ser/dataset/Audio_Speech_Actors_01-24/Actor_15/03-01-06-01-01-02-15.wav,03-01-06-01-01-02-15.wav,fearful,06,15,male,normal,1,Kids are talking by the door,2,speech,audio_only,48000,3.3033125,0.12799072265625,0.01106056198477745,False,False,False,False,False,clean
/Users/devanshbansal/Desktop/ser/dataset/Audio_Speech_Actors_01-24/Actor_15/03-01-06-01-02-01-15.wav,03-01-06-01-02-01-15.wav,fearful,06,15,male,normal,2,Dogs are sitting by the door,1,speech,audio_only,48000,3.2699375,0.101287841796875,0.010360592044889927,False,False,False,False,False,clean
/Users/devanshbansal/Desktop/ser/dataset/Audio_Speech_Actors_01-24/Actor_15/03-01-06-01-02-02-15.wav,03-01-06-01-02-02-15.wav,fearful,06,15,male,normal,2,Dogs are sitting by the door,2,speech,audio_only,48000,3.3032916666666665,0.12127685546875,0.009873351082205772,False,False,False,False,False,clean
/Users/devanshbansal/Desktop/ser/dataset/Audio_Speech_Actors_01-24/Actor_15/03-01-06-02-01-01-15.wav,03-01-06-02-01-01-15.wav,fearful,06,15,male,strong,1,Kids are talking by the door,1,speech,audio_only,48000,3.3366666666666664,0.291412353515625,0.026645969599485397,False,False,False,False,False,clean
/Users/devanshbansal/Desktop/ser/dataset/Audio_Speech_Actors_01-24/Actor_15/03-01-06-02-01-02-15.wav,03-01-06-02-01-02-15.wav,fearful,06,15,male,strong,1,Kids are talking by the door,2,speech,audio_only,48000,3.4701458333333335,0.327392578125,0.0369645431637764,False,False,False,False,False,clean
/Users/devanshbansal/Desktop/ser/dataset/Audio_Speech_Actors_01-24/Actor_15/03-01-06-02-02-01-15.wav,03-01-06-02-02-01-15.wav,fearful,06,15,male,strong,2,Dogs are sitting by the door,1,speech,audio_only,48000,3.3700208333333332,0.247406005859375,0.019222116097807884,False,False,False,False,False,clean
/Users/devanshbansal/Desktop/ser/dataset/Audio_Speech_Actors_01-24/Actor_15/03-01-06-02-02-02-15.wav,03-01-06-02-02-02-15.wav,fearful,06,15,male,strong,2,Dogs are sitting by the door,2,speech,audio_only,48000,3.5035,0.316741943359375,0.032138437032699585,False,False,False,False,False,clean
/Users/devanshbansal/Desktop/ser/dataset/Audio_Speech_Actors_01-24/Actor_15/03-01-07-01-01-01-15.wav,03-01-07-01-01-01-15.wav,disgust,07,15,male,normal,1,Kids are talking by the door,1,speech,audio_only,48000,3.7370625,0.08197021484375,0.008186794817447662,False,False,False,False,False,clean
/Users/devanshbansal/Desktop/ser/dataset/Audio_Speech_Actors_01-24/Actor_15/03-01-07-01-01-02-15.wav,03-01-07-01-01-02-15.wav,disgust,07,15,male,normal,1,Kids are talking by the door,2,speech,audio_only,48000,3.6369583333333333,0.100982666015625,0.00666077621281147,False,False,False,False,False,clean
/Users/devanshbansal/Desktop/ser/dataset/Audio_Speech_Actors_01-24/Actor_15/03-01-07-01-02-01-15.wav,03-01-07-01-02-01-15.wav,disgust,07,15,male,normal,2,Dogs are sitting by the door,1,speech,audio_only,48000,3.6703333333333332,0.082794189453125,0.008106688968837261,False,False,False,False,False,clean
/Users/devanshbansal/Desktop/ser/dataset/Audio_Speech_Actors_01-24/Actor_15/03-01-07-01-02-02-15.wav,03-01-07-01-02-02-15.wav,disgust,07,15,male,normal,2,Dogs are sitting by the door,2,speech,audio_only,48000,4.070729166666666,0.137908935546875,0.012489985674619675,False,False,False,False,False,clean
/Users/devanshbansal/Desktop/ser/dataset/Audio_Speech_Actors_01-24/Actor_15/03-01-07-02-01-01-15.wav,03-01-07-02-01-01-15.wav,disgust,07,15,male,strong,1,Kids are talking by the door,1,speech,audio_only,48000,3.7036875,0.150726318359375,0.014437283389270306,False,False,False,False,False,clean
/Users/devanshbansal/Desktop/ser/dataset/Audio_Speech_Actors_01-24/Actor_15/03-01-07-02-01-02-15.wav,03-01-07-02-01-02-15.wav,disgust,07,15,male,strong,1,Kids are talking by the door,2,speech,audio_only,48000,3.370041666666667,0.10296630859375,0.009608985856175423,False,False,False,False,False,clean
/Users/devanshbansal/Desktop/ser/dataset/Audio_Speech_Actors_01-24/Actor_15/03-01-07-02-02-01-15.wav,03-01-07-02-02-01-15.wav,disgust,07,15,male,strong,2,Dogs are sitting by the door,1,speech,audio_only,48000,3.3033125,0.144989013671875,0.014652825891971588,False,False,False,False,False,clean
/Users/devanshbansal/Desktop/ser/dataset/Audio_Speech_Actors_01-24/Actor_15/03-01-07-02-02-02-15.wav,03-01-07-02-02-02-15.wav,disgust,07,15,male,strong,2,Dogs are sitting by the door,2,speech,audio_only,48000,3.4701458333333335,0.1988525390625,0.013647004030644894,False,False,False,False,False,clean
/Users/devanshbansal/Desktop/ser/dataset/Audio_Speech_Actors_01-24/Actor_15/03-01-08-01-01-01-15.wav,03-01-08-01-01-01-15.wav,surprised,08,15,male,normal,1,Kids are talking by the door,1,speech,audio_only,48000,3.636979166666667,0.13275146484375,0.01013892237097025,False,False,False,False,False,clean
/Users/devanshbansal/Desktop/ser/dataset/Audio_Speech_Actors_01-24/Actor_15/03-01-08-01-01-02-15.wav,03-01-08-01-01-02-15.wav,surprised,08,15,male,normal,1,Kids are talking by the door,2,speech,audio_only,48000,3.4367708333333336,0.17327880859375,0.011631054803729057,False,False,False,False,False,clean
/Users/devanshbansal/Desktop/ser/dataset/Audio_Speech_Actors_01-24/Actor_15/03-01-08-01-02-01-15.wav,03-01-08-01-02-01-15.wav,surprised,08,15,male,normal,2,Dogs are sitting by the door,1,speech,audio_only,48000,3.703708333333333,0.097686767578125,0.009018993005156517,False,False,False,False,False,clean
/Users/devanshbansal/Desktop/ser/dataset/Audio_Speech_Actors_01-24/Actor_15/03-01-08-01-02-02-15.wav,03-01-08-01-02-02-15.wav,surprised,08,15,male,normal,2,Dogs are sitting by the door,2,speech,audio_only,48000,3.370041666666667,0.1038818359375,0.009776793420314789,False,False,False,False,False,clean
/Users/devanshbansal/Desktop/ser/dataset/Audio_Speech_Actors_01-24/Actor_15/03-01-08-02-01-01-15.wav,03-01-08-02-01-01-15.wav,surprised,08,15,male,strong,1,Kids are talking by the door,1,speech,audio_only,48000,3.3700208333333332,0.322174072265625,0.02475118637084961,False,False,False,False,False,clean
/Users/devanshbansal/Desktop/ser/dataset/Audio_Speech_Actors_01-24/Actor_15/03-01-08-02-01-02-15.wav,03-01-08-02-01-02-15.wav,surprised,08,15,male,strong,1,Kids are talking by the door,2,speech,audio_only,48000,3.3032916666666665,0.189605712890625,0.014544219709932804,False,False,False,False,False,clean
/Users/devanshbansal/Desktop/ser/dataset/Audio_Speech_Actors_01-24/Actor_15/03-01-08-02-02-01-15.wav,03-01-08-02-02-01-15.wav,surprised,08,15,male,strong,2,Dogs are sitting by the door,1,speech,audio_only,48000,3.2032083333333334,0.130706787109375,0.01035955362021923,False,False,False,False,False,clean
/Users/devanshbansal/Desktop/ser/dataset/Audio_Speech_Actors_01-24/Actor_15/03-01-08-02-02-02-15.wav,03-01-08-02-02-02-15.wav,surprised,08,15,male,strong,2,Dogs are sitting by the door,2,speech,audio_only,48000,3.3366666666666664,0.163177490234375,0.014030502177774906,False,False,False,False,False,clean
/Users/devanshbansal/Desktop/ser/dataset/Audio_Speech_Actors_01-24/Actor_16/03-01-01-01-01-01-16.wav,03-01-01-01-01-01-16.wav,calm,01,16,female,normal,1,Kids are talking by the door,1,speech,audio_only,48000,3.7370625,0.04498291015625,0.004810894373804331,False,False,False,False,False,clean
/Users/devanshbansal/Desktop/ser/dataset/Audio_Speech_Actors_01-24/Actor_16/03-01-01-01-01-02-16.wav,03-01-01-01-01-02-16.wav,calm,01,16,female,normal,1,Kids are talking by the door,2,speech,audio_only,48000,3.7370833333333335,0.05401611328125,0.005181801505386829,False,False,False,False,False,clean
/Users/devanshbansal/Desktop/ser/dataset/Audio_Speech_Actors_01-24/Actor_16/03-01-01-01-02-01-16.wav,03-01-01-01-02-01-16.wav,calm,01,16,female,normal,2,Dogs are sitting by the door,1,speech,audio_only,48000,3.6036041666666665,0.062896728515625,0.007714126259088516,False,False,False,False,False,clean
/Users/devanshbansal/Desktop/ser/dataset/Audio_Speech_Actors_01-24/Actor_16/03-01-01-01-02-02-16.wav,03-01-01-01-02-02-16.wav,calm,01,16,female,normal,2,Dogs are sitting by the door,2,speech,audio_only,48000,3.5702291666666666,0.06884765625,0.0073730237782001495,False,False,False,False,False,clean
/Users/devanshbansal/Desktop/ser/dataset/Audio_Speech_Actors_01-24/Actor_16/03-01-02-01-01-01-16.wav,03-01-02-01-01-01-16.wav,calm,02,16,female,normal,1,Kids are talking by the door,1,speech,audio_only,48000,3.7036875,0.031280517578125,0.0037458031438291073,False,False,False,False,False,clean
/Users/devanshbansal/Desktop/ser/dataset/Audio_Speech_Actors_01-24/Actor_16/03-01-02-01-01-02-16.wav,03-01-02-01-01-02-16.wav,calm,02,16,female,normal,1,Kids are talking by the door,2,speech,audio_only,48000,3.8705208333333334,0.0469970703125,0.005353687796741724,False,False,False,False,False,clean
/Users/devanshbansal/Desktop/ser/dataset/Audio_Speech_Actors_01-24/Actor_16/03-01-02-01-02-01-16.wav,03-01-02-01-02-01-16.wav,calm,02,16,female,normal,2,Dogs are sitting by the door,1,speech,audio_only,48000,3.8037916666666667,0.0511474609375,0.005320379510521889,False,False,False,False,False,clean
/Users/devanshbansal/Desktop/ser/dataset/Audio_Speech_Actors_01-24/Actor_16/03-01-02-01-02-02-16.wav,03-01-02-01-02-02-16.wav,calm,02,16,female,normal,2,Dogs are sitting by the door,2,speech,audio_only,48000,3.6703333333333332,0.081268310546875,0.006643380969762802,False,False,False,False,False,clean
/Users/devanshbansal/Desktop/ser/dataset/Audio_Speech_Actors_01-24/Actor_16/03-01-02-02-01-01-16.wav,03-01-02-02-01-01-16.wav,calm,02,16,female,strong,1,Kids are talking by the door,1,speech,audio_only,48000,3.8705208333333334,0.068634033203125,0.005318031180649996,False,False,False,False,False,clean
/Users/devanshbansal/Desktop/ser/dataset/Audio_Speech_Actors_01-24/Actor_16/03-01-02-02-01-02-16.wav,03-01-02-02-01-02-16.wav,calm,02,16,female,strong,1,Kids are talking by the door,2,speech,audio_only,48000,3.9372708333333333,0.075775146484375,0.008430329151451588,False,False,False,False,False,clean
/Users/devanshbansal/Desktop/ser/dataset/Audio_Speech_Actors_01-24/Actor_16/03-01-02-02-02-01-16.wav,03-01-02-02-02-01-16.wav,calm,02,16,female,strong,2,Dogs are sitting by the door,1,speech,audio_only,48000,3.8038125,0.042510986328125,0.004880256950855255,False,False,False,False,False,clean
/Users/devanshbansal/Desktop/ser/dataset/Audio_Speech_Actors_01-24/Actor_16/03-01-02-02-02-02-16.wav,03-01-02-02-02-02-16.wav,calm,02,16,female,strong,2,Dogs are sitting by the door,2,speech,audio_only,48000,3.8037916666666667,0.042083740234375,0.00500171072781086,False,False,False,False,False,clean
/Users/devanshbansal/Desktop/ser/dataset/Audio_Speech_Actors_01-24/Actor_16/03-01-03-01-01-01-16.wav,03-01-03-01-01-01-16.wav,happy,03,16,female,normal,1,Kids are talking by the door,1,speech,audio_only,48000,3.703708333333333,0.13238525390625,0.011802269145846367,False,False,False,False,False,clean
/Users/devanshbansal/Desktop/ser/dataset/Audio_Speech_Actors_01-24/Actor_16/03-01-03-01-01-02-16.wav,03-01-03-01-01-02-16.wav,happy,03,16,female,normal,1,Kids are talking by the door,2,speech,audio_only,48000,3.6703333333333332,0.12384033203125,0.013755391351878643,False,False,False,False,False,clean
/Users/devanshbansal/Desktop/ser/dataset/Audio_Speech_Actors_01-24/Actor_16/03-01-03-01-02-01-16.wav,03-01-03-01-02-01-16.wav,happy,03,16,female,normal,2,Dogs are sitting by the door,1,speech,audio_only,48000,3.7370625,0.12261962890625,0.011800767853856087,False,False,False,False,False,clean
/Users/devanshbansal/Desktop/ser/dataset/Audio_Speech_Actors_01-24/Actor_16/03-01-03-01-02-02-16.wav,03-01-03-01-02-02-16.wav,happy,03,16,female,normal,2,Dogs are sitting by the door,2,speech,audio_only,48000,3.6703333333333332,0.144012451171875,0.012504715472459793,False,False,False,False,False,clean
/Users/devanshbansal/Desktop/ser/dataset/Audio_Speech_Actors_01-24/Actor_16/03-01-03-02-01-01-16.wav,03-01-03-02-01-01-16.wav,happy,03,16,female,strong,1,Kids are talking by the door,1,speech,audio_only,48000,3.7704375,0.167022705078125,0.0195061806589365,False,False,False,False,False,clean
/Users/devanshbansal/Desktop/ser/dataset/Audio_Speech_Actors_01-24/Actor_16/03-01-03-02-01-02-16.wav,03-01-03-02-01-02-16.wav,happy,03,16,female,strong,1,Kids are talking by the door,2,speech,audio_only,48000,3.5702291666666666,0.407562255859375,0.0361626036465168,False,False,False,False,False,clean
/Users/devanshbansal/Desktop/ser/dataset/Audio_Speech_Actors_01-24/Actor_16/03-01-03-02-02-01-16.wav,03-01-03-02-02-01-16.wav,happy,03,16,female,strong,2,Dogs are sitting by the door,1,speech,audio_only,48000,3.7704166666666667,0.200469970703125,0.02265656553208828,False,False,False,False,False,clean
/Users/devanshbansal/Desktop/ser/dataset/Audio_Speech_Actors_01-24/Actor_16/03-01-03-02-02-02-16.wav,03-01-03-02-02-02-16.wav,happy,03,16,female,strong,2,Dogs are sitting by the door,2,speech,audio_only,48000,3.8038125,0.206268310546875,0.0192544125020504,False,False,False,False,False,clean
/Users/devanshbansal/Desktop/ser/dataset/Audio_Speech_Actors_01-24/Actor_16/03-01-04-01-01-01-16.wav,03-01-04-01-01-01-16.wav,sad,04,16,female,normal,1,Kids are talking by the door,1,speech,audio_only,48000,3.5702291666666666,0.05859375,0.0055503095500171185,False,False,False,False,False,clean
/Users/devanshbansal/Desktop/ser/dataset/Audio_Speech_Actors_01-24/Actor_16/03-01-04-01-01-02-16.wav,03-01-04-01-01-02-16.wav,sad,04,16,female,normal,1,Kids are talking by the door,2,speech,audio_only,48000,3.6369583333333333,0.045379638671875,0.00485013984143734,False,False,False,False,False,clean
/Users/devanshbansal/Desktop/ser/dataset/Audio_Speech_Actors_01-24/Actor_16/03-01-04-01-02-01-16.wav,03-01-04-01-02-01-16.wav,sad,04,16,female,normal,2,Dogs are sitting by the door,1,speech,audio_only,48000,3.4034166666666668,0.051239013671875,0.005643179174512625,False,False,False,False,False,clean
/Users/devanshbansal/Desktop/ser/dataset/Audio_Speech_Actors_01-24/Actor_16/03-01-04-01-02-02-16.wav,03-01-04-01-02-02-16.wav,sad,04,16,female,normal,2,Dogs are sitting by the door,2,speech,audio_only,48000,3.5035,0.038360595703125,0.004925257060676813,False,False,False,False,False,clean
/Users/devanshbansal/Desktop/ser/dataset/Audio_Speech_Actors_01-24/Actor_16/03-01-04-02-01-01-16.wav,03-01-04-02-01-01-16.wav,sad,04,16,female,strong,1,Kids are talking by the door,1,speech,audio_only,48000,3.7370625,0.075927734375,0.007079005241394043,False,False,False,False,False,clean
/Users/devanshbansal/Desktop/ser/dataset/Audio_Speech_Actors_01-24/Actor_16/03-01-04-02-01-02-16.wav,03-01-04-02-01-02-16.wav,sad,04,16,female,strong,1,Kids are talking by the door,2,speech,audio_only,48000,3.8038125,0.0550537109375,0.005839720834046602,False,False,False,False,False,clean
/Users/devanshbansal/Desktop/ser/dataset/Audio_Speech_Actors_01-24/Actor_16/03-01-04-02-02-01-16.wav,03-01-04-02-02-01-16.wav,sad,04,16,female,strong,2,Dogs are sitting by the door,1,speech,audio_only,48000,3.8705416666666665,0.105743408203125,0.008880345150828362,False,False,False,False,False,clean
/Users/devanshbansal/Desktop/ser/dataset/Audio_Speech_Actors_01-24/Actor_16/03-01-04-02-02-02-16.wav,03-01-04-02-02-02-16.wav,sad,04,16,female,strong,2,Dogs are sitting by the door,2,speech,audio_only,48000,3.7370625,0.07537841796875,0.009449479170143604,False,False,False,False,False,clean
/Users/devanshbansal/Desktop/ser/dataset/Audio_Speech_Actors_01-24/Actor_16/03-01-05-01-01-01-16.wav,03-01-05-01-01-01-16.wav,angry,05,16,female,normal,1,Kids are talking by the door,1,speech,audio_only,48000,3.970645833333333,0.2017822265625,0.020926402881741524,False,False,False,False,False,clean
/Users/devanshbansal/Desktop/ser/dataset/Audio_Speech_Actors_01-24/Actor_16/03-01-05-01-01-02-16.wav,03-01-05-01-01-02-16.wav,angry,05,16,female,normal,1,Kids are talking by the door,2,speech,audio_only,48000,4.004,0.31768798828125,0.027315735816955566,False,False,False,False,False,clean
/Users/devanshbansal/Desktop/ser/dataset/Audio_Speech_Actors_01-24/Actor_16/03-01-05-01-02-01-16.wav,03-01-05-01-02-01-16.wav,angry,05,16,female,normal,2,Dogs are sitting by the door,1,speech,audio_only,48000,3.9038958333333333,0.30572509765625,0.020417222753167152,False,False,False,False,False,clean
/Users/devanshbansal/Desktop/ser/dataset/Audio_Speech_Actors_01-24/Actor_16/03-01-05-01-02-02-16.wav,03-01-05-01-02-02-16.wav,angry,05,16,female,normal,2,Dogs are sitting by the door,2,speech,audio_only,48000,3.9038958333333333,0.342987060546875,0.030589498579502106,False,False,False,False,False,clean
/Users/devanshbansal/Desktop/ser/dataset/Audio_Speech_Actors_01-24/Actor_16/03-01-05-02-01-01-16.wav,03-01-05-02-01-01-16.wav,angry,05,16,female,strong,1,Kids are talking by the door,1,speech,audio_only,48000,3.970645833333333,0.51617431640625,0.045641444623470306,False,False,False,False,False,clean
/Users/devanshbansal/Desktop/ser/dataset/Audio_Speech_Actors_01-24/Actor_16/03-01-05-02-01-02-16.wav,03-01-05-02-01-02-16.wav,angry,05,16,female,strong,1,Kids are talking by the door,2,speech,audio_only,48000,3.7370625,0.998809814453125,0.07493684440851212,False,False,True,False,False,clipped
/Users/devanshbansal/Desktop/ser/dataset/Audio_Speech_Actors_01-24/Actor_16/03-01-05-02-02-01-16.wav,03-01-05-02-02-01-16.wav,angry,05,16,female,strong,2,Dogs are sitting by the door,1,speech,audio_only,48000,3.8037916666666667,0.851654052734375,0.06977296620607376,False,False,False,False,False,clean
/Users/devanshbansal/Desktop/ser/dataset/Audio_Speech_Actors_01-24/Actor_16/03-01-05-02-02-02-16.wav,03-01-05-02-02-02-16.wav,angry,05,16,female,strong,2,Dogs are sitting by the door,2,speech,audio_only,48000,4.07075,0.5614013671875,0.05199712514877319,False,False,False,False,False,clean
/Users/devanshbansal/Desktop/ser/dataset/Audio_Speech_Actors_01-24/Actor_16/03-01-06-01-01-01-16.wav,03-01-06-01-01-01-16.wav,fearful,06,16,female,normal,1,Kids are talking by the door,1,speech,audio_only,48000,3.7036875,0.163238525390625,0.014614983461797237,False,False,False,False,False,clean
/Users/devanshbansal/Desktop/ser/dataset/Audio_Speech_Actors_01-24/Actor_16/03-01-06-01-01-02-16.wav,03-01-06-01-01-02-16.wav,fearful,06,16,female,normal,1,Kids are talking by the door,2,speech,audio_only,48000,3.5035,0.117645263671875,0.010408087633550167,False,False,False,False,False,clean
/Users/devanshbansal/Desktop/ser/dataset/Audio_Speech_Actors_01-24/Actor_16/03-01-06-01-02-01-16.wav,03-01-06-01-02-01-16.wav,fearful,06,16,female,normal,2,Dogs are sitting by the door,1,speech,audio_only,48000,3.6369583333333333,0.147491455078125,0.011405936442315578,False,False,False,False,False,clean
/Users/devanshbansal/Desktop/ser/dataset/Audio_Speech_Actors_01-24/Actor_16/03-01-06-01-02-02-16.wav,03-01-06-01-02-02-16.wav,fearful,06,16,female,normal,2,Dogs are sitting by the door,2,speech,audio_only,48000,3.5702291666666666,0.122467041015625,0.015295548364520073,False,False,False,False,False,clean
/Users/devanshbansal/Desktop/ser/dataset/Audio_Speech_Actors_01-24/Actor_16/03-01-06-02-01-01-16.wav,03-01-06-02-01-01-16.wav,fearful,06,16,female,strong,1,Kids are talking by the door,1,speech,audio_only,48000,3.7370625,0.599456787109375,0.05279034003615379,False,False,False,False,False,clean
/Users/devanshbansal/Desktop/ser/dataset/Audio_Speech_Actors_01-24/Actor_16/03-01-06-02-01-02-16.wav,03-01-06-02-01-02-16.wav,fearful,06,16,female,strong,1,Kids are talking by the door,2,speech,audio_only,48000,3.7370625,0.6441650390625,0.0761583149433136,False,False,False,False,False,clean
/Users/devanshbansal/Desktop/ser/dataset/Audio_Speech_Actors_01-24/Actor_16/03-01-06-02-02-01-16.wav,03-01-06-02-02-01-16.wav,fearful,06,16,female,strong,2,Dogs are sitting by the door,1,speech,audio_only,48000,3.5368541666666666,0.531524658203125,0.06309333443641663,False,False,False,False,False,clean
/Users/devanshbansal/Desktop/ser/dataset/Audio_Speech_Actors_01-24/Actor_16/03-01-06-02-02-02-16.wav,03-01-06-02-02-02-16.wav,fearful,06,16,female,strong,2,Dogs are sitting by the door,2,speech,audio_only,48000,3.5035,0.74310302734375,0.06995749473571777,False,False,False,False,False,clean
/Users/devanshbansal/Desktop/ser/dataset/Audio_Speech_Actors_01-24/Actor_16/03-01-07-01-01-01-16.wav,03-01-07-01-01-01-16.wav,disgust,07,16,female,normal,1,Kids are talking by the door,1,speech,audio_only,48000,3.7704375,0.087249755859375,0.00720716267824173,False,False,False,False,False,clean
/Users/devanshbansal/Desktop/ser/dataset/Audio_Speech_Actors_01-24/Actor_16/03-01-07-01-01-02-16.wav,03-01-07-01-01-02-16.wav,disgust,07,16,female,normal,1,Kids are talking by the door,2,speech,audio_only,48000,3.7370625,0.09375,0.00832268688827753,False,False,False,False,False,clean
/Users/devanshbansal/Desktop/ser/dataset/Audio_Speech_Actors_01-24/Actor_16/03-01-07-01-02-01-16.wav,03-01-07-01-02-01-16.wav,disgust,07,16,female,normal,2,Dogs are sitting by the door,1,speech,audio_only,48000,3.470125,0.080780029296875,0.008488640189170837,False,False,False,False,False,clean
/Users/devanshbansal/Desktop/ser/dataset/Audio_Speech_Actors_01-24/Actor_16/03-01-07-01-02-02-16.wav,03-01-07-01-02-02-16.wav,disgust,07,16,female,normal,2,Dogs are sitting by the door,2,speech,audio_only,48000,3.5702291666666666,0.108184814453125,0.011820783838629723,False,False,False,False,False,clean
/Users/devanshbansal/Desktop/ser/dataset/Audio_Speech_Actors_01-24/Actor_16/03-01-07-02-01-01-16.wav,03-01-07-02-01-01-16.wav,disgust,07,16,female,strong,1,Kids are talking by the door,1,speech,audio_only,48000,4.2709166666666665,0.07171630859375,0.007716067135334015,False,False,False,False,False,clean
/Users/devanshbansal/Desktop/ser/dataset/Audio_Speech_Actors_01-24/Actor_16/03-01-07-02-01-02-16.wav,03-01-07-02-01-02-16.wav,disgust,07,16,female,strong,1,Kids are talking by the door,2,speech,audio_only,48000,4.237583333333333,0.136260986328125,0.010073821060359478,False,False,False,False,False,clean
/Users/devanshbansal/Desktop/ser/dataset/Audio_Speech_Actors_01-24/Actor_16/03-01-07-02-02-01-16.wav,03-01-07-02-02-01-16.wav,disgust,07,16,female,strong,2,Dogs are sitting by the door,1,speech,audio_only,48000,4.137458333333333,0.1175537109375,0.013713691383600235,False,False,False,False,False,clean
/Users/devanshbansal/Desktop/ser/dataset/Audio_Speech_Actors_01-24/Actor_16/03-01-07-02-02-02-16.wav,03-01-07-02-02-02-16.wav,disgust,07,16,female,strong,2,Dogs are sitting by the door,2,speech,audio_only,48000,4.137479166666667,0.14337158203125,0.016170985996723175,False,False,False,False,False,clean
/Users/devanshbansal/Desktop/ser/dataset/Audio_Speech_Actors_01-24/Actor_16/03-01-08-01-01-01-16.wav,03-01-08-01-01-01-16.wav,surprised,08,16,female,normal,1,Kids are talking by the door,1,speech,audio_only,48000,3.536875,0.0909423828125,0.010121828876435757,False,False,False,False,False,clean
/Users/devanshbansal/Desktop/ser/dataset/Audio_Speech_Actors_01-24/Actor_16/03-01-08-01-01-02-16.wav,03-01-08-01-01-02-16.wav,surprised,08,16,female,normal,1,Kids are talking by the door,2,speech,audio_only,48000,3.43675,0.1376953125,0.015606420114636421,False,False,False,False,False,clean
/Users/devanshbansal/Desktop/ser/dataset/Audio_Speech_Actors_01-24/Actor_16/03-01-08-01-02-01-16.wav,03-01-08-01-02-01-16.wav,surprised,08,16,female,normal,2,Dogs are sitting by the door,1,speech,audio_only,48000,3.5035,0.155914306640625,0.016391849145293236,False,False,False,False,False,clean
/Users/devanshbansal/Desktop/ser/dataset/Audio_Speech_Actors_01-24/Actor_16/03-01-08-01-02-02-16.wav,03-01-08-01-02-02-16.wav,surprised,08,16,female,normal,2,Dogs are sitting by the door,2,speech,audio_only,48000,3.4367708333333336,0.17205810546875,0.025147242471575737,False,False,False,False,False,clean
/Users/devanshbansal/Desktop/ser/dataset/Audio_Speech_Actors_01-24/Actor_16/03-01-08-02-01-01-16.wav,03-01-08-02-01-01-16.wav,surprised,08,16,female,strong,1,Kids are talking by the door,1,speech,audio_only,48000,3.536875,0.147430419921875,0.01531447283923626,False,False,False,False,False,clean
/Users/devanshbansal/Desktop/ser/dataset/Audio_Speech_Actors_01-24/Actor_16/03-01-08-02-01-02-16.wav,03-01-08-02-01-02-16.wav,surprised,08,16,female,strong,1,Kids are talking by the door,2,speech,audio_only,48000,3.5368541666666666,0.165557861328125,0.020746689289808273,False,False,False,False,False,clean
/Users/devanshbansal/Desktop/ser/dataset/Audio_Speech_Actors_01-24/Actor_16/03-01-08-02-02-01-16.wav,03-01-08-02-02-01-16.wav,surprised,08,16,female,strong,2,Dogs are sitting by the door,1,speech,audio_only,48000,3.57025,0.262054443359375,0.02859189361333847,False,False,False,False,False,clean
/Users/devanshbansal/Desktop/ser/dataset/Audio_Speech_Actors_01-24/Actor_16/03-01-08-02-02-02-16.wav,03-01-08-02-02-02-16.wav,surprised,08,16,female,strong,2,Dogs are sitting by the door,2,speech,audio_only,48000,3.5702291666666666,0.177337646484375,0.0228191539645195,False,False,False,False,False,clean
/Users/devanshbansal/Desktop/ser/dataset/Audio_Speech_Actors_01-24/Actor_17/03-01-01-01-01-01-17.wav,03-01-01-01-01-01-17.wav,calm,01,17,male,normal,1,Kids are talking by the door,1,speech,audio_only,48000,3.8371666666666666,0.084716796875,0.006687106564640999,False,False,False,False,False,clean
/Users/devanshbansal/Desktop/ser/dataset/Audio_Speech_Actors_01-24/Actor_17/03-01-01-01-01-02-17.wav,03-01-01-01-01-02-17.wav,calm,01,17,male,normal,1,Kids are talking by the door,2,speech,audio_only,48000,3.5035,0.089569091796875,0.006861320696771145,False,False,False,False,False,clean
/Users/devanshbansal/Desktop/ser/dataset/Audio_Speech_Actors_01-24/Actor_17/03-01-01-01-02-01-17.wav,03-01-01-01-02-01-17.wav,calm,01,17,male,normal,2,Dogs are sitting by the door,1,speech,audio_only,48000,3.5035,0.09527587890625,0.008038364350795746,False,False,False,False,False,clean
/Users/devanshbansal/Desktop/ser/dataset/Audio_Speech_Actors_01-24/Actor_17/03-01-01-01-02-02-17.wav,03-01-01-01-02-02-17.wav,calm,01,17,male,normal,2,Dogs are sitting by the door,2,speech,audio_only,48000,3.470125,0.0811767578125,0.007995969615876675,False,False,False,False,False,clean
/Users/devanshbansal/Desktop/ser/dataset/Audio_Speech_Actors_01-24/Actor_17/03-01-02-01-01-01-17.wav,03-01-02-01-01-01-17.wav,calm,02,17,male,normal,1,Kids are talking by the door,1,speech,audio_only,48000,3.5035,0.08636474609375,0.006475714035332203,False,False,False,False,False,clean
/Users/devanshbansal/Desktop/ser/dataset/Audio_Speech_Actors_01-24/Actor_17/03-01-02-01-01-02-17.wav,03-01-02-01-01-02-17.wav,calm,02,17,male,normal,1,Kids are talking by the door,2,speech,audio_only,48000,3.536875,0.0863037109375,0.007601368706673384,False,False,False,False,False,clean
/Users/devanshbansal/Desktop/ser/dataset/Audio_Speech_Actors_01-24/Actor_17/03-01-02-01-02-01-17.wav,03-01-02-01-02-01-17.wav,calm,02,17,male,normal,2,Dogs are sitting by the door,1,speech,audio_only,48000,3.7370833333333335,0.0618896484375,0.007636637892574072,False,False,False,False,False,clean
/Users/devanshbansal/Desktop/ser/dataset/Audio_Speech_Actors_01-24/Actor_17/03-01-02-01-02-02-17.wav,03-01-02-01-02-02-17.wav,calm,02,17,male,normal,2,Dogs are sitting by the door,2,speech,audio_only,48000,3.7704375,0.06463623046875,0.008019336499273777,False,False,False,False,False,clean
/Users/devanshbansal/Desktop/ser/dataset/Audio_Speech_Actors_01-24/Actor_17/03-01-02-02-01-01-17.wav,03-01-02-02-01-01-17.wav,calm,02,17,male,strong,1,Kids are talking by the door,1,speech,audio_only,48000,3.8705416666666665,0.0614013671875,0.006206486839801073,False,False,False,False,False,clean
/Users/devanshbansal/Desktop/ser/dataset/Audio_Speech_Actors_01-24/Actor_17/03-01-02-02-01-02-17.wav,03-01-02-02-01-02-17.wav,calm,02,17,male,strong,1,Kids are talking by the door,2,speech,audio_only,48000,3.6036041666666665,0.0576171875,0.004754881840199232,False,False,False,False,False,clean
/Users/devanshbansal/Desktop/ser/dataset/Audio_Speech_Actors_01-24/Actor_17/03-01-02-02-02-01-17.wav,03-01-02-02-02-01-17.wav,calm,02,17,male,strong,2,Dogs are sitting by the door,1,speech,audio_only,48000,3.8371666666666666,0.06097412109375,0.007259150501340628,False,False,False,False,False,clean
/Users/devanshbansal/Desktop/ser/dataset/Audio_Speech_Actors_01-24/Actor_17/03-01-02-02-02-02-17.wav,03-01-02-02-02-02-17.wav,calm,02,17,male,strong,2,Dogs are sitting by the door,2,speech,audio_only,48000,3.536875,0.042236328125,0.00536127295345068,False,False,False,False,False,clean
/Users/devanshbansal/Desktop/ser/dataset/Audio_Speech_Actors_01-24/Actor_17/03-01-03-01-01-01-17.wav,03-01-03-01-01-01-17.wav,happy,03,17,male,normal,1,Kids are talking by the door,1,speech,audio_only,48000,3.470125,0.10943603515625,0.009990665130317211,False,False,False,False,False,clean
/Users/devanshbansal/Desktop/ser/dataset/Audio_Speech_Actors_01-24/Actor_17/03-01-03-01-01-02-17.wav,03-01-03-01-01-02-17.wav,happy,03,17,male,normal,1,Kids are talking by the door,2,speech,audio_only,48000,3.536875,0.17071533203125,0.013006984256207943,False,False,False,False,False,clean
/Users/devanshbansal/Desktop/ser/dataset/Audio_Speech_Actors_01-24/Actor_17/03-01-03-01-02-01-17.wav,03-01-03-01-02-01-17.wav,happy,03,17,male,normal,2,Dogs are sitting by the door,1,speech,audio_only,48000,3.4701458333333335,0.185302734375,0.016992609947919846,False,False,False,False,False,clean
/Users/devanshbansal/Desktop/ser/dataset/Audio_Speech_Actors_01-24/Actor_17/03-01-03-01-02-02-17.wav,03-01-03-01-02-02-17.wav,happy,03,17,male,normal,2,Dogs are sitting by the door,2,speech,audio_only,48000,3.5368541666666666,0.129241943359375,0.014215699397027493,False,False,False,False,False,clean
/Users/devanshbansal/Desktop/ser/dataset/Audio_Speech_Actors_01-24/Actor_17/03-01-03-02-01-01-17.wav,03-01-03-02-01-01-17.wav,happy,03,17,male,strong,1,Kids are talking by the door,1,speech,audio_only,48000,3.7370625,0.35552978515625,0.03406738489866257,False,False,False,False,False,clean
/Users/devanshbansal/Desktop/ser/dataset/Audio_Speech_Actors_01-24/Actor_17/03-01-03-02-01-02-17.wav,03-01-03-02-01-02-17.wav,happy,03,17,male,strong,1,Kids are talking by the door,2,speech,audio_only,48000,4.104104166666667,0.521820068359375,0.055145785212516785,False,False,False,False,False,clean
/Users/devanshbansal/Desktop/ser/dataset/Audio_Speech_Actors_01-24/Actor_17/03-01-03-02-02-01-17.wav,03-01-03-02-02-01-17.wav,happy,03,17,male,strong,2,Dogs are sitting by the door,1,speech,audio_only,48000,3.7370625,0.2071533203125,0.029338419437408447,False,False,False,False,False,clean
/Users/devanshbansal/Desktop/ser/dataset/Audio_Speech_Actors_01-24/Actor_17/03-01-03-02-02-02-17.wav,03-01-03-02-02-02-17.wav,happy,03,17,male,strong,2,Dogs are sitting by the door,2,speech,audio_only,48000,3.8037916666666667,0.27215576171875,0.03037092089653015,False,False,False,False,False,clean
/Users/devanshbansal/Desktop/ser/dataset/Audio_Speech_Actors_01-24/Actor_17/03-01-04-01-01-01-17.wav,03-01-04-01-01-01-17.wav,sad,04,17,male,normal,1,Kids are talking by the door,1,speech,audio_only,48000,3.6703333333333332,0.101287841796875,0.009706181474030018,False,False,False,False,False,clean
/Users/devanshbansal/Desktop/ser/dataset/Audio_Speech_Actors_01-24/Actor_17/03-01-04-01-01-02-17.wav,03-01-04-01-01-02-17.wav,sad,04,17,male,normal,1,Kids are talking by the door,2,speech,audio_only,48000,3.5035,0.187713623046875,0.011521522887051105,False,False,False,False,False,clean
/Users/devanshbansal/Desktop/ser/dataset/Audio_Speech_Actors_01-24/Actor_17/03-01-04-01-02-01-17.wav,03-01-04-01-02-01-17.wav,sad,04,17,male,normal,2,Dogs are sitting by the door,1,speech,audio_only,48000,3.5702291666666666,0.093017578125,0.007763270288705826,False,False,False,False,False,clean
/Users/devanshbansal/Desktop/ser/dataset/Audio_Speech_Actors_01-24/Actor_17/03-01-04-01-02-02-17.wav,03-01-04-01-02-02-17.wav,sad,04,17,male,normal,2,Dogs are sitting by the door,2,speech,audio_only,48000,3.6036041666666665,0.140411376953125,0.01147853396832943,False,False,False,False,False,clean
/Users/devanshbansal/Desktop/ser/dataset/Audio_Speech_Actors_01-24/Actor_17/03-01-04-02-01-01-17.wav,03-01-04-02-01-01-17.wav,sad,04,17,male,strong,1,Kids are talking by the door,1,speech,audio_only,48000,3.6703333333333332,0.270965576171875,0.01940404437482357,False,False,False,False,False,clean
/Users/devanshbansal/Desktop/ser/dataset/Audio_Speech_Actors_01-24/Actor_17/03-01-04-02-01-02-17.wav,03-01-04-02-01-02-17.wav,sad,04,17,male,strong,1,Kids are talking by the door,2,speech,audio_only,48000,3.703708333333333,0.2769775390625,0.01717102713882923,False,False,False,False,False,clean
/Users/devanshbansal/Desktop/ser/dataset/Audio_Speech_Actors_01-24/Actor_17/03-01-04-02-02-01-17.wav,03-01-04-02-02-01-17.wav,sad,04,17,male,strong,2,Dogs are sitting by the door,1,speech,audio_only,48000,3.6036041666666665,0.19354248046875,0.01631966419517994,False,False,False,False,False,clean
/Users/devanshbansal/Desktop/ser/dataset/Audio_Speech_Actors_01-24/Actor_17/03-01-04-02-02-02-17.wav,03-01-04-02-02-02-17.wav,sad,04,17,male,strong,2,Dogs are sitting by the door,2,speech,audio_only,48000,3.5702291666666666,0.21875,0.01665554940700531,False,False,False,False,False,clean
/Users/devanshbansal/Desktop/ser/dataset/Audio_Speech_Actors_01-24/Actor_17/03-01-05-01-01-01-17.wav,03-01-05-01-01-01-17.wav,angry,05,17,male,normal,1,Kids are talking by the door,1,speech,audio_only,48000,3.4701458333333335,0.098724365234375,0.00557747483253479,False,False,False,False,False,clean
/Users/devanshbansal/Desktop/ser/dataset/Audio_Speech_Actors_01-24/Actor_17/03-01-05-01-01-02-17.wav,03-01-05-01-01-02-17.wav,angry,05,17,male,normal,1,Kids are talking by the door,2,speech,audio_only,48000,3.703708333333333,0.1563720703125,0.008913937024772167,False,False,False,False,False,clean
/Users/devanshbansal/Desktop/ser/dataset/Audio_Speech_Actors_01-24/Actor_17/03-01-05-01-02-01-17.wav,03-01-05-01-02-01-17.wav,angry,05,17,male,normal,2,Dogs are sitting by the door,1,speech,audio_only,48000,3.6036041666666665,0.197784423828125,0.015564033761620522,False,False,False,False,False,clean
/Users/devanshbansal/Desktop/ser/dataset/Audio_Speech_Actors_01-24/Actor_17/03-01-05-01-02-02-17.wav,03-01-05-01-02-02-17.wav,angry,05,17,male,normal,2,Dogs are sitting by the door,2,speech,audio_only,48000,3.536875,0.123260498046875,0.008899200707674026,False,False,False,False,False,clean
/Users/devanshbansal/Desktop/ser/dataset/Audio_Speech_Actors_01-24/Actor_17/03-01-05-02-01-01-17.wav,03-01-05-02-01-01-17.wav,angry,05,17,male,strong,1,Kids are talking by the door,1,speech,audio_only,48000,3.5035,0.65692138671875,0.04869223013520241,False,False,False,False,False,clean
/Users/devanshbansal/Desktop/ser/dataset/Audio_Speech_Actors_01-24/Actor_17/03-01-05-02-01-02-17.wav,03-01-05-02-01-02-17.wav,angry,05,17,male,strong,1,Kids are talking by the door,2,speech,audio_only,48000,3.7370625,0.953338623046875,0.08215047419071198,False,False,False,False,False,clean
/Users/devanshbansal/Desktop/ser/dataset/Audio_Speech_Actors_01-24/Actor_17/03-01-05-02-02-01-17.wav,03-01-05-02-02-01-17.wav,angry,05,17,male,strong,2,Dogs are sitting by the door,1,speech,audio_only,48000,3.636979166666667,0.676666259765625,0.054911769926548004,False,False,False,False,False,clean
/Users/devanshbansal/Desktop/ser/dataset/Audio_Speech_Actors_01-24/Actor_17/03-01-05-02-02-02-17.wav,03-01-05-02-02-02-17.wav,angry,05,17,male,strong,2,Dogs are sitting by the door,2,speech,audio_only,48000,3.8038125,0.6923828125,0.054307419806718826,False,False,False,False,False,clean
/Users/devanshbansal/Desktop/ser/dataset/Audio_Speech_Actors_01-24/Actor_17/03-01-06-01-01-01-17.wav,03-01-06-01-01-01-17.wav,fearful,06,17,male,normal,1,Kids are talking by the door,1,speech,audio_only,48000,3.470125,0.261199951171875,0.01802363060414791,False,False,False,False,False,clean
/Users/devanshbansal/Desktop/ser/dataset/Audio_Speech_Actors_01-24/Actor_17/03-01-06-01-01-02-17.wav,03-01-06-01-01-02-17.wav,fearful,06,17,male,normal,1,Kids are talking by the door,2,speech,audio_only,48000,3.5035,0.270599365234375,0.022838948294520378,False,False,False,False,False,clean
/Users/devanshbansal/Desktop/ser/dataset/Audio_Speech_Actors_01-24/Actor_17/03-01-06-01-02-01-17.wav,03-01-06-01-02-01-17.wav,fearful,06,17,male,normal,2,Dogs are sitting by the door,1,speech,audio_only,48000,3.536875,0.364959716796875,0.023561259731650352,False,False,False,False,False,clean
/Users/devanshbansal/Desktop/ser/dataset/Audio_Speech_Actors_01-24/Actor_17/03-01-06-01-02-02-17.wav,03-01-06-01-02-02-17.wav,fearful,06,17,male,normal,2,Dogs are sitting by the door,2,speech,audio_only,48000,3.6369583333333333,0.85498046875,0.062106166034936905,False,False,False,False,False,clean
/Users/devanshbansal/Desktop/ser/dataset/Audio_Speech_Actors_01-24/Actor_17/03-01-06-02-01-01-17.wav,03-01-06-02-01-01-17.wav,fearful,06,17,male,strong,1,Kids are talking by the door,1,speech,audio_only,48000,3.703708333333333,0.861968994140625,0.08446738123893738,False,False,False,False,False,clean
/Users/devanshbansal/Desktop/ser/dataset/Audio_Speech_Actors_01-24/Actor_17/03-01-06-02-01-02-17.wav,03-01-06-02-01-02-17.wav,fearful,06,17,male,strong,1,Kids are talking by the door,2,speech,audio_only,48000,3.7370625,0.609466552734375,0.057824887335300446,False,False,False,False,False,clean
/Users/devanshbansal/Desktop/ser/dataset/Audio_Speech_Actors_01-24/Actor_17/03-01-06-02-02-01-17.wav,03-01-06-02-02-01-17.wav,fearful,06,17,male,strong,2,Dogs are sitting by the door,1,speech,audio_only,48000,3.6703333333333332,0.654541015625,0.059966836124658585,False,False,False,False,False,clean
/Users/devanshbansal/Desktop/ser/dataset/Audio_Speech_Actors_01-24/Actor_17/03-01-06-02-02-02-17.wav,03-01-06-02-02-02-17.wav,fearful,06,17,male,strong,2,Dogs are sitting by the door,2,speech,audio_only,48000,3.8371666666666666,0.573944091796875,0.055611561983823776,False,False,False,False,False,clean
/Users/devanshbansal/Desktop/ser/dataset/Audio_Speech_Actors_01-24/Actor_17/03-01-07-01-01-01-17.wav,03-01-07-01-01-01-17.wav,disgust,07,17,male,normal,1,Kids are talking by the door,1,speech,audio_only,48000,3.8371666666666666,0.123199462890625,0.009808757342398167,False,False,False,False,False,clean
/Users/devanshbansal/Desktop/ser/dataset/Audio_Speech_Actors_01-24/Actor_17/03-01-07-01-01-02-17.wav,03-01-07-01-01-02-17.wav,disgust,07,17,male,normal,1,Kids are talking by the door,2,speech,audio_only,48000,3.703708333333333,0.127410888671875,0.011964733712375164,False,False,False,False,False,clean
/Users/devanshbansal/Desktop/ser/dataset/Audio_Speech_Actors_01-24/Actor_17/03-01-07-01-02-01-17.wav,03-01-07-01-02-01-17.wav,disgust,07,17,male,normal,2,Dogs are sitting by the door,1,speech,audio_only,48000,3.5702291666666666,0.18585205078125,0.013679939322173595,False,False,False,False,False,clean
/Users/devanshbansal/Desktop/ser/dataset/Audio_Speech_Actors_01-24/Actor_17/03-01-07-01-02-02-17.wav,03-01-07-01-02-02-17.wav,disgust,07,17,male,normal,2,Dogs are sitting by the door,2,speech,audio_only,48000,3.5035,0.094268798828125,0.007587798405438662,False,False,False,False,False,clean
/Users/devanshbansal/Desktop/ser/dataset/Audio_Speech_Actors_01-24/Actor_17/03-01-07-02-01-01-17.wav,03-01-07-02-01-01-17.wav,disgust,07,17,male,strong,1,Kids are talking by the door,1,speech,audio_only,48000,4.204208333333334,0.21173095703125,0.019263042137026787,False,False,False,False,False,clean
/Users/devanshbansal/Desktop/ser/dataset/Audio_Speech_Actors_01-24/Actor_17/03-01-07-02-01-02-17.wav,03-01-07-02-01-02-17.wav,disgust,07,17,male,strong,1,Kids are talking by the door,2,speech,audio_only,48000,4.170833333333333,0.15423583984375,0.015829848125576973,False,False,False,False,False,clean
/Users/devanshbansal/Desktop/ser/dataset/Audio_Speech_Actors_01-24/Actor_17/03-01-07-02-02-01-17.wav,03-01-07-02-02-01-17.wav,disgust,07,17,male,strong,2,Dogs are sitting by the door,1,speech,audio_only,48000,4.471145833333333,0.153411865234375,0.013628807850182056,False,False,False,False,False,clean
/Users/devanshbansal/Desktop/ser/dataset/Audio_Speech_Actors_01-24/Actor_17/03-01-07-02-02-02-17.wav,03-01-07-02-02-02-17.wav,disgust,07,17,male,strong,2,Dogs are sitting by the door,2,speech,audio_only,48000,4.604604166666666,0.132904052734375,0.015775417909026146,False,False,False,False,False,clean
/Users/devanshbansal/Desktop/ser/dataset/Audio_Speech_Actors_01-24/Actor_17/03-01-08-01-01-01-17.wav,03-01-08-01-01-01-17.wav,surprised,08,17,male,normal,1,Kids are talking by the door,1,speech,audio_only,48000,3.403395833333333,0.176422119140625,0.016006238758563995,False,False,False,False,False,clean
/Users/devanshbansal/Desktop/ser/dataset/Audio_Speech_Actors_01-24/Actor_17/03-01-08-01-01-02-17.wav,03-01-08-01-01-02-17.wav,surprised,08,17,male,normal,1,Kids are talking by the door,2,speech,audio_only,48000,3.6369583333333333,0.109222412109375,0.015107116661965847,False,False,False,False,False,clean
/Users/devanshbansal/Desktop/ser/dataset/Audio_Speech_Actors_01-24/Actor_17/03-01-08-01-02-01-17.wav,03-01-08-01-02-01-17.wav,surprised,08,17,male,normal,2,Dogs are sitting by the door,1,speech,audio_only,48000,3.370041666666667,0.08984375,0.011278054676949978,False,False,False,False,False,clean
/Users/devanshbansal/Desktop/ser/dataset/Audio_Speech_Actors_01-24/Actor_17/03-01-08-01-02-02-17.wav,03-01-08-01-02-02-17.wav,surprised,08,17,male,normal,2,Dogs are sitting by the door,2,speech,audio_only,48000,3.4367708333333336,0.1512451171875,0.013736329972743988,False,False,False,False,False,clean
/Users/devanshbansal/Desktop/ser/dataset/Audio_Speech_Actors_01-24/Actor_17/03-01-08-02-01-01-17.wav,03-01-08-02-01-01-17.wav,surprised,08,17,male,strong,1,Kids are talking by the door,1,speech,audio_only,48000,3.536875,0.183074951171875,0.02244499698281288,False,False,False,False,False,clean
/Users/devanshbansal/Desktop/ser/dataset/Audio_Speech_Actors_01-24/Actor_17/03-01-08-02-01-02-17.wav,03-01-08-02-01-02-17.wav,surprised,08,17,male,strong,1,Kids are talking by the door,2,speech,audio_only,48000,3.6703333333333332,0.175994873046875,0.022786583751440048,False,False,False,False,False,clean
/Users/devanshbansal/Desktop/ser/dataset/Audio_Speech_Actors_01-24/Actor_17/03-01-08-02-02-01-17.wav,03-01-08-02-02-01-17.wav,surprised,08,17,male,strong,2,Dogs are sitting by the door,1,speech,audio_only,48000,3.4367708333333336,0.37139892578125,0.03546017035841942,False,False,False,False,False,clean
/Users/devanshbansal/Desktop/ser/dataset/Audio_Speech_Actors_01-24/Actor_17/03-01-08-02-02-02-17.wav,03-01-08-02-02-02-17.wav,surprised,08,17,male,strong,2,Dogs are sitting by the door,2,speech,audio_only,48000,3.5368541666666666,0.269775390625,0.0314967967569828,False,False,False,False,False,clean
/Users/devanshbansal/Desktop/ser/dataset/Audio_Speech_Actors_01-24/Actor_18/03-01-01-01-01-01-18.wav,03-01-01-01-01-01-18.wav,calm,01,18,female,normal,1,Kids are talking by the door,1,speech,audio_only,48000,3.4701458333333335,0.018157958984375,0.002830810146406293,False,False,False,False,False,clean
/Users/devanshbansal/Desktop/ser/dataset/Audio_Speech_Actors_01-24/Actor_18/03-01-01-01-01-02-18.wav,03-01-01-01-01-02-18.wav,calm,01,18,female,normal,1,Kids are talking by the door,2,speech,audio_only,48000,3.536875,0.0206298828125,0.0032749236561357975,False,False,False,False,False,clean
/Users/devanshbansal/Desktop/ser/dataset/Audio_Speech_Actors_01-24/Actor_18/03-01-01-01-02-01-18.wav,03-01-01-01-02-01-18.wav,calm,01,18,female,normal,2,Dogs are sitting by the door,1,speech,audio_only,48000,3.470125,0.019744873046875,0.0029177486430853605,False,False,False,False,False,clean
/Users/devanshbansal/Desktop/ser/dataset/Audio_Speech_Actors_01-24/Actor_18/03-01-01-01-02-02-18.wav,03-01-01-01-02-02-18.wav,calm,01,18,female,normal,2,Dogs are sitting by the door,2,speech,audio_only,48000,3.4701458333333335,0.019866943359375,0.0030950007494539022,False,False,False,False,False,clean
/Users/devanshbansal/Desktop/ser/dataset/Audio_Speech_Actors_01-24/Actor_18/03-01-02-01-01-01-18.wav,03-01-02-01-01-01-18.wav,calm,02,18,female,normal,1,Kids are talking by the door,1,speech,audio_only,48000,3.470125,0.02960205078125,0.004310622811317444,False,False,False,False,False,clean
/Users/devanshbansal/Desktop/ser/dataset/Audio_Speech_Actors_01-24/Actor_18/03-01-02-01-01-02-18.wav,03-01-02-01-01-02-18.wav,calm,02,18,female,normal,1,Kids are talking by the door,2,speech,audio_only,48000,3.4034166666666668,0.02532958984375,0.0038058029022067785,False,False,False,False,False,clean
/Users/devanshbansal/Desktop/ser/dataset/Audio_Speech_Actors_01-24/Actor_18/03-01-02-01-02-01-18.wav,03-01-02-01-02-01-18.wav,calm,02,18,female,normal,2,Dogs are sitting by the door,1,speech,audio_only,48000,3.636979166666667,0.03289794921875,0.005089281126856804,False,False,False,False,False,clean
/Users/devanshbansal/Desktop/ser/dataset/Audio_Speech_Actors_01-24/Actor_18/03-01-02-01-02-02-18.wav,03-01-02-01-02-02-18.wav,calm,02,18,female,normal,2,Dogs are sitting by the door,2,speech,audio_only,48000,3.5035,0.033843994140625,0.005179551895707846,False,False,False,False,False,clean
/Users/devanshbansal/Desktop/ser/dataset/Audio_Speech_Actors_01-24/Actor_18/03-01-02-02-01-01-18.wav,03-01-02-02-01-01-18.wav,calm,02,18,female,strong,1,Kids are talking by the door,1,speech,audio_only,48000,3.6036041666666665,0.024261474609375,0.0037199892103672028,False,False,False,False,False,clean
/Users/devanshbansal/Desktop/ser/dataset/Audio_Speech_Actors_01-24/Actor_18/03-01-02-02-01-02-18.wav,03-01-02-02-01-02-18.wav,calm,02,18,female,strong,1,Kids are talking by the door,2,speech,audio_only,48000,3.6036041666666665,0.02325439453125,0.0033054309897124767,False,False,False,False,False,clean
/Users/devanshbansal/Desktop/ser/dataset/Audio_Speech_Actors_01-24/Actor_18/03-01-02-02-02-01-18.wav,03-01-02-02-02-01-18.wav,calm,02,18,female,strong,2,Dogs are sitting by the door,1,speech,audio_only,48000,3.6035833333333334,0.0252685546875,0.00408385694026947,False,False,False,False,False,clean
/Users/devanshbansal/Desktop/ser/dataset/Audio_Speech_Actors_01-24/Actor_18/03-01-02-02-02-02-18.wav,03-01-02-02-02-02-18.wav,calm,02,18,female,strong,2,Dogs are sitting by the door,2,speech,audio_only,48000,3.6036041666666665,0.029632568359375,0.00458559300750494,False,False,False,False,False,clean
/Users/devanshbansal/Desktop/ser/dataset/Audio_Speech_Actors_01-24/Actor_18/03-01-03-01-01-01-18.wav,03-01-03-01-01-01-18.wav,happy,03,18,female,normal,1,Kids are talking by the door,1,speech,audio_only,48000,3.403395833333333,0.133575439453125,0.009707127697765827,False,False,False,False,False,clean
/Users/devanshbansal/Desktop/ser/dataset/Audio_Speech_Actors_01-24/Actor_18/03-01-03-01-01-02-18.wav,03-01-03-01-01-02-18.wav,happy,03,18,female,normal,1,Kids are talking by the door,2,speech,audio_only,48000,3.3700208333333332,0.05841064453125,0.008175968192517757,False,False,False,False,False,clean
/Users/devanshbansal/Desktop/ser/dataset/Audio_Speech_Actors_01-24/Actor_18/03-01-03-01-02-01-18.wav,03-01-03-01-02-01-18.wav,happy,03,18,female,normal,2,Dogs are sitting by the door,1,speech,audio_only,48000,3.43675,0.036590576171875,0.006071262061595917,False,False,False,False,False,clean
/Users/devanshbansal/Desktop/ser/dataset/Audio_Speech_Actors_01-24/Actor_18/03-01-03-01-02-02-18.wav,03-01-03-01-02-02-18.wav,happy,03,18,female,normal,2,Dogs are sitting by the door,2,speech,audio_only,48000,3.5035,0.043548583984375,0.007011343725025654,False,False,False,False,False,clean
/Users/devanshbansal/Desktop/ser/dataset/Audio_Speech_Actors_01-24/Actor_18/03-01-03-02-01-01-18.wav,03-01-03-02-01-01-18.wav,happy,03,18,female,strong,1,Kids are talking by the door,1,speech,audio_only,48000,3.7704375,0.6309814453125,0.07115807384252548,False,False,False,False,False,clean
/Users/devanshbansal/Desktop/ser/dataset/Audio_Speech_Actors_01-24/Actor_18/03-01-03-02-01-02-18.wav,03-01-03-02-01-02-18.wav,happy,03,18,female,strong,1,Kids are talking by the door,2,speech,audio_only,48000,3.93725,0.399383544921875,0.05143708735704422,False,False,False,False,False,clean
/Users/devanshbansal/Desktop/ser/dataset/Audio_Speech_Actors_01-24/Actor_18/03-01-03-02-02-01-18.wav,03-01-03-02-02-01-18.wav,happy,03,18,female,strong,2,Dogs are sitting by the door,1,speech,audio_only,48000,3.7704375,0.4599609375,0.04323432222008705,False,False,False,False,False,clean
/Users/devanshbansal/Desktop/ser/dataset/Audio_Speech_Actors_01-24/Actor_18/03-01-03-02-02-02-18.wav,03-01-03-02-02-02-18.wav,happy,03,18,female,strong,2,Dogs are sitting by the door,2,speech,audio_only,48000,3.8371666666666666,0.53302001953125,0.07232298702001572,False,False,False,False,False,clean
/Users/devanshbansal/Desktop/ser/dataset/Audio_Speech_Actors_01-24/Actor_18/03-01-04-01-01-01-18.wav,03-01-04-01-01-01-18.wav,sad,04,18,female,normal,1,Kids are talking by the door,1,speech,audio_only,48000,3.5702291666666666,0.06097412109375,0.008046717382967472,False,False,False,False,False,clean
/Users/devanshbansal/Desktop/ser/dataset/Audio_Speech_Actors_01-24/Actor_18/03-01-04-01-01-02-18.wav,03-01-04-01-01-02-18.wav,sad,04,18,female,normal,1,Kids are talking by the door,2,speech,audio_only,48000,3.6369583333333333,0.050811767578125,0.006993964780122042,False,False,False,False,False,clean
/Users/devanshbansal/Desktop/ser/dataset/Audio_Speech_Actors_01-24/Actor_18/03-01-04-01-02-01-18.wav,03-01-04-01-02-01-18.wav,sad,04,18,female,normal,2,Dogs are sitting by the door,1,speech,audio_only,48000,3.536875,0.033233642578125,0.004865031689405441,False,False,False,False,False,clean
/Users/devanshbansal/Desktop/ser/dataset/Audio_Speech_Actors_01-24/Actor_18/03-01-04-01-02-02-18.wav,03-01-04-01-02-02-18.wav,sad,04,18,female,normal,2,Dogs are sitting by the door,2,speech,audio_only,48000,3.6369583333333333,0.041290283203125,0.006131923757493496,False,False,False,False,False,clean
/Users/devanshbansal/Desktop/ser/dataset/Audio_Speech_Actors_01-24/Actor_18/03-01-04-02-01-01-18.wav,03-01-04-02-01-01-18.wav,sad,04,18,female,strong,1,Kids are talking by the door,1,speech,audio_only,48000,3.8037916666666667,0.2281494140625,0.028135115280747414,False,False,False,False,False,clean
/Users/devanshbansal/Desktop/ser/dataset/Audio_Speech_Actors_01-24/Actor_18/03-01-04-02-01-02-18.wav,03-01-04-02-01-02-18.wav,sad,04,18,female,strong,1,Kids are talking by the door,2,speech,audio_only,48000,3.8371666666666666,0.252288818359375,0.028629742562770844,False,False,False,False,False,clean
/Users/devanshbansal/Desktop/ser/dataset/Audio_Speech_Actors_01-24/Actor_18/03-01-04-02-02-01-18.wav,03-01-04-02-02-01-18.wav,sad,04,18,female,strong,2,Dogs are sitting by the door,1,speech,audio_only,48000,4.137479166666667,0.32464599609375,0.027455830946564674,False,False,False,False,False,clean
/Users/devanshbansal/Desktop/ser/dataset/Audio_Speech_Actors_01-24/Actor_18/03-01-04-02-02-02-18.wav,03-01-04-02-02-02-18.wav,sad,04,18,female,strong,2,Dogs are sitting by the door,2,speech,audio_only,48000,3.8371666666666666,0.177703857421875,0.023603981360793114,False,False,False,False,False,clean
/Users/devanshbansal/Desktop/ser/dataset/Audio_Speech_Actors_01-24/Actor_18/03-01-05-01-01-01-18.wav,03-01-05-01-01-01-18.wav,angry,05,18,female,normal,1,Kids are talking by the door,1,speech,audio_only,48000,3.9038958333333333,0.1634521484375,0.01505130436271429,False,False,False,False,False,clean
/Users/devanshbansal/Desktop/ser/dataset/Audio_Speech_Actors_01-24/Actor_18/03-01-05-01-01-02-18.wav,03-01-05-01-01-02-18.wav,angry,05,18,female,normal,1,Kids are talking by the door,2,speech,audio_only,48000,4.170833333333333,0.09759521484375,0.011464273557066917,False,False,False,False,False,clean
/Users/devanshbansal/Desktop/ser/dataset/Audio_Speech_Actors_01-24/Actor_18/03-01-05-01-02-01-18.wav,03-01-05-01-02-01-18.wav,angry,05,18,female,normal,2,Dogs are sitting by the door,1,speech,audio_only,48000,3.5702291666666666,0.14544677734375,0.019609132781624794,False,False,False,False,False,clean
/Users/devanshbansal/Desktop/ser/dataset/Audio_Speech_Actors_01-24/Actor_18/03-01-05-01-02-02-18.wav,03-01-05-01-02-02-18.wav,angry,05,18,female,normal,2,Dogs are sitting by the door,2,speech,audio_only,48000,3.636979166666667,0.127685546875,0.014669674448668957,False,False,False,False,False,clean
/Users/devanshbansal/Desktop/ser/dataset/Audio_Speech_Actors_01-24/Actor_18/03-01-05-02-01-01-18.wav,03-01-05-02-01-01-18.wav,angry,05,18,female,strong,1,Kids are talking by the door,1,speech,audio_only,48000,3.703708333333333,0.998809814453125,0.10111256688833237,False,False,True,False,False,clipped
/Users/devanshbansal/Desktop/ser/dataset/Audio_Speech_Actors_01-24/Actor_18/03-01-05-02-01-02-18.wav,03-01-05-02-01-02-18.wav,angry,05,18,female,strong,1,Kids are talking by the door,2,speech,audio_only,48000,3.7704375,0.96533203125,0.12572532892227173,False,False,False,False,False,clean
/Users/devanshbansal/Desktop/ser/dataset/Audio_Speech_Actors_01-24/Actor_18/03-01-05-02-02-01-18.wav,03-01-05-02-02-01-18.wav,angry,05,18,female,strong,2,Dogs are sitting by the door,1,speech,audio_only,48000,3.8371666666666666,0.9820556640625,0.10706821829080582,False,False,False,False,False,clean
/Users/devanshbansal/Desktop/ser/dataset/Audio_Speech_Actors_01-24/Actor_18/03-01-05-02-02-02-18.wav,03-01-05-02-02-02-18.wav,angry,05,18,female,strong,2,Dogs are sitting by the door,2,speech,audio_only,48000,4.2375625,0.84417724609375,0.12098492681980133,False,False,False,False,False,clean
/Users/devanshbansal/Desktop/ser/dataset/Audio_Speech_Actors_01-24/Actor_18/03-01-06-01-01-01-18.wav,03-01-06-01-01-01-18.wav,fearful,06,18,female,normal,1,Kids are talking by the door,1,speech,audio_only,48000,3.4367708333333336,0.107940673828125,0.01439545676112175,False,False,False,False,False,clean
/Users/devanshbansal/Desktop/ser/dataset/Audio_Speech_Actors_01-24/Actor_18/03-01-06-01-01-02-18.wav,03-01-06-01-01-02-18.wav,fearful,06,18,female,normal,1,Kids are talking by the door,2,speech,audio_only,48000,3.403395833333333,0.08367919921875,0.011864295229315758,False,False,False,False,False,clean
/Users/devanshbansal/Desktop/ser/dataset/Audio_Speech_Actors_01-24/Actor_18/03-01-06-01-02-01-18.wav,03-01-06-01-02-01-18.wav,fearful,06,18,female,normal,2,Dogs are sitting by the door,1,speech,audio_only,48000,3.470125,0.069366455078125,0.00975724495947361,False,False,False,False,False,clean
/Users/devanshbansal/Desktop/ser/dataset/Audio_Speech_Actors_01-24/Actor_18/03-01-06-01-02-02-18.wav,03-01-06-01-02-02-18.wav,fearful,06,18,female,normal,2,Dogs are sitting by the door,2,speech,audio_only,48000,3.4701458333333335,0.08453369140625,0.011389131657779217,False,False,False,False,False,clean
/Users/devanshbansal/Desktop/ser/dataset/Audio_Speech_Actors_01-24/Actor_18/03-01-06-02-01-01-18.wav,03-01-06-02-01-01-18.wav,fearful,06,18,female,strong,1,Kids are talking by the door,1,speech,audio_only,48000,3.7370833333333335,0.31878662109375,0.031042350456118584,False,False,False,False,False,clean
/Users/devanshbansal/Desktop/ser/dataset/Audio_Speech_Actors_01-24/Actor_18/03-01-06-02-01-02-18.wav,03-01-06-02-01-02-18.wav,fearful,06,18,female,strong,1,Kids are talking by the door,2,speech,audio_only,48000,4.170833333333333,0.44537353515625,0.04476693645119667,False,False,False,False,False,clean
/Users/devanshbansal/Desktop/ser/dataset/Audio_Speech_Actors_01-24/Actor_18/03-01-06-02-02-01-18.wav,03-01-06-02-02-01-18.wav,fearful,06,18,female,strong,2,Dogs are sitting by the door,1,speech,audio_only,48000,3.8038125,0.217071533203125,0.021552082151174545,False,False,False,False,False,clean
/Users/devanshbansal/Desktop/ser/dataset/Audio_Speech_Actors_01-24/Actor_18/03-01-06-02-02-02-18.wav,03-01-06-02-02-02-18.wav,fearful,06,18,female,strong,2,Dogs are sitting by the door,2,speech,audio_only,48000,3.8037916666666667,0.35516357421875,0.03486713767051697,False,False,False,False,False,clean
/Users/devanshbansal/Desktop/ser/dataset/Audio_Speech_Actors_01-24/Actor_18/03-01-07-01-01-01-18.wav,03-01-07-01-01-01-18.wav,disgust,07,18,female,normal,1,Kids are talking by the door,1,speech,audio_only,48000,4.3043125,0.08734130859375,0.008515401743352413,False,False,False,False,False,clean
/Users/devanshbansal/Desktop/ser/dataset/Audio_Speech_Actors_01-24/Actor_18/03-01-07-01-01-02-18.wav,03-01-07-01-01-02-18.wav,disgust,07,18,female,normal,1,Kids are talking by the door,2,speech,audio_only,48000,4.07075,0.17462158203125,0.013823997229337692,False,False,False,False,False,clean
/Users/devanshbansal/Desktop/ser/dataset/Audio_Speech_Actors_01-24/Actor_18/03-01-07-01-02-01-18.wav,03-01-07-01-02-01-18.wav,disgust,07,18,female,normal,2,Dogs are sitting by the door,1,speech,audio_only,48000,3.6703333333333332,0.08428955078125,0.011941233649849892,False,False,False,False,False,clean
/Users/devanshbansal/Desktop/ser/dataset/Audio_Speech_Actors_01-24/Actor_18/03-01-07-01-02-02-18.wav,03-01-07-01-02-02-18.wav,disgust,07,18,female,normal,2,Dogs are sitting by the door,2,speech,audio_only,48000,4.371041666666667,0.11090087890625,0.014173785224556923,False,False,False,False,False,clean
/Users/devanshbansal/Desktop/ser/dataset/Audio_Speech_Actors_01-24/Actor_18/03-01-07-02-01-01-18.wav,03-01-07-02-01-01-18.wav,disgust,07,18,female,strong,1,Kids are talking by the door,1,speech,audio_only,48000,4.771416666666667,0.387603759765625,0.029478663578629494,False,False,False,False,False,clean
/Users/devanshbansal/Desktop/ser/dataset/Audio_Speech_Actors_01-24/Actor_18/03-01-07-02-01-02-18.wav,03-01-07-02-01-02-18.wav,disgust,07,18,female,strong,1,Kids are talking by the door,2,speech,audio_only,48000,4.471145833333333,0.299835205078125,0.030653314664959908,False,False,False,False,False,clean
/Users/devanshbansal/Desktop/ser/dataset/Audio_Speech_Actors_01-24/Actor_18/03-01-07-02-02-01-18.wav,03-01-07-02-02-01-18.wav,disgust,07,18,female,strong,2,Dogs are sitting by the door,1,speech,audio_only,48000,4.637958333333334,0.34588623046875,0.028224000707268715,False,False,False,False,False,clean
/Users/devanshbansal/Desktop/ser/dataset/Audio_Speech_Actors_01-24/Actor_18/03-01-07-02-02-02-18.wav,03-01-07-02-02-02-18.wav,disgust,07,18,female,strong,2,Dogs are sitting by the door,2,speech,audio_only,48000,4.571229166666667,0.427947998046875,0.037152547389268875,False,False,False,False,False,clean
/Users/devanshbansal/Desktop/ser/dataset/Audio_Speech_Actors_01-24/Actor_18/03-01-08-01-01-01-18.wav,03-01-08-01-01-01-18.wav,surprised,08,18,female,normal,1,Kids are talking by the door,1,speech,audio_only,48000,3.3700208333333332,0.053131103515625,0.006071118637919426,False,False,False,False,False,clean
/Users/devanshbansal/Desktop/ser/dataset/Audio_Speech_Actors_01-24/Actor_18/03-01-08-01-01-02-18.wav,03-01-08-01-01-02-18.wav,surprised,08,18,female,normal,1,Kids are talking by the door,2,speech,audio_only,48000,3.5035,0.041717529296875,0.005616259295493364,False,False,False,False,False,clean
/Users/devanshbansal/Desktop/ser/dataset/Audio_Speech_Actors_01-24/Actor_18/03-01-08-01-02-01-18.wav,03-01-08-01-02-01-18.wav,surprised,08,18,female,normal,2,Dogs are sitting by the door,1,speech,audio_only,48000,3.5035,0.06573486328125,0.00860972423106432,False,False,False,False,False,clean
/Users/devanshbansal/Desktop/ser/dataset/Audio_Speech_Actors_01-24/Actor_18/03-01-08-01-02-02-18.wav,03-01-08-01-02-02-18.wav,surprised,08,18,female,normal,2,Dogs are sitting by the door,2,speech,audio_only,48000,3.5035,0.034759521484375,0.0053985523991286755,False,False,False,False,False,clean
/Users/devanshbansal/Desktop/ser/dataset/Audio_Speech_Actors_01-24/Actor_18/03-01-08-02-01-01-18.wav,03-01-08-02-01-01-18.wav,surprised,08,18,female,strong,1,Kids are talking by the door,1,speech,audio_only,48000,3.636979166666667,0.072967529296875,0.008787930011749268,False,False,False,False,False,clean
/Users/devanshbansal/Desktop/ser/dataset/Audio_Speech_Actors_01-24/Actor_18/03-01-08-02-01-02-18.wav,03-01-08-02-01-02-18.wav,surprised,08,18,female,strong,1,Kids are talking by the door,2,speech,audio_only,48000,3.536875,0.069610595703125,0.009933214634656906,False,False,False,False,False,clean
/Users/devanshbansal/Desktop/ser/dataset/Audio_Speech_Actors_01-24/Actor_18/03-01-08-02-02-01-18.wav,03-01-08-02-02-01-18.wav,surprised,08,18,female,strong,2,Dogs are sitting by the door,1,speech,audio_only,48000,3.8705416666666665,0.070465087890625,0.012220889329910278,False,False,False,False,False,clean
/Users/devanshbansal/Desktop/ser/dataset/Audio_Speech_Actors_01-24/Actor_18/03-01-08-02-02-02-18.wav,03-01-08-02-02-02-18.wav,surprised,08,18,female,strong,2,Dogs are sitting by the door,2,speech,audio_only,48000,3.6369583333333333,0.065399169921875,0.009659348987042904,False,False,False,False,False,clean
/Users/devanshbansal/Desktop/ser/dataset/Audio_Speech_Actors_01-24/Actor_19/03-01-01-01-01-01-19.wav,03-01-01-01-01-01-19.wav,calm,01,19,male,normal,1,Kids are talking by the door,1,speech,audio_only,48000,3.370041666666667,0.0311279296875,0.003692914266139269,False,False,False,False,False,clean
/Users/devanshbansal/Desktop/ser/dataset/Audio_Speech_Actors_01-24/Actor_19/03-01-01-01-01-02-19.wav,03-01-01-01-01-02-19.wav,calm,01,19,male,normal,1,Kids are talking by the door,2,speech,audio_only,48000,3.2365625,0.03271484375,0.0035084402188658714,False,False,False,False,False,clean
/Users/devanshbansal/Desktop/ser/dataset/Audio_Speech_Actors_01-24/Actor_19/03-01-01-01-02-01-19.wav,03-01-01-01-02-01-19.wav,calm,01,19,male,normal,2,Dogs are sitting by the door,1,speech,audio_only,48000,3.3366666666666664,0.02374267578125,0.0033627310767769814,False,False,False,False,False,clean
/Users/devanshbansal/Desktop/ser/dataset/Audio_Speech_Actors_01-24/Actor_19/03-01-01-01-02-02-19.wav,03-01-01-01-02-02-19.wav,calm,01,19,male,normal,2,Dogs are sitting by the door,2,speech,audio_only,48000,3.3032916666666665,0.0416259765625,0.004150015767663717,False,False,False,False,False,clean
/Users/devanshbansal/Desktop/ser/dataset/Audio_Speech_Actors_01-24/Actor_19/03-01-02-01-01-01-19.wav,03-01-02-01-01-01-19.wav,calm,02,19,male,normal,1,Kids are talking by the door,1,speech,audio_only,48000,3.6703333333333332,0.014404296875,0.0017666921485215425,False,False,False,False,False,clean
/Users/devanshbansal/Desktop/ser/dataset/Audio_Speech_Actors_01-24/Actor_19/03-01-02-01-01-02-19.wav,03-01-02-01-01-02-19.wav,calm,02,19,male,normal,1,Kids are talking by the door,2,speech,audio_only,48000,3.6703333333333332,0.016815185546875,0.002019642386585474,False,False,False,False,False,clean
/Users/devanshbansal/Desktop/ser/dataset/Audio_Speech_Actors_01-24/Actor_19/03-01-02-01-02-01-19.wav,03-01-02-01-02-01-19.wav,calm,02,19,male,normal,2,Dogs are sitting by the door,1,speech,audio_only,48000,3.3366666666666664,0.02142333984375,0.002400239696726203,False,False,False,False,False,clean
/Users/devanshbansal/Desktop/ser/dataset/Audio_Speech_Actors_01-24/Actor_19/03-01-02-01-02-02-19.wav,03-01-02-01-02-02-19.wav,calm,02,19,male,normal,2,Dogs are sitting by the door,2,speech,audio_only,48000,3.470125,0.0206298828125,0.0020280464086681604,False,False,False,False,False,clean
/Users/devanshbansal/Desktop/ser/dataset/Audio_Speech_Actors_01-24/Actor_19/03-01-02-02-01-01-19.wav,03-01-02-02-01-01-19.wav,calm,02,19,male,strong,1,Kids are talking by the door,1,speech,audio_only,48000,4.471145833333333,0.02423095703125,0.0038736278656870127,False,False,False,False,False,clean
/Users/devanshbansal/Desktop/ser/dataset/Audio_Speech_Actors_01-24/Actor_19/03-01-02-02-01-02-19.wav,03-01-02-02-01-02-19.wav,calm,02,19,male,strong,1,Kids are talking by the door,2,speech,audio_only,48000,4.037375,0.03094482421875,0.003298955038189888,False,False,False,False,False,clean
/Users/devanshbansal/Desktop/ser/dataset/Audio_Speech_Actors_01-24/Actor_19/03-01-02-02-02-01-19.wav,03-01-02-02-02-01-19.wav,calm,02,19,male,strong,2,Dogs are sitting by the door,1,speech,audio_only,48000,4.604604166666666,0.025054931640625,0.002893218770623207,False,False,False,False,False,clean
/Users/devanshbansal/Desktop/ser/dataset/Audio_Speech_Actors_01-24/Actor_19/03-01-02-02-02-02-19.wav,03-01-02-02-02-02-19.wav,calm,02,19,male,strong,2,Dogs are sitting by the door,2,speech,audio_only,48000,4.304291666666667,0.023468017578125,0.003518634708598256,False,False,False,False,False,clean
/Users/devanshbansal/Desktop/ser/dataset/Audio_Speech_Actors_01-24/Actor_19/03-01-03-01-01-01-19.wav,03-01-03-01-01-01-19.wav,happy,03,19,male,normal,1,Kids are talking by the door,1,speech,audio_only,48000,3.6369583333333333,0.030059814453125,0.004558018408715725,False,False,False,False,False,clean
/Users/devanshbansal/Desktop/ser/dataset/Audio_Speech_Actors_01-24/Actor_19/03-01-03-01-01-02-19.wav,03-01-03-01-01-02-19.wav,happy,03,19,male,normal,1,Kids are talking by the door,2,speech,audio_only,48000,3.703708333333333,0.059783935546875,0.00637478893622756,False,False,False,False,False,clean
/Users/devanshbansal/Desktop/ser/dataset/Audio_Speech_Actors_01-24/Actor_19/03-01-03-01-02-01-19.wav,03-01-03-01-02-01-19.wav,happy,03,19,male,normal,2,Dogs are sitting by the door,1,speech,audio_only,48000,3.2699375,0.033050537109375,0.0036321727093309164,False,False,False,False,False,clean
/Users/devanshbansal/Desktop/ser/dataset/Audio_Speech_Actors_01-24/Actor_19/03-01-03-01-02-02-19.wav,03-01-03-01-02-02-19.wav,happy,03,19,male,normal,2,Dogs are sitting by the door,2,speech,audio_only,48000,3.3033125,0.052459716796875,0.005521703977137804,False,False,False,False,False,clean
/Users/devanshbansal/Desktop/ser/dataset/Audio_Speech_Actors_01-24/Actor_19/03-01-03-02-01-01-19.wav,03-01-03-02-01-01-19.wav,happy,03,19,male,strong,1,Kids are talking by the door,1,speech,audio_only,48000,3.7704375,0.12066650390625,0.009522990323603153,False,False,False,False,False,clean
/Users/devanshbansal/Desktop/ser/dataset/Audio_Speech_Actors_01-24/Actor_19/03-01-03-02-01-02-19.wav,03-01-03-02-01-02-19.wav,happy,03,19,male,strong,1,Kids are talking by the door,2,speech,audio_only,48000,3.8037916666666667,0.110443115234375,0.014531571418046951,False,False,False,False,False,clean
/Users/devanshbansal/Desktop/ser/dataset/Audio_Speech_Actors_01-24/Actor_19/03-01-03-02-02-01-19.wav,03-01-03-02-02-01-19.wav,happy,03,19,male,strong,2,Dogs are sitting by the door,1,speech,audio_only,48000,4.404395833333333,0.222442626953125,0.020164839923381805,False,False,False,False,False,clean
/Users/devanshbansal/Desktop/ser/dataset/Audio_Speech_Actors_01-24/Actor_19/03-01-03-02-02-02-19.wav,03-01-03-02-02-02-19.wav,happy,03,19,male,strong,2,Dogs are sitting by the door,2,speech,audio_only,48000,4.004,0.065338134765625,0.010058816522359848,False,False,False,False,False,clean
/Users/devanshbansal/Desktop/ser/dataset/Audio_Speech_Actors_01-24/Actor_19/03-01-04-01-01-01-19.wav,03-01-04-01-01-01-19.wav,sad,04,19,male,normal,1,Kids are talking by the door,1,speech,audio_only,48000,3.4367708333333336,0.026123046875,0.0025738028343766928,False,False,False,False,False,clean
/Users/devanshbansal/Desktop/ser/dataset/Audio_Speech_Actors_01-24/Actor_19/03-01-04-01-01-02-19.wav,03-01-04-01-01-02-19.wav,sad,04,19,male,normal,1,Kids are talking by the door,2,speech,audio_only,48000,3.6703333333333332,0.013458251953125,0.0017842978704720736,False,False,False,False,False,clean
/Users/devanshbansal/Desktop/ser/dataset/Audio_Speech_Actors_01-24/Actor_19/03-01-04-01-02-01-19.wav,03-01-04-01-02-01-19.wav,sad,04,19,male,normal,2,Dogs are sitting by the door,1,speech,audio_only,48000,3.1698333333333335,0.028594970703125,0.0029614113736897707,False,False,False,False,False,clean
/Users/devanshbansal/Desktop/ser/dataset/Audio_Speech_Actors_01-24/Actor_19/03-01-04-01-02-02-19.wav,03-01-04-01-02-02-19.wav,sad,04,19,male,normal,2,Dogs are sitting by the door,2,speech,audio_only,48000,3.6703333333333332,0.023590087890625,0.0027916724793612957,False,False,False,False,False,clean
/Users/devanshbansal/Desktop/ser/dataset/Audio_Speech_Actors_01-24/Actor_19/03-01-04-02-01-01-19.wav,03-01-04-02-01-01-19.wav,sad,04,19,male,strong,1,Kids are talking by the door,1,speech,audio_only,48000,4.004,0.160308837890625,0.018118683248758316,False,False,False,False,False,clean
/Users/devanshbansal/Desktop/ser/dataset/Audio_Speech_Actors_01-24/Actor_19/03-01-04-02-01-02-19.wav,03-01-04-02-01-02-19.wav,sad,04,19,male,strong,1,Kids are talking by the door,2,speech,audio_only,48000,3.703708333333333,0.05987548828125,0.005289938300848007,False,False,False,False,False,clean
/Users/devanshbansal/Desktop/ser/dataset/Audio_Speech_Actors_01-24/Actor_19/03-01-04-02-02-01-19.wav,03-01-04-02-02-01-19.wav,sad,04,19,male,strong,2,Dogs are sitting by the door,1,speech,audio_only,48000,3.4034166666666668,0.053680419921875,0.0061638373881578445,False,False,False,False,False,clean
/Users/devanshbansal/Desktop/ser/dataset/Audio_Speech_Actors_01-24/Actor_19/03-01-04-02-02-02-19.wav,03-01-04-02-02-02-19.wav,sad,04,19,male,strong,2,Dogs are sitting by the door,2,speech,audio_only,48000,3.7370833333333335,0.080230712890625,0.009464363567531109,False,False,False,False,False,clean
/Users/devanshbansal/Desktop/ser/dataset/Audio_Speech_Actors_01-24/Actor_19/03-01-05-01-01-01-19.wav,03-01-05-01-01-01-19.wav,angry,05,19,male,normal,1,Kids are talking by the door,1,speech,audio_only,48000,3.7704375,0.200347900390625,0.01712680235505104,False,False,False,False,False,clean
/Users/devanshbansal/Desktop/ser/dataset/Audio_Speech_Actors_01-24/Actor_19/03-01-05-01-01-02-19.wav,03-01-05-01-01-02-19.wav,angry,05,19,male,normal,1,Kids are talking by the door,2,speech,audio_only,48000,3.703708333333333,0.242523193359375,0.014371189288794994,False,False,False,False,False,clean
/Users/devanshbansal/Desktop/ser/dataset/Audio_Speech_Actors_01-24/Actor_19/03-01-05-01-02-01-19.wav,03-01-05-01-02-01-19.wav,angry,05,19,male,normal,2,Dogs are sitting by the door,1,speech,audio_only,48000,3.3033125,0.183929443359375,0.010867183096706867,False,False,False,False,False,clean
/Users/devanshbansal/Desktop/ser/dataset/Audio_Speech_Actors_01-24/Actor_19/03-01-05-01-02-02-19.wav,03-01-05-01-02-02-19.wav,angry,05,19,male,normal,2,Dogs are sitting by the door,2,speech,audio_only,48000,3.5702291666666666,0.162811279296875,0.016104498878121376,False,False,False,False,False,clean
/Users/devanshbansal/Desktop/ser/dataset/Audio_Speech_Actors_01-24/Actor_19/03-01-05-02-01-01-19.wav,03-01-05-02-01-01-19.wav,angry,05,19,male,strong,1,Kids are talking by the door,1,speech,audio_only,48000,3.970645833333333,0.975555419921875,0.06664146482944489,False,False,False,False,False,clean
/Users/devanshbansal/Desktop/ser/dataset/Audio_Speech_Actors_01-24/Actor_19/03-01-05-02-01-02-19.wav,03-01-05-02-01-02-19.wav,angry,05,19,male,strong,1,Kids are talking by the door,2,speech,audio_only,48000,4.804791666666667,0.86285400390625,0.10413388907909393,False,False,False,False,False,clean
/Users/devanshbansal/Desktop/ser/dataset/Audio_Speech_Actors_01-24/Actor_19/03-01-05-02-02-01-19.wav,03-01-05-02-02-01-19.wav,angry,05,19,male,strong,2,Dogs are sitting by the door,1,speech,audio_only,48000,4.337666666666666,0.998809814453125,0.1401095688343048,False,False,True,False,False,clipped
/Users/devanshbansal/Desktop/ser/dataset/Audio_Speech_Actors_01-24/Actor_19/03-01-05-02-02-02-19.wav,03-01-05-02-02-02-19.wav,angry,05,19,male,strong,2,Dogs are sitting by the door,2,speech,audio_only,48000,4.104104166666667,0.807159423828125,0.06502536684274673,False,False,False,False,False,clean
/Users/devanshbansal/Desktop/ser/dataset/Audio_Speech_Actors_01-24/Actor_19/03-01-06-01-01-01-19.wav,03-01-06-01-01-01-19.wav,fearful,06,19,male,normal,1,Kids are talking by the door,1,speech,audio_only,48000,3.7036875,0.06451416015625,0.0072116488590836525,False,False,False,False,False,clean
/Users/devanshbansal/Desktop/ser/dataset/Audio_Speech_Actors_01-24/Actor_19/03-01-06-01-01-02-19.wav,03-01-06-01-01-02-19.wav,fearful,06,19,male,normal,1,Kids are talking by the door,2,speech,audio_only,48000,3.5035,0.050872802734375,0.005575182382017374,False,False,False,False,False,clean
/Users/devanshbansal/Desktop/ser/dataset/Audio_Speech_Actors_01-24/Actor_19/03-01-06-01-02-01-19.wav,03-01-06-01-02-01-19.wav,fearful,06,19,male,normal,2,Dogs are sitting by the door,1,speech,audio_only,48000,3.7704375,0.06298828125,0.006424350664019585,False,False,False,False,False,clean
/Users/devanshbansal/Desktop/ser/dataset/Audio_Speech_Actors_01-24/Actor_19/03-01-06-01-02-02-19.wav,03-01-06-01-02-02-19.wav,fearful,06,19,male,normal,2,Dogs are sitting by the door,2,speech,audio_only,48000,3.536875,0.05755615234375,0.006210532505065203,False,False,False,False,False,clean
/Users/devanshbansal/Desktop/ser/dataset/Audio_Speech_Actors_01-24/Actor_19/03-01-06-02-01-01-19.wav,03-01-06-02-01-01-19.wav,fearful,06,19,male,strong,1,Kids are talking by the door,1,speech,audio_only,48000,3.8371666666666666,0.19891357421875,0.02242109552025795,False,False,False,False,False,clean
/Users/devanshbansal/Desktop/ser/dataset/Audio_Speech_Actors_01-24/Actor_19/03-01-06-02-01-02-19.wav,03-01-06-02-01-02-19.wav,fearful,06,19,male,strong,1,Kids are talking by the door,2,speech,audio_only,48000,4.371020833333334,0.458465576171875,0.05369482934474945,False,False,False,False,False,clean
/Users/devanshbansal/Desktop/ser/dataset/Audio_Speech_Actors_01-24/Actor_19/03-01-06-02-02-01-19.wav,03-01-06-02-02-01-19.wav,fearful,06,19,male,strong,2,Dogs are sitting by the door,1,speech,audio_only,48000,3.5702291666666666,0.5367431640625,0.0382399819791317,False,False,False,False,False,clean
/Users/devanshbansal/Desktop/ser/dataset/Audio_Speech_Actors_01-24/Actor_19/03-01-06-02-02-02-19.wav,03-01-06-02-02-02-19.wav,fearful,06,19,male,strong,2,Dogs are sitting by the door,2,speech,audio_only,48000,4.037354166666667,0.4300537109375,0.0444105863571167,False,False,False,False,False,clean
/Users/devanshbansal/Desktop/ser/dataset/Audio_Speech_Actors_01-24/Actor_19/03-01-07-01-01-01-19.wav,03-01-07-01-01-01-19.wav,disgust,07,19,male,normal,1,Kids are talking by the door,1,speech,audio_only,48000,4.3043125,0.1248779296875,0.006274936720728874,False,False,False,False,False,clean
/Users/devanshbansal/Desktop/ser/dataset/Audio_Speech_Actors_01-24/Actor_19/03-01-07-01-01-02-19.wav,03-01-07-01-01-02-19.wav,disgust,07,19,male,normal,1,Kids are talking by the door,2,speech,audio_only,48000,4.838166666666667,0.05328369140625,0.004844524431973696,False,False,False,False,False,clean
/Users/devanshbansal/Desktop/ser/dataset/Audio_Speech_Actors_01-24/Actor_19/03-01-07-01-02-01-19.wav,03-01-07-01-02-01-19.wav,disgust,07,19,male,normal,2,Dogs are sitting by the door,1,speech,audio_only,48000,4.170833333333333,0.07342529296875,0.005530525464564562,False,False,False,False,False,clean
/Users/devanshbansal/Desktop/ser/dataset/Audio_Speech_Actors_01-24/Actor_19/03-01-07-01-02-02-19.wav,03-01-07-01-02-02-19.wav,disgust,07,19,male,normal,2,Dogs are sitting by the door,2,speech,audio_only,48000,3.9372708333333333,0.084625244140625,0.007819650694727898,False,False,False,False,False,clean
/Users/devanshbansal/Desktop/ser/dataset/Audio_Speech_Actors_01-24/Actor_19/03-01-07-02-01-01-19.wav,03-01-07-02-01-01-19.wav,disgust,07,19,male,strong,1,Kids are talking by the door,1,speech,audio_only,48000,4.8048125,0.110443115234375,0.01320595946162939,False,False,False,False,False,clean
/Users/devanshbansal/Desktop/ser/dataset/Audio_Speech_Actors_01-24/Actor_19/03-01-07-02-01-02-19.wav,03-01-07-02-01-02-19.wav,disgust,07,19,male,strong,1,Kids are talking by the door,2,speech,audio_only,48000,5.2719375,0.2388916015625,0.01877017877995968,False,False,False,False,False,clean
/Users/devanshbansal/Desktop/ser/dataset/Audio_Speech_Actors_01-24/Actor_19/03-01-07-02-02-01-19.wav,03-01-07-02-02-01-19.wav,disgust,07,19,male,strong,2,Dogs are sitting by the door,1,speech,audio_only,48000,4.904895833333334,0.35595703125,0.03570611774921417,False,False,False,False,False,clean
/Users/devanshbansal/Desktop/ser/dataset/Audio_Speech_Actors_01-24/Actor_19/03-01-07-02-02-02-19.wav,03-01-07-02-02-02-19.wav,disgust,07,19,male,strong,2,Dogs are sitting by the door,2,speech,audio_only,48000,4.938270833333333,0.271331787109375,0.029129909351468086,False,False,False,False,False,clean
/Users/devanshbansal/Desktop/ser/dataset/Audio_Speech_Actors_01-24/Actor_19/03-01-08-01-01-01-19.wav,03-01-08-01-01-01-19.wav,surprised,08,19,male,normal,1,Kids are talking by the door,1,speech,audio_only,48000,3.7370625,0.05755615234375,0.005182305350899696,False,False,False,False,False,clean
/Users/devanshbansal/Desktop/ser/dataset/Audio_Speech_Actors_01-24/Actor_19/03-01-08-01-01-02-19.wav,03-01-08-01-01-02-19.wav,surprised,08,19,male,normal,1,Kids are talking by the door,2,speech,audio_only,48000,3.5368541666666666,0.042816162109375,0.004912452306598425,False,False,False,False,False,clean
/Users/devanshbansal/Desktop/ser/dataset/Audio_Speech_Actors_01-24/Actor_19/03-01-08-01-02-01-19.wav,03-01-08-01-02-01-19.wav,surprised,08,19,male,normal,2,Dogs are sitting by the door,1,speech,audio_only,48000,4.1040833333333335,0.0391845703125,0.0041838944889605045,False,False,False,False,False,clean
/Users/devanshbansal/Desktop/ser/dataset/Audio_Speech_Actors_01-24/Actor_19/03-01-08-01-02-02-19.wav,03-01-08-01-02-02-19.wav,surprised,08,19,male,normal,2,Dogs are sitting by the door,2,speech,audio_only,48000,3.06975,0.029815673828125,0.003041998716071248,False,False,False,False,False,clean
/Users/devanshbansal/Desktop/ser/dataset/Audio_Speech_Actors_01-24/Actor_19/03-01-08-02-01-01-19.wav,03-01-08-02-01-01-19.wav,surprised,08,19,male,strong,1,Kids are talking by the door,1,speech,audio_only,48000,4.104104166666667,0.11358642578125,0.010427162051200867,False,False,False,False,False,clean
/Users/devanshbansal/Desktop/ser/dataset/Audio_Speech_Actors_01-24/Actor_19/03-01-08-02-01-02-19.wav,03-01-08-02-01-02-19.wav,surprised,08,19,male,strong,1,Kids are talking by the door,2,speech,audio_only,48000,4.637979166666667,0.11944580078125,0.010810243897140026,False,False,False,False,False,clean
/Users/devanshbansal/Desktop/ser/dataset/Audio_Speech_Actors_01-24/Actor_19/03-01-08-02-02-01-19.wav,03-01-08-02-02-01-19.wav,surprised,08,19,male,strong,2,Dogs are sitting by the door,1,speech,audio_only,48000,3.2365833333333334,0.124420166015625,0.009144102223217487,False,False,False,False,False,clean
/Users/devanshbansal/Desktop/ser/dataset/Audio_Speech_Actors_01-24/Actor_19/03-01-08-02-02-02-19.wav,03-01-08-02-02-02-19.wav,surprised,08,19,male,strong,2,Dogs are sitting by the door,2,speech,audio_only,48000,3.2699375,0.052093505859375,0.0052549089305102825,False,False,False,False,False,clean
/Users/devanshbansal/Desktop/ser/dataset/Audio_Speech_Actors_01-24/Actor_20/03-01-01-01-01-01-20.wav,03-01-01-01-01-01-20.wav,calm,01,20,female,normal,1,Kids are talking by the door,1,speech,audio_only,48000,3.470125,0.0208740234375,0.0026466045528650284,False,False,False,False,False,clean
/Users/devanshbansal/Desktop/ser/dataset/Audio_Speech_Actors_01-24/Actor_20/03-01-01-01-01-02-20.wav,03-01-01-01-01-02-20.wav,calm,01,20,female,normal,1,Kids are talking by the door,2,speech,audio_only,48000,3.5702291666666666,0.032745361328125,0.0035309349186718464,False,False,False,False,False,clean
/Users/devanshbansal/Desktop/ser/dataset/Audio_Speech_Actors_01-24/Actor_20/03-01-01-01-02-01-20.wav,03-01-01-01-02-01-20.wav,calm,01,20,female,normal,2,Dogs are sitting by the door,1,speech,audio_only,48000,3.4367708333333336,0.035308837890625,0.0032529637683182955,False,False,False,False,False,clean
/Users/devanshbansal/Desktop/ser/dataset/Audio_Speech_Actors_01-24/Actor_20/03-01-01-01-02-02-20.wav,03-01-01-01-02-02-20.wav,calm,01,20,female,normal,2,Dogs are sitting by the door,2,speech,audio_only,48000,3.536875,0.04010009765625,0.0035480065271258354,False,False,False,False,False,clean
/Users/devanshbansal/Desktop/ser/dataset/Audio_Speech_Actors_01-24/Actor_20/03-01-02-01-01-01-20.wav,03-01-02-01-01-01-20.wav,calm,02,20,female,normal,1,Kids are talking by the door,1,speech,audio_only,48000,3.6369583333333333,0.010284423828125,0.001319028320722282,False,False,False,False,False,clean
/Users/devanshbansal/Desktop/ser/dataset/Audio_Speech_Actors_01-24/Actor_20/03-01-02-01-01-02-20.wav,03-01-02-01-01-02-20.wav,calm,02,20,female,normal,1,Kids are talking by the door,2,speech,audio_only,48000,3.5702291666666666,0.0118408203125,0.0012513113906607032,False,False,False,False,False,clean
/Users/devanshbansal/Desktop/ser/dataset/Audio_Speech_Actors_01-24/Actor_20/03-01-02-01-02-01-20.wav,03-01-02-01-02-01-20.wav,calm,02,20,female,normal,2,Dogs are sitting by the door,1,speech,audio_only,48000,3.3366666666666664,0.00909423828125,0.000985079095698893,False,True,False,False,False,silent
/Users/devanshbansal/Desktop/ser/dataset/Audio_Speech_Actors_01-24/Actor_20/03-01-02-01-02-02-20.wav,03-01-02-01-02-02-20.wav,calm,02,20,female,normal,2,Dogs are sitting by the door,2,speech,audio_only,48000,3.5035,0.01080322265625,0.0013515590690076351,False,False,False,False,False,clean
/Users/devanshbansal/Desktop/ser/dataset/Audio_Speech_Actors_01-24/Actor_20/03-01-02-02-01-01-20.wav,03-01-02-02-01-01-20.wav,calm,02,20,female,strong,1,Kids are talking by the door,1,speech,audio_only,48000,3.8705416666666665,0.0068359375,0.0009058021241798997,False,True,False,False,False,silent
/Users/devanshbansal/Desktop/ser/dataset/Audio_Speech_Actors_01-24/Actor_20/03-01-02-02-01-02-20.wav,03-01-02-02-01-02-20.wav,calm,02,20,female,strong,1,Kids are talking by the door,2,speech,audio_only,48000,4.07075,0.007720947265625,0.0008005303679965436,False,True,False,False,False,silent
/Users/devanshbansal/Desktop/ser/dataset/Audio_Speech_Actors_01-24/Actor_20/03-01-02-02-02-01-20.wav,03-01-02-02-02-01-20.wav,calm,02,20,female,strong,2,Dogs are sitting by the door,1,speech,audio_only,48000,3.6369583333333333,0.008270263671875,0.0009463384049013257,False,True,False,False,False,silent
/Users/devanshbansal/Desktop/ser/dataset/Audio_Speech_Actors_01-24/Actor_20/03-01-02-02-02-02-20.wav,03-01-02-02-02-02-20.wav,calm,02,20,female,strong,2,Dogs are sitting by the door,2,speech,audio_only,48000,3.636979166666667,0.006744384765625,0.0007161608664318919,False,True,False,False,False,silent
/Users/devanshbansal/Desktop/ser/dataset/Audio_Speech_Actors_01-24/Actor_20/03-01-03-01-01-01-20.wav,03-01-03-01-01-01-20.wav,happy,03,20,female,normal,1,Kids are talking by the door,1,speech,audio_only,48000,3.536875,0.1932373046875,0.01487115491181612,False,False,False,False,False,clean
/Users/devanshbansal/Desktop/ser/dataset/Audio_Speech_Actors_01-24/Actor_20/03-01-03-01-01-02-20.wav,03-01-03-01-01-02-20.wav,happy,03,20,female,normal,1,Kids are talking by the door,2,speech,audio_only,48000,3.7036875,0.075439453125,0.008188051171600819,False,False,False,False,False,clean
/Users/devanshbansal/Desktop/ser/dataset/Audio_Speech_Actors_01-24/Actor_20/03-01-03-01-02-01-20.wav,03-01-03-01-02-01-20.wav,happy,03,20,female,normal,2,Dogs are sitting by the door,1,speech,audio_only,48000,3.470125,0.0897216796875,0.00794869102537632,False,False,False,False,False,clean
/Users/devanshbansal/Desktop/ser/dataset/Audio_Speech_Actors_01-24/Actor_20/03-01-03-01-02-02-20.wav,03-01-03-01-02-02-20.wav,happy,03,20,female,normal,2,Dogs are sitting by the door,2,speech,audio_only,48000,3.403395833333333,0.054168701171875,0.005883052013814449,False,False,False,False,False,clean
/Users/devanshbansal/Desktop/ser/dataset/Audio_Speech_Actors_01-24/Actor_20/03-01-03-02-01-01-20.wav,03-01-03-02-01-01-20.wav,happy,03,20,female,strong,1,Kids are talking by the door,1,speech,audio_only,48000,3.6703333333333332,0.22265625,0.023047413676977158,False,False,False,False,False,clean
/Users/devanshbansal/Desktop/ser/dataset/Audio_Speech_Actors_01-24/Actor_20/03-01-03-02-01-02-20.wav,03-01-03-02-01-02-20.wav,happy,03,20,female,strong,1,Kids are talking by the door,2,speech,audio_only,48000,4.304291666666667,0.209625244140625,0.02141992188990116,False,False,False,False,False,clean
/Users/devanshbansal/Desktop/ser/dataset/Audio_Speech_Actors_01-24/Actor_20/03-01-03-02-02-01-20.wav,03-01-03-02-02-01-20.wav,happy,03,20,female,strong,2,Dogs are sitting by the door,1,speech,audio_only,48000,3.57025,0.44793701171875,0.03901379182934761,False,False,False,False,False,clean
/Users/devanshbansal/Desktop/ser/dataset/Audio_Speech_Actors_01-24/Actor_20/03-01-03-02-02-02-20.wav,03-01-03-02-02-02-20.wav,happy,03,20,female,strong,2,Dogs are sitting by the door,2,speech,audio_only,48000,3.703708333333333,0.521331787109375,0.0571809783577919,False,False,False,False,False,clean
/Users/devanshbansal/Desktop/ser/dataset/Audio_Speech_Actors_01-24/Actor_20/03-01-04-01-01-01-20.wav,03-01-04-01-01-01-20.wav,sad,04,20,female,normal,1,Kids are talking by the door,1,speech,audio_only,48000,3.6035833333333334,0.013702392578125,0.00127112353220582,False,False,False,False,False,clean
/Users/devanshbansal/Desktop/ser/dataset/Audio_Speech_Actors_01-24/Actor_20/03-01-04-01-01-02-20.wav,03-01-04-01-01-02-20.wav,sad,04,20,female,normal,1,Kids are talking by the door,2,speech,audio_only,48000,3.5035,0.006195068359375,0.000692040950525552,False,True,False,False,False,silent
/Users/devanshbansal/Desktop/ser/dataset/Audio_Speech_Actors_01-24/Actor_20/03-01-04-01-02-01-20.wav,03-01-04-01-02-01-20.wav,sad,04,20,female,normal,2,Dogs are sitting by the door,1,speech,audio_only,48000,3.470125,0.00927734375,0.0010188139276579022,False,True,False,False,False,silent
/Users/devanshbansal/Desktop/ser/dataset/Audio_Speech_Actors_01-24/Actor_20/03-01-04-01-02-02-20.wav,03-01-04-01-02-02-20.wav,sad,04,20,female,normal,2,Dogs are sitting by the door,2,speech,audio_only,48000,3.370041666666667,0.0093994140625,0.000957927608396858,False,True,False,False,False,silent
/Users/devanshbansal/Desktop/ser/dataset/Audio_Speech_Actors_01-24/Actor_20/03-01-04-02-01-01-20.wav,03-01-04-02-01-01-20.wav,sad,04,20,female,strong,1,Kids are talking by the door,1,speech,audio_only,48000,3.7704375,0.047332763671875,0.004930939059704542,False,False,False,False,False,clean
/Users/devanshbansal/Desktop/ser/dataset/Audio_Speech_Actors_01-24/Actor_20/03-01-04-02-01-02-20.wav,03-01-04-02-01-02-20.wav,sad,04,20,female,strong,1,Kids are talking by the door,2,speech,audio_only,48000,4.2375625,0.247711181640625,0.024458734318614006,False,False,False,False,False,clean
/Users/devanshbansal/Desktop/ser/dataset/Audio_Speech_Actors_01-24/Actor_20/03-01-04-02-02-01-20.wav,03-01-04-02-02-01-20.wav,sad,04,20,female,strong,2,Dogs are sitting by the door,1,speech,audio_only,48000,3.8038125,0.026885986328125,0.003744264366105199,False,False,False,False,False,clean
/Users/devanshbansal/Desktop/ser/dataset/Audio_Speech_Actors_01-24/Actor_20/03-01-04-02-02-02-20.wav,03-01-04-02-02-02-20.wav,sad,04,20,female,strong,2,Dogs are sitting by the door,2,speech,audio_only,48000,3.970625,0.2391357421875,0.02156461961567402,False,False,False,False,False,clean
/Users/devanshbansal/Desktop/ser/dataset/Audio_Speech_Actors_01-24/Actor_20/03-01-05-01-01-01-20.wav,03-01-05-01-01-01-20.wav,angry,05,20,female,normal,1,Kids are talking by the door,1,speech,audio_only,48000,3.2365833333333334,0.034332275390625,0.0032498238142579794,False,False,False,False,False,clean
/Users/devanshbansal/Desktop/ser/dataset/Audio_Speech_Actors_01-24/Actor_20/03-01-05-01-01-02-20.wav,03-01-05-01-01-02-20.wav,angry,05,20,female,normal,1,Kids are talking by the door,2,speech,audio_only,48000,3.7370625,0.136993408203125,0.01239734049886465,False,False,False,False,False,clean
/Users/devanshbansal/Desktop/ser/dataset/Audio_Speech_Actors_01-24/Actor_20/03-01-05-01-02-01-20.wav,03-01-05-01-02-01-20.wav,angry,05,20,female,normal,2,Dogs are sitting by the door,1,speech,audio_only,48000,3.6703333333333332,0.069427490234375,0.007024828810244799,False,False,False,False,False,clean
/Users/devanshbansal/Desktop/ser/dataset/Audio_Speech_Actors_01-24/Actor_20/03-01-05-01-02-02-20.wav,03-01-05-01-02-02-20.wav,angry,05,20,female,normal,2,Dogs are sitting by the door,2,speech,audio_only,48000,3.8037916666666667,0.18524169921875,0.016317300498485565,False,False,False,False,False,clean
/Users/devanshbansal/Desktop/ser/dataset/Audio_Speech_Actors_01-24/Actor_20/03-01-05-02-01-01-20.wav,03-01-05-02-01-01-20.wav,angry,05,20,female,strong,1,Kids are talking by the door,1,speech,audio_only,48000,4.137479166666667,0.488006591796875,0.034096647053956985,False,False,False,False,False,clean
/Users/devanshbansal/Desktop/ser/dataset/Audio_Speech_Actors_01-24/Actor_20/03-01-05-02-01-02-20.wav,03-01-05-02-01-02-20.wav,angry,05,20,female,strong,1,Kids are talking by the door,2,speech,audio_only,48000,4.070729166666666,0.9849853515625,0.10283095389604568,False,False,False,False,False,clean
/Users/devanshbansal/Desktop/ser/dataset/Audio_Speech_Actors_01-24/Actor_20/03-01-05-02-02-01-20.wav,03-01-05-02-02-01-20.wav,angry,05,20,female,strong,2,Dogs are sitting by the door,1,speech,audio_only,48000,4.404416666666667,0.998809814453125,0.1193038746714592,False,False,True,False,False,clipped
/Users/devanshbansal/Desktop/ser/dataset/Audio_Speech_Actors_01-24/Actor_20/03-01-05-02-02-02-20.wav,03-01-05-02-02-02-20.wav,angry,05,20,female,strong,2,Dogs are sitting by the door,2,speech,audio_only,48000,3.5368541666666666,0.351959228515625,0.031453732401132584,False,False,False,False,False,clean
/Users/devanshbansal/Desktop/ser/dataset/Audio_Speech_Actors_01-24/Actor_20/03-01-06-01-01-01-20.wav,03-01-06-01-01-01-20.wav,fearful,06,20,female,normal,1,Kids are talking by the door,1,speech,audio_only,48000,3.8038125,0.02789306640625,0.0032315815333276987,False,False,False,False,False,clean
/Users/devanshbansal/Desktop/ser/dataset/Audio_Speech_Actors_01-24/Actor_20/03-01-06-01-01-02-20.wav,03-01-06-01-01-02-20.wav,fearful,06,20,female,normal,1,Kids are talking by the door,2,speech,audio_only,48000,4.371020833333334,0.03131103515625,0.0037099814508110285,False,False,False,False,False,clean
/Users/devanshbansal/Desktop/ser/dataset/Audio_Speech_Actors_01-24/Actor_20/03-01-06-01-02-01-20.wav,03-01-06-01-02-01-20.wav,fearful,06,20,female,normal,2,Dogs are sitting by the door,1,speech,audio_only,48000,3.9372708333333333,0.029388427734375,0.002567968098446727,False,False,False,False,False,clean
/Users/devanshbansal/Desktop/ser/dataset/Audio_Speech_Actors_01-24/Actor_20/03-01-06-01-02-02-20.wav,03-01-06-01-02-02-20.wav,fearful,06,20,female,normal,2,Dogs are sitting by the door,2,speech,audio_only,48000,3.3032916666666665,0.0128173828125,0.0017348563997074962,False,False,False,False,False,clean
/Users/devanshbansal/Desktop/ser/dataset/Audio_Speech_Actors_01-24/Actor_20/03-01-06-02-01-01-20.wav,03-01-06-02-01-01-20.wav,fearful,06,20,female,strong,1,Kids are talking by the door,1,speech,audio_only,48000,4.2375625,0.806884765625,0.09063403308391571,False,False,False,False,False,clean
/Users/devanshbansal/Desktop/ser/dataset/Audio_Speech_Actors_01-24/Actor_20/03-01-06-02-01-02-20.wav,03-01-06-02-01-02-20.wav,fearful,06,20,female,strong,1,Kids are talking by the door,2,speech,audio_only,48000,4.170833333333333,0.760986328125,0.08937419950962067,False,False,False,False,False,clean
/Users/devanshbansal/Desktop/ser/dataset/Audio_Speech_Actors_01-24/Actor_20/03-01-06-02-02-01-20.wav,03-01-06-02-02-01-20.wav,fearful,06,20,female,strong,2,Dogs are sitting by the door,1,speech,audio_only,48000,3.8705416666666665,0.982879638671875,0.12083975225687027,False,False,False,False,False,clean
/Users/devanshbansal/Desktop/ser/dataset/Audio_Speech_Actors_01-24/Actor_20/03-01-06-02-02-02-20.wav,03-01-06-02-02-02-20.wav,fearful,06,20,female,strong,2,Dogs are sitting by the door,2,speech,audio_only,48000,3.9039166666666665,0.987640380859375,0.12580496072769165,False,False,False,False,False,clean
/Users/devanshbansal/Desktop/ser/dataset/Audio_Speech_Actors_01-24/Actor_20/03-01-07-01-01-01-20.wav,03-01-07-01-01-01-20.wav,disgust,07,20,female,normal,1,Kids are talking by the door,1,speech,audio_only,48000,3.8705208333333334,0.062591552734375,0.005728330463171005,False,False,False,False,False,clean
/Users/devanshbansal/Desktop/ser/dataset/Audio_Speech_Actors_01-24/Actor_20/03-01-07-01-01-02-20.wav,03-01-07-01-01-02-20.wav,disgust,07,20,female,normal,1,Kids are talking by the door,2,speech,audio_only,48000,3.7370625,0.026947021484375,0.002699725329875946,False,False,False,False,False,clean
/Users/devanshbansal/Desktop/ser/dataset/Audio_Speech_Actors_01-24/Actor_20/03-01-07-01-02-01-20.wav,03-01-07-01-02-01-20.wav,disgust,07,20,female,normal,2,Dogs are sitting by the door,1,speech,audio_only,48000,3.6369583333333333,0.02825927734375,0.003406057832762599,False,False,False,False,False,clean
/Users/devanshbansal/Desktop/ser/dataset/Audio_Speech_Actors_01-24/Actor_20/03-01-07-01-02-02-20.wav,03-01-07-01-02-02-20.wav,disgust,07,20,female,normal,2,Dogs are sitting by the door,2,speech,audio_only,48000,3.8371666666666666,0.0283203125,0.0034150201827287674,False,False,False,False,False,clean
/Users/devanshbansal/Desktop/ser/dataset/Audio_Speech_Actors_01-24/Actor_20/03-01-07-02-01-01-20.wav,03-01-07-02-01-01-20.wav,disgust,07,20,female,strong,1,Kids are talking by the door,1,speech,audio_only,48000,4.104104166666667,0.07012939453125,0.005746424198150635,False,False,False,False,False,clean
/Users/devanshbansal/Desktop/ser/dataset/Audio_Speech_Actors_01-24/Actor_20/03-01-07-02-01-02-20.wav,03-01-07-02-01-02-20.wav,disgust,07,20,female,strong,1,Kids are talking by the door,2,speech,audio_only,48000,4.1040833333333335,0.146148681640625,0.010828198865056038,False,False,False,False,False,clean
/Users/devanshbansal/Desktop/ser/dataset/Audio_Speech_Actors_01-24/Actor_20/03-01-07-02-02-01-20.wav,03-01-07-02-02-01-20.wav,disgust,07,20,female,strong,2,Dogs are sitting by the door,1,speech,audio_only,48000,4.7380625,0.13677978515625,0.015267563052475452,False,False,False,False,False,clean
/Users/devanshbansal/Desktop/ser/dataset/Audio_Speech_Actors_01-24/Actor_20/03-01-07-02-02-02-20.wav,03-01-07-02-02-02-20.wav,disgust,07,20,female,strong,2,Dogs are sitting by the door,2,speech,audio_only,48000,3.8705208333333334,0.11456298828125,0.012879627756774426,False,False,False,False,False,clean
/Users/devanshbansal/Desktop/ser/dataset/Audio_Speech_Actors_01-24/Actor_20/03-01-08-01-01-01-20.wav,03-01-08-01-01-01-20.wav,surprised,08,20,female,normal,1,Kids are talking by the door,1,speech,audio_only,48000,3.2365833333333334,0.05963134765625,0.006544359494000673,False,False,False,False,False,clean
/Users/devanshbansal/Desktop/ser/dataset/Audio_Speech_Actors_01-24/Actor_20/03-01-08-01-01-02-20.wav,03-01-08-01-01-02-20.wav,surprised,08,20,female,normal,1,Kids are talking by the door,2,speech,audio_only,48000,3.57025,0.121246337890625,0.01094323955476284,False,False,False,False,False,clean
/Users/devanshbansal/Desktop/ser/dataset/Audio_Speech_Actors_01-24/Actor_20/03-01-08-01-02-01-20.wav,03-01-08-01-02-01-20.wav,surprised,08,20,female,normal,2,Dogs are sitting by the door,1,speech,audio_only,48000,3.1364791666666667,0.05908203125,0.004662401974201202,False,False,False,False,False,clean
/Users/devanshbansal/Desktop/ser/dataset/Audio_Speech_Actors_01-24/Actor_20/03-01-08-01-02-02-20.wav,03-01-08-01-02-02-20.wav,surprised,08,20,female,normal,2,Dogs are sitting by the door,2,speech,audio_only,48000,3.2031875,0.049163818359375,0.005700515117496252,False,False,False,False,False,clean
/Users/devanshbansal/Desktop/ser/dataset/Audio_Speech_Actors_01-24/Actor_20/03-01-08-02-01-01-20.wav,03-01-08-02-01-01-20.wav,surprised,08,20,female,strong,1,Kids are talking by the door,1,speech,audio_only,48000,3.7370625,0.2076416015625,0.021433837711811066,False,False,False,False,False,clean
/Users/devanshbansal/Desktop/ser/dataset/Audio_Speech_Actors_01-24/Actor_20/03-01-08-02-01-02-20.wav,03-01-08-02-01-02-20.wav,surprised,08,20,female,strong,1,Kids are talking by the door,2,speech,audio_only,48000,3.2365833333333334,0.067352294921875,0.006248779129236937,False,False,False,False,False,clean
/Users/devanshbansal/Desktop/ser/dataset/Audio_Speech_Actors_01-24/Actor_20/03-01-08-02-02-01-20.wav,03-01-08-02-02-01-20.wav,surprised,08,20,female,strong,2,Dogs are sitting by the door,1,speech,audio_only,48000,3.5368541666666666,0.16021728515625,0.01680454984307289,False,False,False,False,False,clean
/Users/devanshbansal/Desktop/ser/dataset/Audio_Speech_Actors_01-24/Actor_20/03-01-08-02-02-02-20.wav,03-01-08-02-02-02-20.wav,surprised,08,20,female,strong,2,Dogs are sitting by the door,2,speech,audio_only,48000,3.4367708333333336,0.083831787109375,0.009803632274270058,False,False,False,False,False,clean
/Users/devanshbansal/Desktop/ser/dataset/Audio_Speech_Actors_01-24/Actor_21/03-01-01-01-01-01-21.wav,03-01-01-01-01-01-21.wav,calm,01,21,male,normal,1,Kids are talking by the door,1,speech,audio_only,48000,3.8371666666666666,0.11773681640625,0.010085179470479488,False,False,False,False,False,clean
/Users/devanshbansal/Desktop/ser/dataset/Audio_Speech_Actors_01-24/Actor_21/03-01-01-01-01-02-21.wav,03-01-01-01-01-02-21.wav,calm,01,21,male,normal,1,Kids are talking by the door,2,speech,audio_only,48000,3.970625,0.1160888671875,0.009813817217946053,False,False,False,False,False,clean
/Users/devanshbansal/Desktop/ser/dataset/Audio_Speech_Actors_01-24/Actor_21/03-01-01-01-02-01-21.wav,03-01-01-01-02-01-21.wav,calm,01,21,male,normal,2,Dogs are sitting by the door,1,speech,audio_only,48000,3.6036041666666665,0.1324462890625,0.0109030082821846,False,False,False,False,False,clean
/Users/devanshbansal/Desktop/ser/dataset/Audio_Speech_Actors_01-24/Actor_21/03-01-01-01-02-02-21.wav,03-01-01-01-02-02-21.wav,calm,01,21,male,normal,2,Dogs are sitting by the door,2,speech,audio_only,48000,3.6703333333333332,0.0958251953125,0.00901094637811184,False,False,False,False,False,clean
/Users/devanshbansal/Desktop/ser/dataset/Audio_Speech_Actors_01-24/Actor_21/03-01-02-01-01-01-21.wav,03-01-02-01-01-01-21.wav,calm,02,21,male,normal,1,Kids are talking by the door,1,speech,audio_only,48000,4.037375,0.07281494140625,0.006329457741230726,False,False,False,False,False,clean
/Users/devanshbansal/Desktop/ser/dataset/Audio_Speech_Actors_01-24/Actor_21/03-01-02-01-01-02-21.wav,03-01-02-01-01-02-21.wav,calm,02,21,male,normal,1,Kids are talking by the door,2,speech,audio_only,48000,4.004,0.07623291015625,0.007482871878892183,False,False,False,False,False,clean
/Users/devanshbansal/Desktop/ser/dataset/Audio_Speech_Actors_01-24/Actor_21/03-01-02-01-02-01-21.wav,03-01-02-01-02-01-21.wav,calm,02,21,male,normal,2,Dogs are sitting by the door,1,speech,audio_only,48000,3.8038125,0.075042724609375,0.007279581855982542,False,False,False,False,False,clean
/Users/devanshbansal/Desktop/ser/dataset/Audio_Speech_Actors_01-24/Actor_21/03-01-02-01-02-02-21.wav,03-01-02-01-02-02-21.wav,calm,02,21,male,normal,2,Dogs are sitting by the door,2,speech,audio_only,48000,4.070729166666666,0.0692138671875,0.006947527639567852,False,False,False,False,False,clean
/Users/devanshbansal/Desktop/ser/dataset/Audio_Speech_Actors_01-24/Actor_21/03-01-02-02-01-01-21.wav,03-01-02-02-01-01-21.wav,calm,02,21,male,strong,1,Kids are talking by the door,1,speech,audio_only,48000,4.004,0.05401611328125,0.006194127257913351,False,False,False,False,False,clean
/Users/devanshbansal/Desktop/ser/dataset/Audio_Speech_Actors_01-24/Actor_21/03-01-02-02-01-02-21.wav,03-01-02-02-01-02-21.wav,calm,02,21,male,strong,1,Kids are talking by the door,2,speech,audio_only,48000,4.170833333333333,0.0640869140625,0.006318468600511551,False,False,False,False,False,clean
/Users/devanshbansal/Desktop/ser/dataset/Audio_Speech_Actors_01-24/Actor_21/03-01-02-02-02-01-21.wav,03-01-02-02-02-01-21.wav,calm,02,21,male,strong,2,Dogs are sitting by the door,1,speech,audio_only,48000,4.137479166666667,0.10809326171875,0.008315733633935452,False,False,False,False,False,clean
/Users/devanshbansal/Desktop/ser/dataset/Audio_Speech_Actors_01-24/Actor_21/03-01-02-02-02-02-21.wav,03-01-02-02-02-02-21.wav,calm,02,21,male,strong,2,Dogs are sitting by the door,2,speech,audio_only,48000,3.970625,0.05340576171875,0.006699115037918091,False,False,False,False,False,clean
/Users/devanshbansal/Desktop/ser/dataset/Audio_Speech_Actors_01-24/Actor_21/03-01-03-01-01-01-21.wav,03-01-03-01-01-01-21.wav,happy,03,21,male,normal,1,Kids are talking by the door,1,speech,audio_only,48000,3.8371666666666666,0.114288330078125,0.01239195466041565,False,False,False,False,False,clean
/Users/devanshbansal/Desktop/ser/dataset/Audio_Speech_Actors_01-24/Actor_21/03-01-03-01-01-02-21.wav,03-01-03-01-01-02-21.wav,happy,03,21,male,normal,1,Kids are talking by the door,2,speech,audio_only,48000,3.8037916666666667,0.195770263671875,0.014019735157489777,False,False,False,False,False,clean
/Users/devanshbansal/Desktop/ser/dataset/Audio_Speech_Actors_01-24/Actor_21/03-01-03-01-02-01-21.wav,03-01-03-01-02-01-21.wav,happy,03,21,male,normal,2,Dogs are sitting by the door,1,speech,audio_only,48000,3.703708333333333,0.2135009765625,0.017249973490834236,False,False,False,False,False,clean
/Users/devanshbansal/Desktop/ser/dataset/Audio_Speech_Actors_01-24/Actor_21/03-01-03-01-02-02-21.wav,03-01-03-01-02-02-21.wav,happy,03,21,male,normal,2,Dogs are sitting by the door,2,speech,audio_only,48000,3.8371666666666666,0.179595947265625,0.014481721445918083,False,False,False,False,False,clean
/Users/devanshbansal/Desktop/ser/dataset/Audio_Speech_Actors_01-24/Actor_21/03-01-03-02-01-01-21.wav,03-01-03-02-01-01-21.wav,happy,03,21,male,strong,1,Kids are talking by the door,1,speech,audio_only,48000,3.8037916666666667,0.285888671875,0.030696919187903404,False,False,False,False,False,clean
/Users/devanshbansal/Desktop/ser/dataset/Audio_Speech_Actors_01-24/Actor_21/03-01-03-02-01-02-21.wav,03-01-03-02-01-02-21.wav,happy,03,21,male,strong,1,Kids are talking by the door,2,speech,audio_only,48000,3.9372708333333333,0.261138916015625,0.028825154528021812,False,False,False,False,False,clean
/Users/devanshbansal/Desktop/ser/dataset/Audio_Speech_Actors_01-24/Actor_21/03-01-03-02-02-01-21.wav,03-01-03-02-02-01-21.wav,happy,03,21,male,strong,2,Dogs are sitting by the door,1,speech,audio_only,48000,3.6703333333333332,0.24005126953125,0.029011305421590805,False,False,False,False,False,clean
/Users/devanshbansal/Desktop/ser/dataset/Audio_Speech_Actors_01-24/Actor_21/03-01-03-02-02-02-21.wav,03-01-03-02-02-02-21.wav,happy,03,21,male,strong,2,Dogs are sitting by the door,2,speech,audio_only,48000,3.8037916666666667,0.276275634765625,0.036047983914613724,False,False,False,False,False,clean
/Users/devanshbansal/Desktop/ser/dataset/Audio_Speech_Actors_01-24/Actor_21/03-01-04-01-01-01-21.wav,03-01-04-01-01-01-21.wav,sad,04,21,male,normal,1,Kids are talking by the door,1,speech,audio_only,48000,4.304291666666667,0.049468994140625,0.004841936286538839,False,False,False,False,False,clean
/Users/devanshbansal/Desktop/ser/dataset/Audio_Speech_Actors_01-24/Actor_21/03-01-04-01-01-02-21.wav,03-01-04-01-01-02-21.wav,sad,04,21,male,normal,1,Kids are talking by the door,2,speech,audio_only,48000,4.604604166666666,0.045806884765625,0.004420347511768341,False,False,False,False,False,clean
/Users/devanshbansal/Desktop/ser/dataset/Audio_Speech_Actors_01-24/Actor_21/03-01-04-01-02-01-21.wav,03-01-04-01-02-01-21.wav,sad,04,21,male,normal,2,Dogs are sitting by the door,1,speech,audio_only,48000,4.07075,0.089996337890625,0.006403529085218906,False,False,False,False,False,clean
/Users/devanshbansal/Desktop/ser/dataset/Audio_Speech_Actors_01-24/Actor_21/03-01-04-01-02-02-21.wav,03-01-04-01-02-02-21.wav,sad,04,21,male,normal,2,Dogs are sitting by the door,2,speech,audio_only,48000,4.2041875,0.060577392578125,0.005951091647148132,False,False,False,False,False,clean
/Users/devanshbansal/Desktop/ser/dataset/Audio_Speech_Actors_01-24/Actor_21/03-01-04-02-01-01-21.wav,03-01-04-02-01-01-21.wav,sad,04,21,male,strong,1,Kids are talking by the door,1,speech,audio_only,48000,4.170833333333333,0.232513427734375,0.021587181836366653,False,False,False,False,False,clean
/Users/devanshbansal/Desktop/ser/dataset/Audio_Speech_Actors_01-24/Actor_21/03-01-04-02-01-02-21.wav,03-01-04-02-01-02-21.wav,sad,04,21,male,strong,1,Kids are talking by the door,2,speech,audio_only,48000,4.2709166666666665,0.238525390625,0.020631425082683563,False,False,False,False,False,clean
/Users/devanshbansal/Desktop/ser/dataset/Audio_Speech_Actors_01-24/Actor_21/03-01-04-02-02-01-21.wav,03-01-04-02-02-01-21.wav,sad,04,21,male,strong,2,Dogs are sitting by the door,1,speech,audio_only,48000,4.2709375,0.143035888671875,0.015669533982872963,False,False,False,False,False,clean
/Users/devanshbansal/Desktop/ser/dataset/Audio_Speech_Actors_01-24/Actor_21/03-01-04-02-02-02-21.wav,03-01-04-02-02-02-21.wav,sad,04,21,male,strong,2,Dogs are sitting by the door,2,speech,audio_only,48000,4.137479166666667,0.175689697265625,0.0152964536100626,False,False,False,False,False,clean
/Users/devanshbansal/Desktop/ser/dataset/Audio_Speech_Actors_01-24/Actor_21/03-01-05-01-01-01-21.wav,03-01-05-01-01-01-21.wav,angry,05,21,male,normal,1,Kids are talking by the door,1,speech,audio_only,48000,4.137479166666667,0.709564208984375,0.04769974201917648,False,False,False,False,False,clean
/Users/devanshbansal/Desktop/ser/dataset/Audio_Speech_Actors_01-24/Actor_21/03-01-05-01-01-02-21.wav,03-01-05-01-01-02-21.wav,angry,05,21,male,normal,1,Kids are talking by the door,2,speech,audio_only,48000,4.004,0.496307373046875,0.04421623423695564,False,False,False,False,False,clean
/Users/devanshbansal/Desktop/ser/dataset/Audio_Speech_Actors_01-24/Actor_21/03-01-05-01-02-01-21.wav,03-01-05-01-02-01-21.wav,angry,05,21,male,normal,2,Dogs are sitting by the door,1,speech,audio_only,48000,4.070729166666666,0.67730712890625,0.05963994190096855,False,False,False,False,False,clean
/Users/devanshbansal/Desktop/ser/dataset/Audio_Speech_Actors_01-24/Actor_21/03-01-05-01-02-02-21.wav,03-01-05-01-02-02-21.wav,angry,05,21,male,normal,2,Dogs are sitting by the door,2,speech,audio_only,48000,3.9372708333333333,0.697113037109375,0.054105956107378006,False,False,False,False,False,clean
/Users/devanshbansal/Desktop/ser/dataset/Audio_Speech_Actors_01-24/Actor_21/03-01-05-02-01-01-21.wav,03-01-05-02-01-01-21.wav,angry,05,21,male,strong,1,Kids are talking by the door,1,speech,audio_only,48000,4.371041666666667,0.974700927734375,0.10414492338895798,False,False,False,False,False,clean
/Users/devanshbansal/Desktop/ser/dataset/Audio_Speech_Actors_01-24/Actor_21/03-01-05-02-01-02-21.wav,03-01-05-02-01-02-21.wav,angry,05,21,male,strong,1,Kids are talking by the door,2,speech,audio_only,48000,4.471125,0.951568603515625,0.0913856029510498,False,False,False,False,False,clean
/Users/devanshbansal/Desktop/ser/dataset/Audio_Speech_Actors_01-24/Actor_21/03-01-05-02-02-01-21.wav,03-01-05-02-02-01-21.wav,angry,05,21,male,strong,2,Dogs are sitting by the door,1,speech,audio_only,48000,4.1040833333333335,0.682281494140625,0.07957629859447479,False,False,False,False,False,clean
/Users/devanshbansal/Desktop/ser/dataset/Audio_Speech_Actors_01-24/Actor_21/03-01-05-02-02-02-21.wav,03-01-05-02-02-02-21.wav,angry,05,21,male,strong,2,Dogs are sitting by the door,2,speech,audio_only,48000,4.2375625,0.99755859375,0.08881932497024536,False,False,True,False,False,clipped
/Users/devanshbansal/Desktop/ser/dataset/Audio_Speech_Actors_01-24/Actor_21/03-01-06-01-01-01-21.wav,03-01-06-01-01-01-21.wav,fearful,06,21,male,normal,1,Kids are talking by the door,1,speech,audio_only,48000,3.6703333333333332,0.158660888671875,0.012530388310551643,False,False,False,False,False,clean
/Users/devanshbansal/Desktop/ser/dataset/Audio_Speech_Actors_01-24/Actor_21/03-01-06-01-01-02-21.wav,03-01-06-01-01-02-21.wav,fearful,06,21,male,normal,1,Kids are talking by the door,2,speech,audio_only,48000,3.7704166666666667,0.162872314453125,0.012636267580091953,False,False,False,False,False,clean
/Users/devanshbansal/Desktop/ser/dataset/Audio_Speech_Actors_01-24/Actor_21/03-01-06-01-02-01-21.wav,03-01-06-01-02-01-21.wav,fearful,06,21,male,normal,2,Dogs are sitting by the door,1,speech,audio_only,48000,3.970625,0.120819091796875,0.011766789481043816,False,False,False,False,False,clean
/Users/devanshbansal/Desktop/ser/dataset/Audio_Speech_Actors_01-24/Actor_21/03-01-06-01-02-02-21.wav,03-01-06-01-02-02-21.wav,fearful,06,21,male,normal,2,Dogs are sitting by the door,2,speech,audio_only,48000,4.070729166666666,0.1495361328125,0.01356038823723793,False,False,False,False,False,clean
/Users/devanshbansal/Desktop/ser/dataset/Audio_Speech_Actors_01-24/Actor_21/03-01-06-02-01-01-21.wav,03-01-06-02-01-01-21.wav,fearful,06,21,male,strong,1,Kids are talking by the door,1,speech,audio_only,48000,3.970625,0.389373779296875,0.029224636033177376,False,False,False,False,False,clean
/Users/devanshbansal/Desktop/ser/dataset/Audio_Speech_Actors_01-24/Actor_21/03-01-06-02-01-02-21.wav,03-01-06-02-01-02-21.wav,fearful,06,21,male,strong,1,Kids are talking by the door,2,speech,audio_only,48000,3.8371666666666666,0.347930908203125,0.02875690720975399,False,False,False,False,False,clean
/Users/devanshbansal/Desktop/ser/dataset/Audio_Speech_Actors_01-24/Actor_21/03-01-06-02-02-01-21.wav,03-01-06-02-02-01-21.wav,fearful,06,21,male,strong,2,Dogs are sitting by the door,1,speech,audio_only,48000,3.7704375,0.45831298828125,0.030370885506272316,False,False,False,False,False,clean
/Users/devanshbansal/Desktop/ser/dataset/Audio_Speech_Actors_01-24/Actor_21/03-01-06-02-02-02-21.wav,03-01-06-02-02-02-21.wav,fearful,06,21,male,strong,2,Dogs are sitting by the door,2,speech,audio_only,48000,3.6369583333333333,0.266937255859375,0.027424227446317673,False,False,False,False,False,clean
/Users/devanshbansal/Desktop/ser/dataset/Audio_Speech_Actors_01-24/Actor_21/03-01-07-01-01-01-21.wav,03-01-07-01-01-01-21.wav,disgust,07,21,male,normal,1,Kids are talking by the door,1,speech,audio_only,48000,3.8037916666666667,0.18499755859375,0.014460397884249687,False,False,False,False,False,clean
/Users/devanshbansal/Desktop/ser/dataset/Audio_Speech_Actors_01-24/Actor_21/03-01-07-01-01-02-21.wav,03-01-07-01-01-02-21.wav,disgust,07,21,male,normal,1,Kids are talking by the door,2,speech,audio_only,48000,4.07075,0.27734375,0.015279845334589481,False,False,False,False,False,clean
/Users/devanshbansal/Desktop/ser/dataset/Audio_Speech_Actors_01-24/Actor_21/03-01-07-01-02-01-21.wav,03-01-07-01-02-01-21.wav,disgust,07,21,male,normal,2,Dogs are sitting by the door,1,speech,audio_only,48000,3.636979166666667,0.227447509765625,0.014834482222795486,False,False,False,False,False,clean
/Users/devanshbansal/Desktop/ser/dataset/Audio_Speech_Actors_01-24/Actor_21/03-01-07-01-02-02-21.wav,03-01-07-01-02-02-21.wav,disgust,07,21,male,normal,2,Dogs are sitting by the door,2,speech,audio_only,48000,3.6036041666666665,0.22772216796875,0.014541411772370338,False,False,False,False,False,clean
/Users/devanshbansal/Desktop/ser/dataset/Audio_Speech_Actors_01-24/Actor_21/03-01-07-02-01-01-21.wav,03-01-07-02-01-01-21.wav,disgust,07,21,male,strong,1,Kids are talking by the door,1,speech,audio_only,48000,4.070729166666666,0.189361572265625,0.010630088858306408,False,False,False,False,False,clean
/Users/devanshbansal/Desktop/ser/dataset/Audio_Speech_Actors_01-24/Actor_21/03-01-07-02-01-02-21.wav,03-01-07-02-01-02-21.wav,disgust,07,21,male,strong,1,Kids are talking by the door,2,speech,audio_only,48000,4.037354166666667,0.189971923828125,0.011781369335949421,False,False,False,False,False,clean
/Users/devanshbansal/Desktop/ser/dataset/Audio_Speech_Actors_01-24/Actor_21/03-01-07-02-02-01-21.wav,03-01-07-02-02-01-21.wav,disgust,07,21,male,strong,2,Dogs are sitting by the door,1,speech,audio_only,48000,4.170833333333333,0.196533203125,0.012224603444337845,False,False,False,False,False,clean
/Users/devanshbansal/Desktop/ser/dataset/Audio_Speech_Actors_01-24/Actor_21/03-01-07-02-02-02-21.wav,03-01-07-02-02-02-21.wav,disgust,07,21,male,strong,2,Dogs are sitting by the door,2,speech,audio_only,48000,3.970625,0.152679443359375,0.011146253906190395,False,False,False,False,False,clean
/Users/devanshbansal/Desktop/ser/dataset/Audio_Speech_Actors_01-24/Actor_21/03-01-08-01-01-01-21.wav,03-01-08-01-01-01-21.wav,surprised,08,21,male,normal,1,Kids are talking by the door,1,speech,audio_only,48000,3.5035,0.20697021484375,0.018669432029128075,False,False,False,False,False,clean
/Users/devanshbansal/Desktop/ser/dataset/Audio_Speech_Actors_01-24/Actor_21/03-01-08-01-01-02-21.wav,03-01-08-01-01-02-21.wav,surprised,08,21,male,normal,1,Kids are talking by the door,2,speech,audio_only,48000,3.470125,0.19110107421875,0.01748078316450119,False,False,False,False,False,clean
/Users/devanshbansal/Desktop/ser/dataset/Audio_Speech_Actors_01-24/Actor_21/03-01-08-01-02-01-21.wav,03-01-08-01-02-01-21.wav,surprised,08,21,male,normal,2,Dogs are sitting by the door,1,speech,audio_only,48000,3.4701458333333335,0.187469482421875,0.01830579899251461,False,False,False,False,False,clean
/Users/devanshbansal/Desktop/ser/dataset/Audio_Speech_Actors_01-24/Actor_21/03-01-08-01-02-02-21.wav,03-01-08-01-02-02-21.wav,surprised,08,21,male,normal,2,Dogs are sitting by the door,2,speech,audio_only,48000,3.5702291666666666,0.236846923828125,0.021909739822149277,False,False,False,False,False,clean
/Users/devanshbansal/Desktop/ser/dataset/Audio_Speech_Actors_01-24/Actor_21/03-01-08-02-01-01-21.wav,03-01-08-02-01-01-21.wav,surprised,08,21,male,strong,1,Kids are talking by the door,1,speech,audio_only,48000,3.6369583333333333,0.230499267578125,0.024697262793779373,False,False,False,False,False,clean
/Users/devanshbansal/Desktop/ser/dataset/Audio_Speech_Actors_01-24/Actor_21/03-01-08-02-01-02-21.wav,03-01-08-02-01-02-21.wav,surprised,08,21,male,strong,1,Kids are talking by the door,2,speech,audio_only,48000,3.636979166666667,0.2733154296875,0.024013422429561615,False,False,False,False,False,clean
/Users/devanshbansal/Desktop/ser/dataset/Audio_Speech_Actors_01-24/Actor_21/03-01-08-02-02-01-21.wav,03-01-08-02-02-01-21.wav,surprised,08,21,male,strong,2,Dogs are sitting by the door,1,speech,audio_only,48000,3.4701458333333335,0.26849365234375,0.022530775517225266,False,False,False,False,False,clean
/Users/devanshbansal/Desktop/ser/dataset/Audio_Speech_Actors_01-24/Actor_21/03-01-08-02-02-02-21.wav,03-01-08-02-02-02-21.wav,surprised,08,21,male,strong,2,Dogs are sitting by the door,2,speech,audio_only,48000,3.536875,0.227264404296875,0.021619809791445732,False,False,False,False,False,clean
/Users/devanshbansal/Desktop/ser/dataset/Audio_Speech_Actors_01-24/Actor_22/03-01-01-01-01-01-22.wav,03-01-01-01-01-01-22.wav,calm,01,22,female,normal,1,Kids are talking by the door,1,speech,audio_only,48000,3.636979166666667,0.03143310546875,0.0035089619923382998,False,False,False,False,False,clean
/Users/devanshbansal/Desktop/ser/dataset/Audio_Speech_Actors_01-24/Actor_22/03-01-01-01-01-02-22.wav,03-01-01-01-01-02-22.wav,calm,01,22,female,normal,1,Kids are talking by the door,2,speech,audio_only,48000,3.4367708333333336,0.05078125,0.00428383145481348,False,False,False,False,False,clean
/Users/devanshbansal/Desktop/ser/dataset/Audio_Speech_Actors_01-24/Actor_22/03-01-01-01-02-01-22.wav,03-01-01-01-02-01-22.wav,calm,01,22,female,normal,2,Dogs are sitting by the door,1,speech,audio_only,48000,3.6035833333333334,0.05023193359375,0.004399040248245001,False,False,False,False,False,clean
/Users/devanshbansal/Desktop/ser/dataset/Audio_Speech_Actors_01-24/Actor_22/03-01-01-01-02-02-22.wav,03-01-01-01-02-02-22.wav,calm,01,22,female,normal,2,Dogs are sitting by the door,2,speech,audio_only,48000,3.5368541666666666,0.04949951171875,0.004145666491240263,False,False,False,False,False,clean
/Users/devanshbansal/Desktop/ser/dataset/Audio_Speech_Actors_01-24/Actor_22/03-01-02-01-01-01-22.wav,03-01-02-01-01-01-22.wav,calm,02,22,female,normal,1,Kids are talking by the door,1,speech,audio_only,48000,3.5368541666666666,0.024444580078125,0.0026302991900593042,False,False,False,False,False,clean
/Users/devanshbansal/Desktop/ser/dataset/Audio_Speech_Actors_01-24/Actor_22/03-01-02-01-01-02-22.wav,03-01-02-01-01-02-22.wav,calm,02,22,female,normal,1,Kids are talking by the door,2,speech,audio_only,48000,3.5702291666666666,0.036651611328125,0.0028794188983738422,False,False,False,False,False,clean
/Users/devanshbansal/Desktop/ser/dataset/Audio_Speech_Actors_01-24/Actor_22/03-01-02-01-02-01-22.wav,03-01-02-01-02-01-22.wav,calm,02,22,female,normal,2,Dogs are sitting by the door,1,speech,audio_only,48000,3.5702291666666666,0.0384521484375,0.003756290301680565,False,False,False,False,False,clean
/Users/devanshbansal/Desktop/ser/dataset/Audio_Speech_Actors_01-24/Actor_22/03-01-02-01-02-02-22.wav,03-01-02-01-02-02-22.wav,calm,02,22,female,normal,2,Dogs are sitting by the door,2,speech,audio_only,48000,3.536875,0.05450439453125,0.0035974597558379173,False,False,False,False,False,clean
/Users/devanshbansal/Desktop/ser/dataset/Audio_Speech_Actors_01-24/Actor_22/03-01-02-02-01-01-22.wav,03-01-02-02-01-01-22.wav,calm,02,22,female,strong,1,Kids are talking by the door,1,speech,audio_only,48000,3.703708333333333,0.027008056640625,0.0025604504626244307,False,False,False,False,False,clean
/Users/devanshbansal/Desktop/ser/dataset/Audio_Speech_Actors_01-24/Actor_22/03-01-02-02-01-02-22.wav,03-01-02-02-01-02-22.wav,calm,02,22,female,strong,1,Kids are talking by the door,2,speech,audio_only,48000,3.8371666666666666,0.0380859375,0.003201922168955207,False,False,False,False,False,clean
/Users/devanshbansal/Desktop/ser/dataset/Audio_Speech_Actors_01-24/Actor_22/03-01-02-02-02-01-22.wav,03-01-02-02-02-01-22.wav,calm,02,22,female,strong,2,Dogs are sitting by the door,1,speech,audio_only,48000,3.6369583333333333,0.024658203125,0.002787256147712469,False,False,False,False,False,clean
/Users/devanshbansal/Desktop/ser/dataset/Audio_Speech_Actors_01-24/Actor_22/03-01-02-02-02-02-22.wav,03-01-02-02-02-02-22.wav,calm,02,22,female,strong,2,Dogs are sitting by the door,2,speech,audio_only,48000,3.7704375,0.02496337890625,0.002778095891699195,False,False,False,False,False,clean
/Users/devanshbansal/Desktop/ser/dataset/Audio_Speech_Actors_01-24/Actor_22/03-01-03-01-01-01-22.wav,03-01-03-01-01-01-22.wav,happy,03,22,female,normal,1,Kids are talking by the door,1,speech,audio_only,48000,3.536875,0.06158447265625,0.006160171702504158,False,False,False,False,False,clean
/Users/devanshbansal/Desktop/ser/dataset/Audio_Speech_Actors_01-24/Actor_22/03-01-03-01-01-02-22.wav,03-01-03-01-01-02-22.wav,happy,03,22,female,normal,1,Kids are talking by the door,2,speech,audio_only,48000,3.4367708333333336,0.0645751953125,0.006264376919716597,False,False,False,False,False,clean
/Users/devanshbansal/Desktop/ser/dataset/Audio_Speech_Actors_01-24/Actor_22/03-01-03-01-02-01-22.wav,03-01-03-01-02-01-22.wav,happy,03,22,female,normal,2,Dogs are sitting by the door,1,speech,audio_only,48000,3.5035,0.067535400390625,0.006688323337584734,False,False,False,False,False,clean
/Users/devanshbansal/Desktop/ser/dataset/Audio_Speech_Actors_01-24/Actor_22/03-01-03-01-02-02-22.wav,03-01-03-01-02-02-22.wav,happy,03,22,female,normal,2,Dogs are sitting by the door,2,speech,audio_only,48000,3.5035,0.082977294921875,0.006903786677867174,False,False,False,False,False,clean
/Users/devanshbansal/Desktop/ser/dataset/Audio_Speech_Actors_01-24/Actor_22/03-01-03-02-01-01-22.wav,03-01-03-02-01-01-22.wav,happy,03,22,female,strong,1,Kids are talking by the door,1,speech,audio_only,48000,3.7370833333333335,0.29107666015625,0.025658011436462402,False,False,False,False,False,clean
/Users/devanshbansal/Desktop/ser/dataset/Audio_Speech_Actors_01-24/Actor_22/03-01-03-02-01-02-22.wav,03-01-03-02-01-02-22.wav,happy,03,22,female,strong,1,Kids are talking by the door,2,speech,audio_only,48000,3.8371666666666666,0.182769775390625,0.022059088572859764,False,False,False,False,False,clean
/Users/devanshbansal/Desktop/ser/dataset/Audio_Speech_Actors_01-24/Actor_22/03-01-03-02-02-01-22.wav,03-01-03-02-02-01-22.wav,happy,03,22,female,strong,2,Dogs are sitting by the door,1,speech,audio_only,48000,3.6703333333333332,0.229095458984375,0.02348337695002556,False,False,False,False,False,clean
/Users/devanshbansal/Desktop/ser/dataset/Audio_Speech_Actors_01-24/Actor_22/03-01-03-02-02-02-22.wav,03-01-03-02-02-02-22.wav,happy,03,22,female,strong,2,Dogs are sitting by the door,2,speech,audio_only,48000,3.9372708333333333,0.161773681640625,0.01976422220468521,False,False,False,False,False,clean
/Users/devanshbansal/Desktop/ser/dataset/Audio_Speech_Actors_01-24/Actor_22/03-01-04-01-01-01-22.wav,03-01-04-01-01-01-22.wav,sad,04,22,female,normal,1,Kids are talking by the door,1,speech,audio_only,48000,3.6036041666666665,0.04754638671875,0.004684066865593195,False,False,False,False,False,clean
/Users/devanshbansal/Desktop/ser/dataset/Audio_Speech_Actors_01-24/Actor_22/03-01-04-01-01-02-22.wav,03-01-04-01-01-02-22.wav,sad,04,22,female,normal,1,Kids are talking by the door,2,speech,audio_only,48000,3.703708333333333,0.0557861328125,0.005600464530289173,False,False,False,False,False,clean
/Users/devanshbansal/Desktop/ser/dataset/Audio_Speech_Actors_01-24/Actor_22/03-01-04-01-02-01-22.wav,03-01-04-01-02-01-22.wav,sad,04,22,female,normal,2,Dogs are sitting by the door,1,speech,audio_only,48000,3.6703333333333332,0.056121826171875,0.005654072854667902,False,False,False,False,False,clean
/Users/devanshbansal/Desktop/ser/dataset/Audio_Speech_Actors_01-24/Actor_22/03-01-04-01-02-02-22.wav,03-01-04-01-02-02-22.wav,sad,04,22,female,normal,2,Dogs are sitting by the door,2,speech,audio_only,48000,3.703708333333333,0.06512451171875,0.00679401122033596,False,False,False,False,False,clean
/Users/devanshbansal/Desktop/ser/dataset/Audio_Speech_Actors_01-24/Actor_22/03-01-04-02-01-01-22.wav,03-01-04-02-01-01-22.wav,sad,04,22,female,strong,1,Kids are talking by the door,1,speech,audio_only,48000,3.7370625,0.056610107421875,0.005939458031207323,False,False,False,False,False,clean
/Users/devanshbansal/Desktop/ser/dataset/Audio_Speech_Actors_01-24/Actor_22/03-01-04-02-01-02-22.wav,03-01-04-02-01-02-22.wav,sad,04,22,female,strong,1,Kids are talking by the door,2,speech,audio_only,48000,3.636979166666667,0.07757568359375,0.007933315820991993,False,False,False,False,False,clean
/Users/devanshbansal/Desktop/ser/dataset/Audio_Speech_Actors_01-24/Actor_22/03-01-04-02-02-01-22.wav,03-01-04-02-02-01-22.wav,sad,04,22,female,strong,2,Dogs are sitting by the door,1,speech,audio_only,48000,3.7370833333333335,0.068206787109375,0.0071242814883589745,False,False,False,False,False,clean
/Users/devanshbansal/Desktop/ser/dataset/Audio_Speech_Actors_01-24/Actor_22/03-01-04-02-02-02-22.wav,03-01-04-02-02-02-22.wav,sad,04,22,female,strong,2,Dogs are sitting by the door,2,speech,audio_only,48000,3.8371666666666666,0.053863525390625,0.007712510414421558,False,False,False,False,False,clean
/Users/devanshbansal/Desktop/ser/dataset/Audio_Speech_Actors_01-24/Actor_22/03-01-05-01-01-01-22.wav,03-01-05-01-01-01-22.wav,angry,05,22,female,normal,1,Kids are talking by the door,1,speech,audio_only,48000,3.703708333333333,0.1036376953125,0.00925475638359785,False,False,False,False,False,clean
/Users/devanshbansal/Desktop/ser/dataset/Audio_Speech_Actors_01-24/Actor_22/03-01-05-01-01-02-22.wav,03-01-05-01-01-02-22.wav,angry,05,22,female,normal,1,Kids are talking by the door,2,speech,audio_only,48000,3.7370625,0.100250244140625,0.0095539391040802,False,False,False,False,False,clean
/Users/devanshbansal/Desktop/ser/dataset/Audio_Speech_Actors_01-24/Actor_22/03-01-05-01-02-01-22.wav,03-01-05-01-02-01-22.wav,angry,05,22,female,normal,2,Dogs are sitting by the door,1,speech,audio_only,48000,3.8705208333333334,0.1268310546875,0.012257173657417297,False,False,False,False,False,clean
/Users/devanshbansal/Desktop/ser/dataset/Audio_Speech_Actors_01-24/Actor_22/03-01-05-01-02-02-22.wav,03-01-05-01-02-02-22.wav,angry,05,22,female,normal,2,Dogs are sitting by the door,2,speech,audio_only,48000,4.037354166666667,0.18963623046875,0.01498465146869421,False,False,False,False,False,clean
/Users/devanshbansal/Desktop/ser/dataset/Audio_Speech_Actors_01-24/Actor_22/03-01-05-02-01-01-22.wav,03-01-05-02-01-01-22.wav,angry,05,22,female,strong,1,Kids are talking by the door,1,speech,audio_only,48000,3.8705416666666665,0.277374267578125,0.032381393015384674,False,False,False,False,False,clean
/Users/devanshbansal/Desktop/ser/dataset/Audio_Speech_Actors_01-24/Actor_22/03-01-05-02-01-02-22.wav,03-01-05-02-01-02-22.wav,angry,05,22,female,strong,1,Kids are talking by the door,2,speech,audio_only,48000,3.9038958333333333,0.339385986328125,0.03241449221968651,False,False,False,False,False,clean
/Users/devanshbansal/Desktop/ser/dataset/Audio_Speech_Actors_01-24/Actor_22/03-01-05-02-02-01-22.wav,03-01-05-02-02-01-22.wav,angry,05,22,female,strong,2,Dogs are sitting by the door,1,speech,audio_only,48000,4.237583333333333,0.5863037109375,0.05517199635505676,False,False,False,False,False,clean
/Users/devanshbansal/Desktop/ser/dataset/Audio_Speech_Actors_01-24/Actor_22/03-01-05-02-02-02-22.wav,03-01-05-02-02-02-22.wav,angry,05,22,female,strong,2,Dogs are sitting by the door,2,speech,audio_only,48000,4.204208333333334,0.463287353515625,0.05134010314941406,False,False,False,False,False,clean
/Users/devanshbansal/Desktop/ser/dataset/Audio_Speech_Actors_01-24/Actor_22/03-01-06-01-01-01-22.wav,03-01-06-01-01-01-22.wav,fearful,06,22,female,normal,1,Kids are talking by the door,1,speech,audio_only,48000,3.57025,0.0882568359375,0.010513349436223507,False,False,False,False,False,clean
/Users/devanshbansal/Desktop/ser/dataset/Audio_Speech_Actors_01-24/Actor_22/03-01-06-01-01-02-22.wav,03-01-06-01-01-02-22.wav,fearful,06,22,female,normal,1,Kids are talking by the door,2,speech,audio_only,48000,3.6036041666666665,0.127838134765625,0.012218647636473179,False,False,False,False,False,clean
/Users/devanshbansal/Desktop/ser/dataset/Audio_Speech_Actors_01-24/Actor_22/03-01-06-01-02-01-22.wav,03-01-06-01-02-01-22.wav,fearful,06,22,female,normal,2,Dogs are sitting by the door,1,speech,audio_only,48000,3.6703333333333332,0.109100341796875,0.011183221824467182,False,False,False,False,False,clean
/Users/devanshbansal/Desktop/ser/dataset/Audio_Speech_Actors_01-24/Actor_22/03-01-06-01-02-02-22.wav,03-01-06-01-02-02-22.wav,fearful,06,22,female,normal,2,Dogs are sitting by the door,2,speech,audio_only,48000,3.536875,0.09356689453125,0.011393951252102852,False,False,False,False,False,clean
/Users/devanshbansal/Desktop/ser/dataset/Audio_Speech_Actors_01-24/Actor_22/03-01-06-02-01-01-22.wav,03-01-06-02-01-01-22.wav,fearful,06,22,female,strong,1,Kids are talking by the door,1,speech,audio_only,48000,3.5702291666666666,0.275970458984375,0.02502700686454773,False,False,False,False,False,clean
/Users/devanshbansal/Desktop/ser/dataset/Audio_Speech_Actors_01-24/Actor_22/03-01-06-02-01-02-22.wav,03-01-06-02-01-02-22.wav,fearful,06,22,female,strong,1,Kids are talking by the door,2,speech,audio_only,48000,3.5702291666666666,0.27294921875,0.024750612676143646,False,False,False,False,False,clean
/Users/devanshbansal/Desktop/ser/dataset/Audio_Speech_Actors_01-24/Actor_22/03-01-06-02-02-01-22.wav,03-01-06-02-02-01-22.wav,fearful,06,22,female,strong,2,Dogs are sitting by the door,1,speech,audio_only,48000,3.6703333333333332,0.2308349609375,0.028473446145653725,False,False,False,False,False,clean
/Users/devanshbansal/Desktop/ser/dataset/Audio_Speech_Actors_01-24/Actor_22/03-01-06-02-02-02-22.wav,03-01-06-02-02-02-22.wav,fearful,06,22,female,strong,2,Dogs are sitting by the door,2,speech,audio_only,48000,3.6036041666666665,0.365203857421875,0.032085567712783813,False,False,False,False,False,clean
/Users/devanshbansal/Desktop/ser/dataset/Audio_Speech_Actors_01-24/Actor_22/03-01-07-01-01-01-22.wav,03-01-07-01-01-01-22.wav,disgust,07,22,female,normal,1,Kids are talking by the door,1,speech,audio_only,48000,3.7036875,0.114349365234375,0.008339498192071915,False,False,False,False,False,clean
/Users/devanshbansal/Desktop/ser/dataset/Audio_Speech_Actors_01-24/Actor_22/03-01-07-01-01-02-22.wav,03-01-07-01-01-02-22.wav,disgust,07,22,female,normal,1,Kids are talking by the door,2,speech,audio_only,48000,3.9038958333333333,0.09161376953125,0.007293574046343565,False,False,False,False,False,clean
/Users/devanshbansal/Desktop/ser/dataset/Audio_Speech_Actors_01-24/Actor_22/03-01-07-01-02-01-22.wav,03-01-07-01-02-01-22.wav,disgust,07,22,female,normal,2,Dogs are sitting by the door,1,speech,audio_only,48000,3.8037916666666667,0.100921630859375,0.008534744381904602,False,False,False,False,False,clean
/Users/devanshbansal/Desktop/ser/dataset/Audio_Speech_Actors_01-24/Actor_22/03-01-07-01-02-02-22.wav,03-01-07-01-02-02-22.wav,disgust,07,22,female,normal,2,Dogs are sitting by the door,2,speech,audio_only,48000,3.8371666666666666,0.1248779296875,0.009700744412839413,False,False,False,False,False,clean
/Users/devanshbansal/Desktop/ser/dataset/Audio_Speech_Actors_01-24/Actor_22/03-01-07-02-01-01-22.wav,03-01-07-02-01-01-22.wav,disgust,07,22,female,strong,1,Kids are talking by the door,1,speech,audio_only,48000,4.2375625,0.12738037109375,0.01075904443860054,False,False,False,False,False,clean
/Users/devanshbansal/Desktop/ser/dataset/Audio_Speech_Actors_01-24/Actor_22/03-01-07-02-01-02-22.wav,03-01-07-02-01-02-22.wav,disgust,07,22,female,strong,1,Kids are talking by the door,2,speech,audio_only,48000,4.170833333333333,0.143829345703125,0.012586225755512714,False,False,False,False,False,clean
/Users/devanshbansal/Desktop/ser/dataset/Audio_Speech_Actors_01-24/Actor_22/03-01-07-02-02-01-22.wav,03-01-07-02-02-01-22.wav,disgust,07,22,female,strong,2,Dogs are sitting by the door,1,speech,audio_only,48000,4.204208333333334,0.102020263671875,0.012442314065992832,False,False,False,False,False,clean
/Users/devanshbansal/Desktop/ser/dataset/Audio_Speech_Actors_01-24/Actor_22/03-01-07-02-02-02-22.wav,03-01-07-02-02-02-22.wav,disgust,07,22,female,strong,2,Dogs are sitting by the door,2,speech,audio_only,48000,4.1040833333333335,0.125732421875,0.014650293625891209,False,False,False,False,False,clean
/Users/devanshbansal/Desktop/ser/dataset/Audio_Speech_Actors_01-24/Actor_22/03-01-08-01-01-01-22.wav,03-01-08-01-01-01-22.wav,surprised,08,22,female,normal,1,Kids are talking by the door,1,speech,audio_only,48000,3.536875,0.101287841796875,0.011780697852373123,False,False,False,False,False,clean
/Users/devanshbansal/Desktop/ser/dataset/Audio_Speech_Actors_01-24/Actor_22/03-01-08-01-01-02-22.wav,03-01-08-01-01-02-22.wav,surprised,08,22,female,normal,1,Kids are talking by the door,2,speech,audio_only,48000,3.5702291666666666,0.142791748046875,0.013557497411966324,False,False,False,False,False,clean
/Users/devanshbansal/Desktop/ser/dataset/Audio_Speech_Actors_01-24/Actor_22/03-01-08-01-02-01-22.wav,03-01-08-01-02-01-22.wav,surprised,08,22,female,normal,2,Dogs are sitting by the door,1,speech,audio_only,48000,3.4367708333333336,0.13494873046875,0.013197790831327438,False,False,False,False,False,clean
/Users/devanshbansal/Desktop/ser/dataset/Audio_Speech_Actors_01-24/Actor_22/03-01-08-01-02-02-22.wav,03-01-08-01-02-02-22.wav,surprised,08,22,female,normal,2,Dogs are sitting by the door,2,speech,audio_only,48000,3.6036041666666665,0.154693603515625,0.01666009984910488,False,False,False,False,False,clean
/Users/devanshbansal/Desktop/ser/dataset/Audio_Speech_Actors_01-24/Actor_22/03-01-08-02-01-01-22.wav,03-01-08-02-01-01-22.wav,surprised,08,22,female,strong,1,Kids are talking by the door,1,speech,audio_only,48000,3.5702291666666666,0.097900390625,0.013595067895948887,False,False,False,False,False,clean
/Users/devanshbansal/Desktop/ser/dataset/Audio_Speech_Actors_01-24/Actor_22/03-01-08-02-01-02-22.wav,03-01-08-02-01-02-22.wav,surprised,08,22,female,strong,1,Kids are talking by the door,2,speech,audio_only,48000,3.7370833333333335,0.198211669921875,0.01840800605714321,False,False,False,False,False,clean
/Users/devanshbansal/Desktop/ser/dataset/Audio_Speech_Actors_01-24/Actor_22/03-01-08-02-02-01-22.wav,03-01-08-02-02-01-22.wav,surprised,08,22,female,strong,2,Dogs are sitting by the door,1,speech,audio_only,48000,3.703708333333333,0.193695068359375,0.024378577247262,False,False,False,False,False,clean
/Users/devanshbansal/Desktop/ser/dataset/Audio_Speech_Actors_01-24/Actor_22/03-01-08-02-02-02-22.wav,03-01-08-02-02-02-22.wav,surprised,08,22,female,strong,2,Dogs are sitting by the door,2,speech,audio_only,48000,3.6369583333333333,0.17645263671875,0.019494501873850822,False,False,False,False,False,clean
/Users/devanshbansal/Desktop/ser/dataset/Audio_Speech_Actors_01-24/Actor_23/03-01-01-01-01-01-23.wav,03-01-01-01-01-01-23.wav,calm,01,23,male,normal,1,Kids are talking by the door,1,speech,audio_only,48000,3.8037916666666667,0.0838623046875,0.00806159246712923,False,False,False,False,False,clean
/Users/devanshbansal/Desktop/ser/dataset/Audio_Speech_Actors_01-24/Actor_23/03-01-01-01-01-02-23.wav,03-01-01-01-01-02-23.wav,calm,01,23,male,normal,1,Kids are talking by the door,2,speech,audio_only,48000,3.7370625,0.08941650390625,0.009281269274652004,False,False,False,False,False,clean
/Users/devanshbansal/Desktop/ser/dataset/Audio_Speech_Actors_01-24/Actor_23/03-01-01-01-02-01-23.wav,03-01-01-01-02-01-23.wav,calm,01,23,male,normal,2,Dogs are sitting by the door,1,speech,audio_only,48000,3.6703333333333332,0.11328125,0.01005403883755207,False,False,False,False,False,clean
/Users/devanshbansal/Desktop/ser/dataset/Audio_Speech_Actors_01-24/Actor_23/03-01-01-01-02-02-23.wav,03-01-01-01-02-02-23.wav,calm,01,23,male,normal,2,Dogs are sitting by the door,2,speech,audio_only,48000,3.8371666666666666,0.10302734375,0.010001404210925102,False,False,False,False,False,clean
/Users/devanshbansal/Desktop/ser/dataset/Audio_Speech_Actors_01-24/Actor_23/03-01-02-01-01-01-23.wav,03-01-02-01-01-01-23.wav,calm,02,23,male,normal,1,Kids are talking by the door,1,speech,audio_only,48000,3.970625,0.05255126953125,0.004734475165605545,False,False,False,False,False,clean
/Users/devanshbansal/Desktop/ser/dataset/Audio_Speech_Actors_01-24/Actor_23/03-01-02-01-01-02-23.wav,03-01-02-01-01-02-23.wav,calm,02,23,male,normal,1,Kids are talking by the door,2,speech,audio_only,48000,4.070729166666666,0.035430908203125,0.004370597656816244,False,False,False,False,False,clean
/Users/devanshbansal/Desktop/ser/dataset/Audio_Speech_Actors_01-24/Actor_23/03-01-02-01-02-01-23.wav,03-01-02-01-02-01-23.wav,calm,02,23,male,normal,2,Dogs are sitting by the door,1,speech,audio_only,48000,4.170833333333333,0.08404541015625,0.006835537496954203,False,False,False,False,False,clean
/Users/devanshbansal/Desktop/ser/dataset/Audio_Speech_Actors_01-24/Actor_23/03-01-02-01-02-02-23.wav,03-01-02-01-02-02-23.wav,calm,02,23,male,normal,2,Dogs are sitting by the door,2,speech,audio_only,48000,4.004,0.066253662109375,0.005902220495045185,False,False,False,False,False,clean
/Users/devanshbansal/Desktop/ser/dataset/Audio_Speech_Actors_01-24/Actor_23/03-01-02-02-01-01-23.wav,03-01-02-02-01-01-23.wav,calm,02,23,male,strong,1,Kids are talking by the door,1,speech,audio_only,48000,4.604604166666666,0.052398681640625,0.0052596996538341045,False,False,False,False,False,clean
/Users/devanshbansal/Desktop/ser/dataset/Audio_Speech_Actors_01-24/Actor_23/03-01-02-02-01-02-23.wav,03-01-02-02-01-02-23.wav,calm,02,23,male,strong,1,Kids are talking by the door,2,speech,audio_only,48000,4.604583333333333,0.041046142578125,0.0047177523374557495,False,False,False,False,False,clean
/Users/devanshbansal/Desktop/ser/dataset/Audio_Speech_Actors_01-24/Actor_23/03-01-02-02-02-01-23.wav,03-01-02-02-02-01-23.wav,calm,02,23,male,strong,2,Dogs are sitting by the door,1,speech,audio_only,48000,4.104104166666667,0.049163818359375,0.005154384300112724,False,False,False,False,False,clean
/Users/devanshbansal/Desktop/ser/dataset/Audio_Speech_Actors_01-24/Actor_23/03-01-02-02-02-02-23.wav,03-01-02-02-02-02-23.wav,calm,02,23,male,strong,2,Dogs are sitting by the door,2,speech,audio_only,48000,4.571229166666667,0.089447021484375,0.0068609039299190044,False,False,False,False,False,clean
/Users/devanshbansal/Desktop/ser/dataset/Audio_Speech_Actors_01-24/Actor_23/03-01-03-01-01-01-23.wav,03-01-03-01-01-01-23.wav,happy,03,23,male,normal,1,Kids are talking by the door,1,speech,audio_only,48000,3.3366666666666664,0.077117919921875,0.00965806469321251,False,False,False,False,False,clean
/Users/devanshbansal/Desktop/ser/dataset/Audio_Speech_Actors_01-24/Actor_23/03-01-03-01-01-02-23.wav,03-01-03-01-01-02-23.wav,happy,03,23,male,normal,1,Kids are talking by the door,2,speech,audio_only,48000,3.2699375,0.136810302734375,0.015488010831177235,False,False,False,False,False,clean
/Users/devanshbansal/Desktop/ser/dataset/Audio_Speech_Actors_01-24/Actor_23/03-01-03-01-02-01-23.wav,03-01-03-01-02-01-23.wav,happy,03,23,male,normal,2,Dogs are sitting by the door,1,speech,audio_only,48000,3.2365625,0.1011962890625,0.011668411083519459,False,False,False,False,False,clean
/Users/devanshbansal/Desktop/ser/dataset/Audio_Speech_Actors_01-24/Actor_23/03-01-03-01-02-02-23.wav,03-01-03-01-02-02-23.wav,happy,03,23,male,normal,2,Dogs are sitting by the door,2,speech,audio_only,48000,3.2699375,0.09588623046875,0.011195317842066288,False,False,False,False,False,clean
/Users/devanshbansal/Desktop/ser/dataset/Audio_Speech_Actors_01-24/Actor_23/03-01-03-02-01-01-23.wav,03-01-03-02-01-01-23.wav,happy,03,23,male,strong,1,Kids are talking by the door,1,speech,audio_only,48000,3.2365833333333334,0.275360107421875,0.03250332549214363,False,False,False,False,False,clean
/Users/devanshbansal/Desktop/ser/dataset/Audio_Speech_Actors_01-24/Actor_23/03-01-03-02-01-02-23.wav,03-01-03-02-01-02-23.wav,happy,03,23,male,strong,1,Kids are talking by the door,2,speech,audio_only,48000,3.2031875,0.31610107421875,0.03420502319931984,False,False,False,False,False,clean
/Users/devanshbansal/Desktop/ser/dataset/Audio_Speech_Actors_01-24/Actor_23/03-01-03-02-02-01-23.wav,03-01-03-02-02-01-23.wav,happy,03,23,male,strong,2,Dogs are sitting by the door,1,speech,audio_only,48000,3.2365625,0.247772216796875,0.030774742364883423,False,False,False,False,False,clean
/Users/devanshbansal/Desktop/ser/dataset/Audio_Speech_Actors_01-24/Actor_23/03-01-03-02-02-02-23.wav,03-01-03-02-02-02-23.wav,happy,03,23,male,strong,2,Dogs are sitting by the door,2,speech,audio_only,48000,3.2365625,0.25286865234375,0.025990614667534828,False,False,False,False,False,clean
/Users/devanshbansal/Desktop/ser/dataset/Audio_Speech_Actors_01-24/Actor_23/03-01-04-01-01-01-23.wav,03-01-04-01-01-01-23.wav,sad,04,23,male,normal,1,Kids are talking by the door,1,speech,audio_only,48000,3.6036041666666665,0.049072265625,0.0046150353737175465,False,False,False,False,False,clean
/Users/devanshbansal/Desktop/ser/dataset/Audio_Speech_Actors_01-24/Actor_23/03-01-04-01-01-02-23.wav,03-01-04-01-01-02-23.wav,sad,04,23,male,normal,1,Kids are talking by the door,2,speech,audio_only,48000,3.8705416666666665,0.062835693359375,0.00515547813847661,False,False,False,False,False,clean
/Users/devanshbansal/Desktop/ser/dataset/Audio_Speech_Actors_01-24/Actor_23/03-01-04-01-02-01-23.wav,03-01-04-01-02-01-23.wav,sad,04,23,male,normal,2,Dogs are sitting by the door,1,speech,audio_only,48000,3.5702291666666666,0.0687255859375,0.006803267635405064,False,False,False,False,False,clean
/Users/devanshbansal/Desktop/ser/dataset/Audio_Speech_Actors_01-24/Actor_23/03-01-04-01-02-02-23.wav,03-01-04-01-02-02-23.wav,sad,04,23,male,normal,2,Dogs are sitting by the door,2,speech,audio_only,48000,3.6703333333333332,0.055023193359375,0.007014928385615349,False,False,False,False,False,clean
/Users/devanshbansal/Desktop/ser/dataset/Audio_Speech_Actors_01-24/Actor_23/03-01-04-02-01-01-23.wav,03-01-04-02-01-01-23.wav,sad,04,23,male,strong,1,Kids are talking by the door,1,speech,audio_only,48000,4.2709375,0.08111572265625,0.01004271674901247,False,False,False,False,False,clean
/Users/devanshbansal/Desktop/ser/dataset/Audio_Speech_Actors_01-24/Actor_23/03-01-04-02-01-02-23.wav,03-01-04-02-01-02-23.wav,sad,04,23,male,strong,1,Kids are talking by the door,2,speech,audio_only,48000,4.371020833333334,0.101715087890625,0.007839689962565899,False,False,False,False,False,clean
/Users/devanshbansal/Desktop/ser/dataset/Audio_Speech_Actors_01-24/Actor_23/03-01-04-02-02-01-23.wav,03-01-04-02-02-01-23.wav,sad,04,23,male,strong,2,Dogs are sitting by the door,1,speech,audio_only,48000,3.9372708333333333,0.05645751953125,0.006865798961371183,False,False,False,False,False,clean
/Users/devanshbansal/Desktop/ser/dataset/Audio_Speech_Actors_01-24/Actor_23/03-01-04-02-02-02-23.wav,03-01-04-02-02-02-23.wav,sad,04,23,male,strong,2,Dogs are sitting by the door,2,speech,audio_only,48000,4.7380625,0.06060791015625,0.00764917116612196,False,False,False,False,False,clean
/Users/devanshbansal/Desktop/ser/dataset/Audio_Speech_Actors_01-24/Actor_23/03-01-05-01-01-01-23.wav,03-01-05-01-01-01-23.wav,angry,05,23,male,normal,1,Kids are talking by the door,1,speech,audio_only,48000,3.3033125,0.26129150390625,0.02419174462556839,False,False,False,False,False,clean
/Users/devanshbansal/Desktop/ser/dataset/Audio_Speech_Actors_01-24/Actor_23/03-01-05-01-01-02-23.wav,03-01-05-01-01-02-23.wav,angry,05,23,male,normal,1,Kids are talking by the door,2,speech,audio_only,48000,3.3033125,0.272796630859375,0.025049755349755287,False,False,False,False,False,clean
/Users/devanshbansal/Desktop/ser/dataset/Audio_Speech_Actors_01-24/Actor_23/03-01-05-01-02-01-23.wav,03-01-05-01-02-01-23.wav,angry,05,23,male,normal,2,Dogs are sitting by the door,1,speech,audio_only,48000,3.2699375,0.229156494140625,0.023534175008535385,False,False,False,False,False,clean
/Users/devanshbansal/Desktop/ser/dataset/Audio_Speech_Actors_01-24/Actor_23/03-01-05-01-02-02-23.wav,03-01-05-01-02-02-23.wav,angry,05,23,male,normal,2,Dogs are sitting by the door,2,speech,audio_only,48000,3.3366666666666664,0.187255859375,0.02253631502389908,False,False,False,False,False,clean
/Users/devanshbansal/Desktop/ser/dataset/Audio_Speech_Actors_01-24/Actor_23/03-01-05-02-01-01-23.wav,03-01-05-02-01-01-23.wav,angry,05,23,male,strong,1,Kids are talking by the door,1,speech,audio_only,48000,3.403395833333333,0.496734619140625,0.0695762187242508,False,False,False,False,False,clean
/Users/devanshbansal/Desktop/ser/dataset/Audio_Speech_Actors_01-24/Actor_23/03-01-05-02-01-02-23.wav,03-01-05-02-01-02-23.wav,angry,05,23,male,strong,1,Kids are talking by the door,2,speech,audio_only,48000,3.3366666666666664,0.787872314453125,0.0690656527876854,False,False,False,False,False,clean
/Users/devanshbansal/Desktop/ser/dataset/Audio_Speech_Actors_01-24/Actor_23/03-01-05-02-02-01-23.wav,03-01-05-02-02-01-23.wav,angry,05,23,male,strong,2,Dogs are sitting by the door,1,speech,audio_only,48000,3.2365625,0.998809814453125,0.09409699589014053,False,False,True,False,False,clipped
/Users/devanshbansal/Desktop/ser/dataset/Audio_Speech_Actors_01-24/Actor_23/03-01-05-02-02-02-23.wav,03-01-05-02-02-02-23.wav,angry,05,23,male,strong,2,Dogs are sitting by the door,2,speech,audio_only,48000,3.3032916666666665,0.97412109375,0.08133990317583084,False,False,False,False,False,clean
/Users/devanshbansal/Desktop/ser/dataset/Audio_Speech_Actors_01-24/Actor_23/03-01-06-01-01-01-23.wav,03-01-06-01-01-01-23.wav,fearful,06,23,male,normal,1,Kids are talking by the door,1,speech,audio_only,48000,3.4367708333333336,0.092559814453125,0.009693826548755169,False,False,False,False,False,clean
/Users/devanshbansal/Desktop/ser/dataset/Audio_Speech_Actors_01-24/Actor_23/03-01-06-01-01-02-23.wav,03-01-06-01-01-02-23.wav,fearful,06,23,male,normal,1,Kids are talking by the door,2,speech,audio_only,48000,3.2365625,0.071685791015625,0.005598577205091715,False,False,False,False,False,clean
/Users/devanshbansal/Desktop/ser/dataset/Audio_Speech_Actors_01-24/Actor_23/03-01-06-01-02-01-23.wav,03-01-06-01-02-01-23.wav,fearful,06,23,male,normal,2,Dogs are sitting by the door,1,speech,audio_only,48000,3.136458333333333,0.093109130859375,0.008282236754894257,False,False,False,False,False,clean
/Users/devanshbansal/Desktop/ser/dataset/Audio_Speech_Actors_01-24/Actor_23/03-01-06-01-02-02-23.wav,03-01-06-01-02-02-23.wav,fearful,06,23,male,normal,2,Dogs are sitting by the door,2,speech,audio_only,48000,3.1031041666666668,0.072662353515625,0.007066662888973951,False,False,False,False,False,clean
/Users/devanshbansal/Desktop/ser/dataset/Audio_Speech_Actors_01-24/Actor_23/03-01-06-02-01-01-23.wav,03-01-06-02-01-01-23.wav,fearful,06,23,male,strong,1,Kids are talking by the door,1,speech,audio_only,48000,3.5702291666666666,0.150909423828125,0.01992177776992321,False,False,False,False,False,clean
/Users/devanshbansal/Desktop/ser/dataset/Audio_Speech_Actors_01-24/Actor_23/03-01-06-02-01-02-23.wav,03-01-06-02-01-02-23.wav,fearful,06,23,male,strong,1,Kids are talking by the door,2,speech,audio_only,48000,3.4367708333333336,0.145172119140625,0.019199250265955925,False,False,False,False,False,clean
/Users/devanshbansal/Desktop/ser/dataset/Audio_Speech_Actors_01-24/Actor_23/03-01-06-02-02-01-23.wav,03-01-06-02-02-01-23.wav,fearful,06,23,male,strong,2,Dogs are sitting by the door,1,speech,audio_only,48000,3.57025,0.233856201171875,0.027865907177329063,False,False,False,False,False,clean
/Users/devanshbansal/Desktop/ser/dataset/Audio_Speech_Actors_01-24/Actor_23/03-01-06-02-02-02-23.wav,03-01-06-02-02-02-23.wav,fearful,06,23,male,strong,2,Dogs are sitting by the door,2,speech,audio_only,48000,3.536875,0.175201416015625,0.020648609846830368,False,False,False,False,False,clean
/Users/devanshbansal/Desktop/ser/dataset/Audio_Speech_Actors_01-24/Actor_23/03-01-07-01-01-01-23.wav,03-01-07-01-01-01-23.wav,disgust,07,23,male,normal,1,Kids are talking by the door,1,speech,audio_only,48000,3.5702291666666666,0.12322998046875,0.006494988687336445,False,False,False,False,False,clean
/Users/devanshbansal/Desktop/ser/dataset/Audio_Speech_Actors_01-24/Actor_23/03-01-07-01-01-02-23.wav,03-01-07-01-01-02-23.wav,disgust,07,23,male,normal,1,Kids are talking by the door,2,speech,audio_only,48000,3.5702291666666666,0.06365966796875,0.0058979252353310585,False,False,False,False,False,clean
/Users/devanshbansal/Desktop/ser/dataset/Audio_Speech_Actors_01-24/Actor_23/03-01-07-01-02-01-23.wav,03-01-07-01-02-01-23.wav,disgust,07,23,male,normal,2,Dogs are sitting by the door,1,speech,audio_only,48000,3.470125,0.069305419921875,0.005764303728938103,False,False,False,False,False,clean
/Users/devanshbansal/Desktop/ser/dataset/Audio_Speech_Actors_01-24/Actor_23/03-01-07-01-02-02-23.wav,03-01-07-01-02-02-23.wav,disgust,07,23,male,normal,2,Dogs are sitting by the door,2,speech,audio_only,48000,3.3366666666666664,0.058441162109375,0.006465485785156488,False,False,False,False,False,clean
/Users/devanshbansal/Desktop/ser/dataset/Audio_Speech_Actors_01-24/Actor_23/03-01-07-02-01-01-23.wav,03-01-07-02-01-01-23.wav,disgust,07,23,male,strong,1,Kids are talking by the door,1,speech,audio_only,48000,4.070729166666666,0.224273681640625,0.01521260291337967,False,False,False,False,False,clean
/Users/devanshbansal/Desktop/ser/dataset/Audio_Speech_Actors_01-24/Actor_23/03-01-07-02-01-02-23.wav,03-01-07-02-01-02-23.wav,disgust,07,23,male,strong,1,Kids are talking by the door,2,speech,audio_only,48000,3.8705208333333334,0.132049560546875,0.012425694614648819,False,False,False,False,False,clean
/Users/devanshbansal/Desktop/ser/dataset/Audio_Speech_Actors_01-24/Actor_23/03-01-07-02-02-01-23.wav,03-01-07-02-02-01-23.wav,disgust,07,23,male,strong,2,Dogs are sitting by the door,1,speech,audio_only,48000,3.7370625,0.1282958984375,0.01465819776058197,False,False,False,False,False,clean
/Users/devanshbansal/Desktop/ser/dataset/Audio_Speech_Actors_01-24/Actor_23/03-01-07-02-02-02-23.wav,03-01-07-02-02-02-23.wav,disgust,07,23,male,strong,2,Dogs are sitting by the door,2,speech,audio_only,48000,3.8705208333333334,0.1275634765625,0.013070352375507355,False,False,False,False,False,clean
/Users/devanshbansal/Desktop/ser/dataset/Audio_Speech_Actors_01-24/Actor_23/03-01-08-01-01-01-23.wav,03-01-08-01-01-01-23.wav,surprised,08,23,male,normal,1,Kids are talking by the door,1,speech,audio_only,48000,3.2699375,0.171173095703125,0.01928960531949997,False,False,False,False,False,clean
/Users/devanshbansal/Desktop/ser/dataset/Audio_Speech_Actors_01-24/Actor_23/03-01-08-01-01-02-23.wav,03-01-08-01-01-02-23.wav,surprised,08,23,male,normal,1,Kids are talking by the door,2,speech,audio_only,48000,3.2365625,0.1400146484375,0.017717257142066956,False,False,False,False,False,clean
/Users/devanshbansal/Desktop/ser/dataset/Audio_Speech_Actors_01-24/Actor_23/03-01-08-01-02-01-23.wav,03-01-08-01-02-01-23.wav,surprised,08,23,male,normal,2,Dogs are sitting by the door,1,speech,audio_only,48000,3.3032916666666665,0.21710205078125,0.02290043979883194,False,False,False,False,False,clean
/Users/devanshbansal/Desktop/ser/dataset/Audio_Speech_Actors_01-24/Actor_23/03-01-08-01-02-02-23.wav,03-01-08-01-02-02-23.wav,surprised,08,23,male,normal,2,Dogs are sitting by the door,2,speech,audio_only,48000,3.3033125,0.227752685546875,0.02377621829509735,False,False,False,False,False,clean
/Users/devanshbansal/Desktop/ser/dataset/Audio_Speech_Actors_01-24/Actor_23/03-01-08-02-01-01-23.wav,03-01-08-02-01-01-23.wav,surprised,08,23,male,strong,1,Kids are talking by the door,1,speech,audio_only,48000,3.5035,0.218017578125,0.025195647031068802,False,False,False,False,False,clean
/Users/devanshbansal/Desktop/ser/dataset/Audio_Speech_Actors_01-24/Actor_23/03-01-08-02-01-02-23.wav,03-01-08-02-01-02-23.wav,surprised,08,23,male,strong,1,Kids are talking by the door,2,speech,audio_only,48000,3.3700208333333332,0.20941162109375,0.028121553361415863,False,False,False,False,False,clean
/Users/devanshbansal/Desktop/ser/dataset/Audio_Speech_Actors_01-24/Actor_23/03-01-08-02-02-01-23.wav,03-01-08-02-02-01-23.wav,surprised,08,23,male,strong,2,Dogs are sitting by the door,1,speech,audio_only,48000,3.3366666666666664,0.3939208984375,0.034459084272384644,False,False,False,False,False,clean
/Users/devanshbansal/Desktop/ser/dataset/Audio_Speech_Actors_01-24/Actor_23/03-01-08-02-02-02-23.wav,03-01-08-02-02-02-23.wav,surprised,08,23,male,strong,2,Dogs are sitting by the door,2,speech,audio_only,48000,3.3032916666666665,0.23687744140625,0.02797609567642212,False,False,False,False,False,clean
/Users/devanshbansal/Desktop/ser/dataset/Audio_Speech_Actors_01-24/Actor_24/03-01-01-01-01-01-24.wav,03-01-01-01-01-01-24.wav,calm,01,24,female,normal,1,Kids are talking by the door,1,speech,audio_only,48000,3.703708333333333,0.03533935546875,0.004300964064896107,False,False,False,False,False,clean
/Users/devanshbansal/Desktop/ser/dataset/Audio_Speech_Actors_01-24/Actor_24/03-01-01-01-01-02-24.wav,03-01-01-01-01-02-24.wav,calm,01,24,female,normal,1,Kids are talking by the door,2,speech,audio_only,48000,3.6369583333333333,0.040557861328125,0.0040010567754507065,False,False,False,False,False,clean
/Users/devanshbansal/Desktop/ser/dataset/Audio_Speech_Actors_01-24/Actor_24/03-01-01-01-02-01-24.wav,03-01-01-01-02-01-24.wav,calm,01,24,female,normal,2,Dogs are sitting by the door,1,speech,audio_only,48000,3.636979166666667,0.05517578125,0.004861332476139069,False,False,False,False,False,clean
/Users/devanshbansal/Desktop/ser/dataset/Audio_Speech_Actors_01-24/Actor_24/03-01-01-01-02-02-24.wav,03-01-01-01-02-02-24.wav,calm,01,24,female,normal,2,Dogs are sitting by the door,2,speech,audio_only,48000,3.6036041666666665,0.06085205078125,0.006039009895175695,False,False,False,False,False,clean
/Users/devanshbansal/Desktop/ser/dataset/Audio_Speech_Actors_01-24/Actor_24/03-01-02-01-01-01-24.wav,03-01-02-01-01-01-24.wav,calm,02,24,female,normal,1,Kids are talking by the door,1,speech,audio_only,48000,3.5702291666666666,0.02166748046875,0.0023181382566690445,False,False,False,False,False,clean
/Users/devanshbansal/Desktop/ser/dataset/Audio_Speech_Actors_01-24/Actor_24/03-01-02-01-01-02-24.wav,03-01-02-01-01-02-24.wav,calm,02,24,female,normal,1,Kids are talking by the door,2,speech,audio_only,48000,3.5035,0.0179443359375,0.002392847090959549,False,False,False,False,False,clean
/Users/devanshbansal/Desktop/ser/dataset/Audio_Speech_Actors_01-24/Actor_24/03-01-02-01-02-01-24.wav,03-01-02-01-02-01-24.wav,calm,02,24,female,normal,2,Dogs are sitting by the door,1,speech,audio_only,48000,3.8705416666666665,0.02264404296875,0.0024665340315550566,False,False,False,False,False,clean
/Users/devanshbansal/Desktop/ser/dataset/Audio_Speech_Actors_01-24/Actor_24/03-01-02-01-02-02-24.wav,03-01-02-01-02-02-24.wav,calm,02,24,female,normal,2,Dogs are sitting by the door,2,speech,audio_only,48000,3.7036875,0.03521728515625,0.003985228948295116,False,False,False,False,False,clean
/Users/devanshbansal/Desktop/ser/dataset/Audio_Speech_Actors_01-24/Actor_24/03-01-02-02-01-01-24.wav,03-01-02-02-01-01-24.wav,calm,02,24,female,strong,1,Kids are talking by the door,1,speech,audio_only,48000,4.104104166666667,0.040863037109375,0.004525416065007448,False,False,False,False,False,clean
/Users/devanshbansal/Desktop/ser/dataset/Audio_Speech_Actors_01-24/Actor_24/03-01-02-02-01-02-24.wav,03-01-02-02-01-02-24.wav,calm,02,24,female,strong,1,Kids are talking by the door,2,speech,audio_only,48000,4.070729166666666,0.02471923828125,0.002937158104032278,False,False,False,False,False,clean
/Users/devanshbansal/Desktop/ser/dataset/Audio_Speech_Actors_01-24/Actor_24/03-01-02-02-02-01-24.wav,03-01-02-02-02-01-24.wav,calm,02,24,female,strong,2,Dogs are sitting by the door,1,speech,audio_only,48000,4.037375,0.03131103515625,0.0032437858171761036,False,False,False,False,False,clean
/Users/devanshbansal/Desktop/ser/dataset/Audio_Speech_Actors_01-24/Actor_24/03-01-02-02-02-02-24.wav,03-01-02-02-02-02-24.wav,calm,02,24,female,strong,2,Dogs are sitting by the door,2,speech,audio_only,48000,4.104104166666667,0.029388427734375,0.0036330276634544134,False,False,False,False,False,clean
/Users/devanshbansal/Desktop/ser/dataset/Audio_Speech_Actors_01-24/Actor_24/03-01-03-01-01-01-24.wav,03-01-03-01-01-01-24.wav,happy,03,24,female,normal,1,Kids are talking by the door,1,speech,audio_only,48000,3.6036041666666665,0.059967041015625,0.005893429275602102,False,False,False,False,False,clean
/Users/devanshbansal/Desktop/ser/dataset/Audio_Speech_Actors_01-24/Actor_24/03-01-03-01-01-02-24.wav,03-01-03-01-01-02-24.wav,happy,03,24,female,normal,1,Kids are talking by the door,2,speech,audio_only,48000,3.9038958333333333,0.0496826171875,0.005625980906188488,False,False,False,False,False,clean
/Users/devanshbansal/Desktop/ser/dataset/Audio_Speech_Actors_01-24/Actor_24/03-01-03-01-02-01-24.wav,03-01-03-01-02-01-24.wav,happy,03,24,female,normal,2,Dogs are sitting by the door,1,speech,audio_only,48000,3.5035,0.072601318359375,0.0056226556189358234,False,False,False,False,False,clean
/Users/devanshbansal/Desktop/ser/dataset/Audio_Speech_Actors_01-24/Actor_24/03-01-03-01-02-02-24.wav,03-01-03-01-02-02-24.wav,happy,03,24,female,normal,2,Dogs are sitting by the door,2,speech,audio_only,48000,3.7370625,0.10797119140625,0.009710218757390976,False,False,False,False,False,clean
/Users/devanshbansal/Desktop/ser/dataset/Audio_Speech_Actors_01-24/Actor_24/03-01-03-02-01-01-24.wav,03-01-03-02-01-01-24.wav,happy,03,24,female,strong,1,Kids are talking by the door,1,speech,audio_only,48000,4.004,0.27813720703125,0.017540467903017998,False,False,False,False,False,clean
/Users/devanshbansal/Desktop/ser/dataset/Audio_Speech_Actors_01-24/Actor_24/03-01-03-02-01-02-24.wav,03-01-03-02-01-02-24.wav,happy,03,24,female,strong,1,Kids are talking by the door,2,speech,audio_only,48000,3.7704375,0.226806640625,0.018946539610624313,False,False,False,False,False,clean
/Users/devanshbansal/Desktop/ser/dataset/Audio_Speech_Actors_01-24/Actor_24/03-01-03-02-02-01-24.wav,03-01-03-02-02-01-24.wav,happy,03,24,female,strong,2,Dogs are sitting by the door,1,speech,audio_only,48000,3.8705416666666665,0.15875244140625,0.017764011397957802,False,False,False,False,False,clean
/Users/devanshbansal/Desktop/ser/dataset/Audio_Speech_Actors_01-24/Actor_24/03-01-03-02-02-02-24.wav,03-01-03-02-02-02-24.wav,happy,03,24,female,strong,2,Dogs are sitting by the door,2,speech,audio_only,48000,3.8705416666666665,0.270294189453125,0.029599452391266823,False,False,False,False,False,clean
/Users/devanshbansal/Desktop/ser/dataset/Audio_Speech_Actors_01-24/Actor_24/03-01-04-01-01-01-24.wav,03-01-04-01-01-01-24.wav,sad,04,24,female,normal,1,Kids are talking by the door,1,speech,audio_only,48000,4.104104166666667,0.037506103515625,0.0033712226431816816,False,False,False,False,False,clean
/Users/devanshbansal/Desktop/ser/dataset/Audio_Speech_Actors_01-24/Actor_24/03-01-04-01-01-02-24.wav,03-01-04-01-01-02-24.wav,sad,04,24,female,normal,1,Kids are talking by the door,2,speech,audio_only,48000,3.970625,0.020599365234375,0.0024527106434106827,False,False,False,False,False,clean
/Users/devanshbansal/Desktop/ser/dataset/Audio_Speech_Actors_01-24/Actor_24/03-01-04-01-02-01-24.wav,03-01-04-01-02-01-24.wav,sad,04,24,female,normal,2,Dogs are sitting by the door,1,speech,audio_only,48000,3.536875,0.059539794921875,0.005122562870383263,False,False,False,False,False,clean
/Users/devanshbansal/Desktop/ser/dataset/Audio_Speech_Actors_01-24/Actor_24/03-01-04-01-02-02-24.wav,03-01-04-01-02-02-24.wav,sad,04,24,female,normal,2,Dogs are sitting by the door,2,speech,audio_only,48000,3.8371666666666666,0.04345703125,0.0037458299193531275,False,False,False,False,False,clean
/Users/devanshbansal/Desktop/ser/dataset/Audio_Speech_Actors_01-24/Actor_24/03-01-04-02-01-01-24.wav,03-01-04-02-01-01-24.wav,sad,04,24,female,strong,1,Kids are talking by the door,1,speech,audio_only,48000,4.404395833333333,0.119293212890625,0.014179833233356476,False,False,False,False,False,clean
/Users/devanshbansal/Desktop/ser/dataset/Audio_Speech_Actors_01-24/Actor_24/03-01-04-02-01-02-24.wav,03-01-04-02-01-02-24.wav,sad,04,24,female,strong,1,Kids are talking by the door,2,speech,audio_only,48000,4.57125,0.1317138671875,0.009680227376520634,False,False,False,False,False,clean
/Users/devanshbansal/Desktop/ser/dataset/Audio_Speech_Actors_01-24/Actor_24/03-01-04-02-02-01-24.wav,03-01-04-02-02-01-24.wav,sad,04,24,female,strong,2,Dogs are sitting by the door,1,speech,audio_only,48000,4.204208333333334,0.121063232421875,0.010304619558155537,False,False,False,False,False,clean
/Users/devanshbansal/Desktop/ser/dataset/Audio_Speech_Actors_01-24/Actor_24/03-01-04-02-02-02-24.wav,03-01-04-02-02-02-24.wav,sad,04,24,female,strong,2,Dogs are sitting by the door,2,speech,audio_only,48000,4.671333333333333,0.050537109375,0.004579400178045034,False,False,False,False,False,clean
/Users/devanshbansal/Desktop/ser/dataset/Audio_Speech_Actors_01-24/Actor_24/03-01-05-01-01-01-24.wav,03-01-05-01-01-01-24.wav,angry,05,24,female,normal,1,Kids are talking by the door,1,speech,audio_only,48000,4.104104166666667,0.39202880859375,0.02554478868842125,False,False,False,False,False,clean
/Users/devanshbansal/Desktop/ser/dataset/Audio_Speech_Actors_01-24/Actor_24/03-01-05-01-01-02-24.wav,03-01-05-01-01-02-24.wav,angry,05,24,female,normal,1,Kids are talking by the door,2,speech,audio_only,48000,3.7370625,0.27947998046875,0.028441496193408966,False,False,False,False,False,clean
/Users/devanshbansal/Desktop/ser/dataset/Audio_Speech_Actors_01-24/Actor_24/03-01-05-01-02-01-24.wav,03-01-05-01-02-01-24.wav,angry,05,24,female,normal,2,Dogs are sitting by the door,1,speech,audio_only,48000,3.6703333333333332,0.27197265625,0.022827528417110443,False,False,False,False,False,clean
/Users/devanshbansal/Desktop/ser/dataset/Audio_Speech_Actors_01-24/Actor_24/03-01-05-01-02-02-24.wav,03-01-05-01-02-02-24.wav,angry,05,24,female,normal,2,Dogs are sitting by the door,2,speech,audio_only,48000,4.2041875,0.240081787109375,0.02854294888675213,False,False,False,False,False,clean
/Users/devanshbansal/Desktop/ser/dataset/Audio_Speech_Actors_01-24/Actor_24/03-01-05-02-01-01-24.wav,03-01-05-02-01-01-24.wav,angry,05,24,female,strong,1,Kids are talking by the door,1,speech,audio_only,48000,4.371041666666667,0.49090576171875,0.05468672141432762,False,False,False,False,False,clean
/Users/devanshbansal/Desktop/ser/dataset/Audio_Speech_Actors_01-24/Actor_24/03-01-05-02-01-02-24.wav,03-01-05-02-01-02-24.wav,angry,05,24,female,strong,1,Kids are talking by the door,2,speech,audio_only,48000,4.371041666666667,0.432891845703125,0.04120068997144699,False,False,False,False,False,clean
/Users/devanshbansal/Desktop/ser/dataset/Audio_Speech_Actors_01-24/Actor_24/03-01-05-02-02-01-24.wav,03-01-05-02-02-01-24.wav,angry,05,24,female,strong,2,Dogs are sitting by the door,1,speech,audio_only,48000,4.170833333333333,0.274566650390625,0.02933664061129093,False,False,False,False,False,clean
/Users/devanshbansal/Desktop/ser/dataset/Audio_Speech_Actors_01-24/Actor_24/03-01-05-02-02-02-24.wav,03-01-05-02-02-02-24.wav,angry,05,24,female,strong,2,Dogs are sitting by the door,2,speech,audio_only,48000,5.105104166666667,0.342926025390625,0.03331945091485977,False,False,False,False,False,clean
/Users/devanshbansal/Desktop/ser/dataset/Audio_Speech_Actors_01-24/Actor_24/03-01-06-01-01-01-24.wav,03-01-06-01-01-01-24.wav,fearful,06,24,female,normal,1,Kids are talking by the door,1,speech,audio_only,48000,4.104104166666667,0.211395263671875,0.022214915603399277,False,False,False,False,False,clean
/Users/devanshbansal/Desktop/ser/dataset/Audio_Speech_Actors_01-24/Actor_24/03-01-06-01-01-02-24.wav,03-01-06-01-01-02-24.wav,fearful,06,24,female,normal,1,Kids are talking by the door,2,speech,audio_only,48000,4.070729166666666,0.160186767578125,0.018892815336585045,False,False,False,False,False,clean
/Users/devanshbansal/Desktop/ser/dataset/Audio_Speech_Actors_01-24/Actor_24/03-01-06-01-02-01-24.wav,03-01-06-01-02-01-24.wav,fearful,06,24,female,normal,2,Dogs are sitting by the door,1,speech,audio_only,48000,3.93725,0.291717529296875,0.021683748811483383,False,False,False,False,False,clean
/Users/devanshbansal/Desktop/ser/dataset/Audio_Speech_Actors_01-24/Actor_24/03-01-06-01-02-02-24.wav,03-01-06-01-02-02-24.wav,fearful,06,24,female,normal,2,Dogs are sitting by the door,2,speech,audio_only,48000,4.004,0.173675537109375,0.017572171986103058,False,False,False,False,False,clean
/Users/devanshbansal/Desktop/ser/dataset/Audio_Speech_Actors_01-24/Actor_24/03-01-06-02-01-01-24.wav,03-01-06-02-01-01-24.wav,fearful,06,24,female,strong,1,Kids are talking by the door,1,speech,audio_only,48000,3.8371666666666666,0.561431884765625,0.05965961515903473,False,False,False,False,False,clean
/Users/devanshbansal/Desktop/ser/dataset/Audio_Speech_Actors_01-24/Actor_24/03-01-06-02-01-02-24.wav,03-01-06-02-01-02-24.wav,fearful,06,24,female,strong,1,Kids are talking by the door,2,speech,audio_only,48000,4.070729166666666,0.304046630859375,0.034009892493486404,False,False,False,False,False,clean
/Users/devanshbansal/Desktop/ser/dataset/Audio_Speech_Actors_01-24/Actor_24/03-01-06-02-02-01-24.wav,03-01-06-02-02-01-24.wav,fearful,06,24,female,strong,2,Dogs are sitting by the door,1,speech,audio_only,48000,3.6035833333333334,0.470001220703125,0.058340031653642654,False,False,False,False,False,clean
/Users/devanshbansal/Desktop/ser/dataset/Audio_Speech_Actors_01-24/Actor_24/03-01-06-02-02-02-24.wav,03-01-06-02-02-02-24.wav,fearful,06,24,female,strong,2,Dogs are sitting by the door,2,speech,audio_only,48000,3.8371666666666666,0.461578369140625,0.07128666341304779,False,False,False,False,False,clean
/Users/devanshbansal/Desktop/ser/dataset/Audio_Speech_Actors_01-24/Actor_24/03-01-07-01-01-01-24.wav,03-01-07-01-01-01-24.wav,disgust,07,24,female,normal,1,Kids are talking by the door,1,speech,audio_only,48000,4.304291666666667,0.07415771484375,0.008534318767488003,False,False,False,False,False,clean
/Users/devanshbansal/Desktop/ser/dataset/Audio_Speech_Actors_01-24/Actor_24/03-01-07-01-01-02-24.wav,03-01-07-01-01-02-24.wav,disgust,07,24,female,normal,1,Kids are talking by the door,2,speech,audio_only,48000,4.104104166666667,0.1231689453125,0.009860455989837646,False,False,False,False,False,clean
/Users/devanshbansal/Desktop/ser/dataset/Audio_Speech_Actors_01-24/Actor_24/03-01-07-01-02-01-24.wav,03-01-07-01-02-01-24.wav,disgust,07,24,female,normal,2,Dogs are sitting by the door,1,speech,audio_only,48000,4.004,0.128753662109375,0.010291067883372307,False,False,False,False,False,clean
/Users/devanshbansal/Desktop/ser/dataset/Audio_Speech_Actors_01-24/Actor_24/03-01-07-01-02-02-24.wav,03-01-07-01-02-02-24.wav,disgust,07,24,female,normal,2,Dogs are sitting by the door,2,speech,audio_only,48000,4.070729166666666,0.144012451171875,0.011637786403298378,False,False,False,False,False,clean
/Users/devanshbansal/Desktop/ser/dataset/Audio_Speech_Actors_01-24/Actor_24/03-01-07-02-01-01-24.wav,03-01-07-02-01-01-24.wav,disgust,07,24,female,strong,1,Kids are talking by the door,1,speech,audio_only,48000,4.337666666666666,0.06622314453125,0.004960407502949238,False,False,False,False,False,clean
/Users/devanshbansal/Desktop/ser/dataset/Audio_Speech_Actors_01-24/Actor_24/03-01-07-02-01-02-24.wav,03-01-07-02-01-02-24.wav,disgust,07,24,female,strong,1,Kids are talking by the door,2,speech,audio_only,48000,4.637958333333334,0.171173095703125,0.019237320870161057,False,False,False,False,False,clean
/Users/devanshbansal/Desktop/ser/dataset/Audio_Speech_Actors_01-24/Actor_24/03-01-07-02-02-01-24.wav,03-01-07-02-02-01-24.wav,disgust,07,24,female,strong,2,Dogs are sitting by the door,1,speech,audio_only,48000,4.2375625,0.21600341796875,0.021992819383740425,False,False,False,False,False,clean
/Users/devanshbansal/Desktop/ser/dataset/Audio_Speech_Actors_01-24/Actor_24/03-01-07-02-02-02-24.wav,03-01-07-02-02-02-24.wav,disgust,07,24,female,strong,2,Dogs are sitting by the door,2,speech,audio_only,48000,4.437770833333333,0.154541015625,0.019261574372649193,False,False,False,False,False,clean
/Users/devanshbansal/Desktop/ser/dataset/Audio_Speech_Actors_01-24/Actor_24/03-01-08-01-01-01-24.wav,03-01-08-01-01-01-24.wav,surprised,08,24,female,normal,1,Kids are talking by the door,1,speech,audio_only,48000,3.3033125,0.045318603515625,0.004481883719563484,False,False,False,False,False,clean
/Users/devanshbansal/Desktop/ser/dataset/Audio_Speech_Actors_01-24/Actor_24/03-01-08-01-01-02-24.wav,03-01-08-01-01-02-24.wav,surprised,08,24,female,normal,1,Kids are talking by the door,2,speech,audio_only,48000,3.4701458333333335,0.127288818359375,0.013631979934871197,False,False,False,False,False,clean
/Users/devanshbansal/Desktop/ser/dataset/Audio_Speech_Actors_01-24/Actor_24/03-01-08-01-02-01-24.wav,03-01-08-01-02-01-24.wav,surprised,08,24,female,normal,2,Dogs are sitting by the door,1,speech,audio_only,48000,3.370041666666667,0.1051025390625,0.011027466505765915,False,False,False,False,False,clean
/Users/devanshbansal/Desktop/ser/dataset/Audio_Speech_Actors_01-24/Actor_24/03-01-08-01-02-02-24.wav,03-01-08-01-02-02-24.wav,surprised,08,24,female,normal,2,Dogs are sitting by the door,2,speech,audio_only,48000,3.403395833333333,0.1175537109375,0.013139316812157631,False,False,False,False,False,clean
/Users/devanshbansal/Desktop/ser/dataset/Audio_Speech_Actors_01-24/Actor_24/03-01-08-02-01-01-24.wav,03-01-08-02-01-01-24.wav,surprised,08,24,female,strong,1,Kids are talking by the door,1,speech,audio_only,48000,3.9372708333333333,0.248321533203125,0.020143887028098106,False,False,False,False,False,clean
/Users/devanshbansal/Desktop/ser/dataset/Audio_Speech_Actors_01-24/Actor_24/03-01-08-02-01-02-24.wav,03-01-08-02-01-02-24.wav,surprised,08,24,female,strong,1,Kids are talking by the door,2,speech,audio_only,48000,3.970625,0.159088134765625,0.016888242214918137,False,False,False,False,False,clean
/Users/devanshbansal/Desktop/ser/dataset/Audio_Speech_Actors_01-24/Actor_24/03-01-08-02-02-01-24.wav,03-01-08-02-02-01-24.wav,surprised,08,24,female,strong,2,Dogs are sitting by the door,1,speech,audio_only,48000,3.6703333333333332,0.26312255859375,0.02263323962688446,False,False,False,False,False,clean
/Users/devanshbansal/Desktop/ser/dataset/Audio_Speech_Actors_01-24/Actor_24/03-01-08-02-02-02-24.wav,03-01-08-02-02-02-24.wav,surprised,08,24,female,strong,2,Dogs are sitting by the door,2,speech,audio_only,48000,3.6369583333333333,0.237396240234375,0.021391775459051132,False,False,False,False,False,clean
